tool,experiment,folder,group,n_windows,n_stream,n_scored,n_refused,threshold,roc_auc,auc_refusal,first_anomaly_window,last_anomaly_window,n_pre,n_pre_fired,detected,delay_windows,n_post,n_post_fired,recovered,refusal
clock,anomaly-free__anomaly-free,anomaly-free,anomaly_free,167,164,164,0,2.0,,record carries one class only in its scored stream windows,,,164.0,164.0,,,,,,
clock,other__1,other,labelled,14,11,11,0,2.0,1.0,,9.0,13.0,6.0,6.0,True,0.0,0.0,0.0,,
clock,other__10,other,labelled,24,21,21,0,2.0,0.7,,10.0,20.0,7.0,7.0,True,0.0,3.0,3.0,False,
clock,other__11,other,labelled,21,18,18,0,2.0,0.7,,10.0,17.0,7.0,7.0,True,0.0,3.0,3.0,False,
clock,other__12,other,labelled,21,18,18,0,2.0,0.7,,10.0,17.0,7.0,7.0,True,0.0,3.0,3.0,False,
clock,other__13,other,labelled,19,16,16,0,2.0,0.6667,,9.0,15.0,6.0,6.0,True,0.0,3.0,3.0,False,
clock,other__14,other,labelled,16,13,13,0,2.0,1.0,,10.0,15.0,7.0,7.0,True,0.0,0.0,0.0,,
clock,other__2,other,labelled,18,15,15,0,2.0,0.2857,,5.0,12.0,2.0,2.0,True,0.0,5.0,5.0,False,
clock,other__3,other,labelled,20,17,17,0,2.0,0.6667,,9.0,16.0,6.0,6.0,True,0.0,3.0,3.0,False,
clock,other__4,other,labelled,21,18,18,0,2.0,1.0,,14.0,20.0,11.0,11.0,True,0.0,0.0,0.0,,
clock,other__5,other,labelled,21,18,18,0,2.0,0.7,,10.0,17.0,7.0,7.0,True,0.0,3.0,3.0,False,
clock,other__6,other,labelled,21,18,18,0,2.0,0.7,,10.0,17.0,7.0,7.0,True,0.0,3.0,3.0,False,
clock,other__7,other,labelled,20,17,17,0,2.0,0.7,,10.0,16.0,7.0,7.0,True,0.0,3.0,3.0,False,
clock,other__8,other,labelled,21,18,18,0,2.0,0.7,,10.0,17.0,7.0,7.0,True,0.0,3.0,3.0,False,
clock,other__9,other,labelled,20,17,17,0,2.0,0.6667,,9.0,16.0,6.0,6.0,True,0.0,3.0,3.0,False,
clock,valve1__0,valve1,labelled,20,17,17,0,2.0,0.7,,10.0,16.0,7.0,7.0,True,0.0,3.0,3.0,False,
clock,valve1__1,valve1,labelled,21,18,18,0,2.0,0.7,,10.0,17.0,7.0,7.0,True,0.0,3.0,3.0,False,
clock,valve1__10,valve1,labelled,20,17,17,0,2.0,0.7,,10.0,16.0,7.0,7.0,True,0.0,3.0,3.0,False,
clock,valve1__11,valve1,labelled,21,18,18,0,2.0,0.7,,10.0,17.0,7.0,7.0,True,0.0,3.0,3.0,False,
clock,valve1__12,valve1,labelled,21,18,18,0,2.0,0.7,,10.0,17.0,7.0,7.0,True,0.0,3.0,3.0,False,
clock,valve1__13,valve1,labelled,20,17,17,0,2.0,0.7,,10.0,16.0,7.0,7.0,True,0.0,3.0,3.0,False,
clock,valve1__14,valve1,labelled,20,17,17,0,2.0,0.7,,10.0,16.0,7.0,7.0,True,0.0,3.0,3.0,False,
clock,valve1__15,valve1,labelled,21,18,18,0,2.0,0.7,,10.0,17.0,7.0,7.0,True,0.0,3.0,3.0,False,
clock,valve1__2,valve1,labelled,20,17,17,0,2.0,0.7273,,11.0,16.0,8.0,8.0,True,0.0,3.0,3.0,False,
clock,valve1__3,valve1,labelled,21,18,18,0,2.0,0.7,,10.0,17.0,7.0,7.0,True,0.0,3.0,3.0,False,
clock,valve1__4,valve1,labelled,20,17,17,0,2.0,0.7,,10.0,16.0,7.0,7.0,True,0.0,3.0,3.0,False,
clock,valve1__5,valve1,labelled,20,17,17,0,2.0,0.7,,10.0,16.0,7.0,7.0,True,0.0,3.0,3.0,False,
clock,valve1__6,valve1,labelled,20,17,17,0,2.0,0.7778,,10.0,17.0,7.0,7.0,True,0.0,2.0,2.0,False,
clock,valve1__7,valve1,labelled,21,18,18,0,2.0,0.7,,10.0,17.0,7.0,7.0,True,0.0,3.0,3.0,False,
clock,valve1__8,valve1,labelled,20,17,17,0,2.0,0.6667,,9.0,16.0,6.0,6.0,True,0.0,3.0,3.0,False,
clock,valve1__9,valve1,labelled,21,18,18,0,2.0,0.7,,10.0,17.0,7.0,7.0,True,0.0,3.0,3.0,False,
clock,valve2__0,valve2,labelled,20,17,17,0,2.0,0.7,,10.0,16.0,7.0,7.0,True,0.0,3.0,3.0,False,
clock,valve2__1,valve2,labelled,21,18,18,0,2.0,0.5972,,10.0,16.0,7.0,7.0,True,0.0,4.0,4.0,False,
clock,valve2__2,valve2,labelled,20,17,17,0,2.0,0.7,,10.0,16.0,7.0,7.0,True,0.0,3.0,3.0,False,
clock,valve2__3,valve2,labelled,18,15,15,0,2.0,1.0,,10.0,17.0,7.0,7.0,True,0.0,0.0,0.0,,
mspc_spe,anomaly-free__anomaly-free,anomaly-free,anomaly_free,167,164,0,164,,,record carries one class only in its scored stream windows,,,,,,,,,,"baseline window refused: window 0: every stream window refused, so no fitted model scores the baseline; window 1: every stream window refused, so no fitted model scores the baseline; window 2: every stream window refused, so no fitted model scores the baseline"
mspc_spe,other__1,other,labelled,14,11,10,1,0.3221,1.0,,9.0,13.0,6.0,6.0,True,0.0,0.0,0.0,,
mspc_spe,other__10,other,labelled,24,21,0,21,,,no scored stream window,10.0,20.0,,,,,,,,"baseline window refused: window 0: the PCA keeps all 8 components, so SPE is 0 up to rounding and scores nothing; window 1: the PCA keeps all 8 components, so SPE is 0 up to rounding and scores nothing; window 2: the PCA keeps all 8 components, so SPE is 0 up to rounding and scores nothing"
mspc_spe,other__11,other,labelled,21,18,13,5,0.3921,1.0,,10.0,17.0,5.0,5.0,True,0.0,0.0,0.0,False,
mspc_spe,other__12,other,labelled,21,18,0,18,,,no scored stream window,10.0,17.0,,,,,,,,"baseline window refused: window 0: every stream window refused, so no fitted model scores the baseline; window 1: every stream window refused, so no fitted model scores the baseline; window 2: every stream window refused, so no fitted model scores the baseline"
mspc_spe,other__13,other,labelled,19,16,0,16,,,no scored stream window,9.0,15.0,,,,,,,,"baseline window refused: window 0: every stream window refused, so no fitted model scores the baseline; window 1: every stream window refused, so no fitted model scores the baseline; window 2: every stream window refused, so no fitted model scores the baseline"
mspc_spe,other__14,other,labelled,16,13,11,2,0.3052,1.0,,10.0,15.0,6.0,3.0,True,0.0,0.0,0.0,,
mspc_spe,other__2,other,labelled,18,15,0,15,,,no scored stream window,5.0,12.0,,,,,,,,"baseline window refused: window 0: every stream window refused, so no fitted model scores the baseline; window 1: every stream window refused, so no fitted model scores the baseline; window 2: every stream window refused, so no fitted model scores the baseline"
mspc_spe,other__3,other,labelled,20,17,0,17,,,no scored stream window,9.0,16.0,,,,,,,,"baseline window refused: window 0: the PCA keeps all 7 components, so SPE is 0 up to rounding and scores nothing; window 1: the PCA keeps all 7 components, so SPE is 0 up to rounding and scores nothing; window 2: the PCA keeps all 7 components, so SPE is 0 up to rounding and scores nothing"
mspc_spe,other__4,other,labelled,21,18,14,4,0.3889,0.9556,,14.0,20.0,9.0,9.0,True,1.0,0.0,0.0,,
mspc_spe,other__5,other,labelled,21,18,0,18,,,no scored stream window,10.0,17.0,,,,,,,,"baseline window refused: window 0: the PCA keeps all 7 components, so SPE is 0 up to rounding and scores nothing; window 1: the PCA keeps all 7 components, so SPE is 0 up to rounding and scores nothing; window 2: the PCA keeps all 7 components, so SPE is 0 up to rounding and scores nothing"
mspc_spe,other__6,other,labelled,21,18,17,1,0.3595,0.9306,,10.0,17.0,7.0,7.0,True,0.0,2.0,2.0,False,
mspc_spe,other__7,other,labelled,20,17,16,1,0.3929,0.9524,,10.0,16.0,7.0,6.0,True,0.0,2.0,2.0,False,
mspc_spe,other__8,other,labelled,21,18,17,1,0.4526,0.9167,,10.0,17.0,7.0,7.0,True,0.0,2.0,2.0,False,
mspc_spe,other__9,other,labelled,20,17,16,1,0.3301,0.9531,,9.0,16.0,6.0,6.0,True,0.0,2.0,2.0,False,
mspc_spe,valve1__0,valve1,labelled,20,17,0,17,,,no scored stream window,10.0,16.0,,,,,,,,"baseline window refused: window 0: the PCA keeps all 6 components, so SPE is 0 up to rounding and scores nothing; window 1: the PCA keeps all 6 components, so SPE is 0 up to rounding and scores nothing; window 2: the PCA keeps all 6 components, so SPE is 0 up to rounding and scores nothing"
mspc_spe,valve1__1,valve1,labelled,21,18,17,1,0.3521,0.6806,,10.0,17.0,7.0,7.0,True,0.0,2.0,2.0,False,
mspc_spe,valve1__10,valve1,labelled,20,17,0,17,,,no scored stream window,10.0,16.0,,,,,,,,"baseline window refused: window 0: the PCA keeps all 7 components, so SPE is 0 up to rounding and scores nothing; window 1: the PCA keeps all 7 components, so SPE is 0 up to rounding and scores nothing; window 2: the PCA keeps all 7 components, so SPE is 0 up to rounding and scores nothing"
mspc_spe,valve1__11,valve1,labelled,21,18,0,18,,,no scored stream window,10.0,17.0,,,,,,,,"baseline window refused: window 0: the PCA keeps all 6 components, so SPE is 0 up to rounding and scores nothing; window 1: the PCA keeps all 6 components, so SPE is 0 up to rounding and scores nothing; window 2: the PCA keeps all 6 components, so SPE is 0 up to rounding and scores nothing"
mspc_spe,valve1__12,valve1,labelled,21,18,0,18,,,no scored stream window,10.0,17.0,,,,,,,,"baseline window refused: window 0: the PCA keeps all 7 components, so SPE is 0 up to rounding and scores nothing; window 1: the PCA keeps all 7 components, so SPE is 0 up to rounding and scores nothing; window 2: the PCA keeps all 7 components, so SPE is 0 up to rounding and scores nothing"
mspc_spe,valve1__13,valve1,labelled,20,17,17,0,0.438,0.9429,,10.0,16.0,7.0,4.0,True,0.0,3.0,3.0,False,
mspc_spe,valve1__14,valve1,labelled,20,17,0,17,,,no scored stream window,10.0,16.0,,,,,,,,"baseline window refused: window 0: every stream window refused, so no fitted model scores the baseline; window 1: every stream window refused, so no fitted model scores the baseline; window 2: every stream window refused, so no fitted model scores the baseline"
mspc_spe,valve1__15,valve1,labelled,21,18,0,18,,,no scored stream window,10.0,17.0,,,,,,,,"baseline window refused: window 0: the PCA keeps all 7 components, so SPE is 0 up to rounding and scores nothing; window 1: the PCA keeps all 7 components, so SPE is 0 up to rounding and scores nothing; window 2: the PCA keeps all 7 components, so SPE is 0 up to rounding and scores nothing"
mspc_spe,valve1__2,valve1,labelled,20,17,0,17,,,no scored stream window,11.0,16.0,,,,,,,,"baseline window refused: window 0: the PCA keeps all 7 components, so SPE is 0 up to rounding and scores nothing; window 1: the PCA keeps all 7 components, so SPE is 0 up to rounding and scores nothing; window 2: the PCA keeps all 7 components, so SPE is 0 up to rounding and scores nothing"
mspc_spe,valve1__3,valve1,labelled,21,18,17,1,0.3037,0.5556,,10.0,17.0,7.0,5.0,True,0.0,2.0,1.0,True,
mspc_spe,valve1__4,valve1,labelled,20,17,0,17,,,no scored stream window,10.0,16.0,,,,,,,,"baseline window refused: window 0: the PCA keeps all 6 components, so SPE is 0 up to rounding and scores nothing; window 1: the PCA keeps all 6 components, so SPE is 0 up to rounding and scores nothing; window 2: the PCA keeps all 6 components, so SPE is 0 up to rounding and scores nothing"
mspc_spe,valve1__5,valve1,labelled,20,17,0,17,,,no scored stream window,10.0,16.0,,,,,,,,"baseline window refused: window 0: the PCA keeps all 6 components, so SPE is 0 up to rounding and scores nothing; window 1: the PCA keeps all 6 components, so SPE is 0 up to rounding and scores nothing; window 2: the PCA keeps all 6 components, so SPE is 0 up to rounding and scores nothing"
mspc_spe,valve1__6,valve1,labelled,20,17,0,17,,,no scored stream window,10.0,17.0,,,,,,,,"baseline window refused: window 0: the PCA keeps all 6 components, so SPE is 0 up to rounding and scores nothing; window 1: the PCA keeps all 6 components, so SPE is 0 up to rounding and scores nothing; window 2: the PCA keeps all 6 components, so SPE is 0 up to rounding and scores nothing"
mspc_spe,valve1__7,valve1,labelled,21,18,15,3,0.4616,0.8214,,10.0,17.0,7.0,7.0,True,0.0,1.0,1.0,False,
mspc_spe,valve1__8,valve1,labelled,20,17,16,1,0.3499,0.625,,9.0,16.0,6.0,6.0,True,0.0,2.0,2.0,False,
mspc_spe,valve1__9,valve1,labelled,21,18,17,1,0.4004,0.3472,,10.0,17.0,7.0,7.0,True,0.0,2.0,2.0,False,
mspc_spe,valve2__0,valve2,labelled,20,17,0,17,,,no scored stream window,10.0,16.0,,,,,,,,"baseline window refused: window 0: every stream window refused, so no fitted model scores the baseline; window 1: every stream window refused, so no fitted model scores the baseline; window 2: every stream window refused, so no fitted model scores the baseline"
mspc_spe,valve2__1,valve2,labelled,21,18,0,18,,,no scored stream window,10.0,16.0,,,,,,,,"baseline window refused: window 0: every stream window refused, so no fitted model scores the baseline; window 1: every stream window refused, so no fitted model scores the baseline; window 2: every stream window refused, so no fitted model scores the baseline"
mspc_spe,valve2__2,valve2,labelled,20,17,0,17,,,no scored stream window,10.0,16.0,,,,,,,,"baseline window refused: window 0: every stream window refused, so no fitted model scores the baseline; window 1: every stream window refused, so no fitted model scores the baseline; window 2: every stream window refused, so no fitted model scores the baseline"
mspc_spe,valve2__3,valve2,labelled,18,15,0,15,,,no scored stream window,10.0,17.0,,,,,,,,"baseline window refused: window 0: every stream window refused, so no fitted model scores the baseline; window 1: every stream window refused, so no fitted model scores the baseline; window 2: every stream window refused, so no fitted model scores the baseline"
mspc_t2,anomaly-free__anomaly-free,anomaly-free,anomaly_free,167,164,0,164,,,record carries one class only in its scored stream windows,,,,,,,,,,"baseline window refused: window 0: every stream window refused, so no fitted model scores the baseline; window 1: every stream window refused, so no fitted model scores the baseline; window 2: every stream window refused, so no fitted model scores the baseline"
mspc_t2,other__1,other,labelled,14,11,10,1,6.7081,1.0,,9.0,13.0,6.0,6.0,True,0.0,0.0,0.0,,
mspc_t2,other__10,other,labelled,24,21,17,4,8.8349,0.9861,,10.0,20.0,7.0,7.0,True,0.0,1.0,1.0,False,
mspc_t2,other__11,other,labelled,21,18,13,5,7.9815,1.0,,10.0,17.0,5.0,5.0,True,0.0,0.0,0.0,False,
mspc_t2,other__12,other,labelled,21,18,0,18,,,no scored stream window,10.0,17.0,,,,,,,,"baseline window refused: window 0: every stream window refused, so no fitted model scores the baseline; window 1: every stream window refused, so no fitted model scores the baseline; window 2: every stream window refused, so no fitted model scores the baseline"
mspc_t2,other__13,other,labelled,19,16,0,16,,,no scored stream window,9.0,15.0,,,,,,,,"baseline window refused: window 0: every stream window refused, so no fitted model scores the baseline; window 1: every stream window refused, so no fitted model scores the baseline; window 2: every stream window refused, so no fitted model scores the baseline"
mspc_t2,other__14,other,labelled,16,13,11,2,6.7437,1.0,,10.0,15.0,6.0,5.0,True,0.0,0.0,0.0,,
mspc_t2,other__2,other,labelled,18,15,0,15,,,no scored stream window,5.0,12.0,,,,,,,,"baseline window refused: window 0: every stream window refused, so no fitted model scores the baseline; window 1: every stream window refused, so no fitted model scores the baseline; window 2: every stream window refused, so no fitted model scores the baseline"
mspc_t2,other__3,other,labelled,20,17,13,4,7.9977,0.7143,,9.0,16.0,5.0,4.0,True,0.0,2.0,2.0,False,
mspc_t2,other__4,other,labelled,21,18,14,4,6.4673,0.6889,,14.0,20.0,9.0,9.0,True,1.0,0.0,0.0,,
mspc_t2,other__5,other,labelled,21,18,17,1,7.3629,1.0,,10.0,17.0,7.0,7.0,True,0.0,2.0,2.0,False,
mspc_t2,other__6,other,labelled,21,18,17,1,6.6401,1.0,,10.0,17.0,7.0,3.0,True,0.0,2.0,2.0,False,
mspc_t2,other__7,other,labelled,20,17,16,1,6.8997,1.0,,10.0,16.0,7.0,7.0,True,0.0,2.0,2.0,False,
mspc_t2,other__8,other,labelled,21,18,17,1,7.9856,0.8611,,10.0,17.0,7.0,7.0,True,0.0,2.0,2.0,False,
mspc_t2,other__9,other,labelled,20,17,16,1,7.0945,0.9688,,9.0,16.0,6.0,5.0,True,0.0,2.0,2.0,False,
mspc_t2,valve1__0,valve1,labelled,20,17,17,0,6.7341,0.8429,,10.0,16.0,7.0,7.0,True,0.0,3.0,3.0,False,
mspc_t2,valve1__1,valve1,labelled,21,18,17,1,5.4279,0.4861,,10.0,17.0,7.0,7.0,True,0.0,2.0,2.0,False,
mspc_t2,valve1__10,valve1,labelled,20,17,17,0,8.2566,0.9143,,10.0,16.0,7.0,7.0,True,0.0,3.0,3.0,False,
mspc_t2,valve1__11,valve1,labelled,21,18,15,3,6.7233,0.1607,,10.0,17.0,7.0,7.0,True,1.0,1.0,1.0,False,
mspc_t2,valve1__12,valve1,labelled,21,18,15,3,7.7085,0.7857,,10.0,17.0,7.0,6.0,True,0.0,1.0,1.0,False,
mspc_t2,valve1__13,valve1,labelled,20,17,17,0,6.7345,1.0,,10.0,16.0,7.0,6.0,True,0.0,3.0,3.0,False,
mspc_t2,valve1__14,valve1,labelled,20,17,0,17,,,no scored stream window,10.0,16.0,,,,,,,,"baseline window refused: window 0: every stream window refused, so no fitted model scores the baseline; window 1: every stream window refused, so no fitted model scores the baseline; window 2: every stream window refused, so no fitted model scores the baseline"
mspc_t2,valve1__15,valve1,labelled,21,18,17,1,7.2629,0.9583,,10.0,17.0,7.0,7.0,True,0.0,2.0,2.0,False,
mspc_t2,valve1__2,valve1,labelled,20,17,14,3,7.4841,0.8222,,11.0,16.0,6.0,6.0,True,1.0,3.0,3.0,False,
mspc_t2,valve1__3,valve1,labelled,21,18,17,1,5.0007,0.5972,,10.0,17.0,7.0,2.0,True,3.0,2.0,2.0,False,
mspc_t2,valve1__4,valve1,labelled,20,17,13,4,6.8232,0.2222,,10.0,16.0,6.0,6.0,True,0.0,3.0,3.0,False,
mspc_t2,valve1__5,valve1,labelled,20,17,17,0,6.8523,0.7429,,10.0,16.0,7.0,7.0,True,0.0,3.0,3.0,False,
mspc_t2,valve1__6,valve1,labelled,20,17,17,0,6.0905,0.4861,,10.0,17.0,7.0,7.0,True,0.0,2.0,2.0,False,
mspc_t2,valve1__7,valve1,labelled,21,18,15,3,7.5929,0.9464,,10.0,17.0,7.0,6.0,True,0.0,1.0,1.0,False,
mspc_t2,valve1__8,valve1,labelled,20,17,16,1,6.1767,0.7656,,9.0,16.0,6.0,3.0,True,0.0,2.0,2.0,False,
mspc_t2,valve1__9,valve1,labelled,21,18,17,1,5.4955,0.75,,10.0,17.0,7.0,6.0,True,0.0,2.0,2.0,False,
mspc_t2,valve2__0,valve2,labelled,20,17,0,17,,,no scored stream window,10.0,16.0,,,,,,,,"baseline window refused: window 0: every stream window refused, so no fitted model scores the baseline; window 1: every stream window refused, so no fitted model scores the baseline; window 2: every stream window refused, so no fitted model scores the baseline"
mspc_t2,valve2__1,valve2,labelled,21,18,0,18,,,no scored stream window,10.0,16.0,,,,,,,,"baseline window refused: window 0: every stream window refused, so no fitted model scores the baseline; window 1: every stream window refused, so no fitted model scores the baseline; window 2: every stream window refused, so no fitted model scores the baseline"
mspc_t2,valve2__2,valve2,labelled,20,17,0,17,,,no scored stream window,10.0,16.0,,,,,,,,"baseline window refused: window 0: every stream window refused, so no fitted model scores the baseline; window 1: every stream window refused, so no fitted model scores the baseline; window 2: every stream window refused, so no fitted model scores the baseline"
mspc_t2,valve2__3,valve2,labelled,18,15,0,15,,,no scored stream window,10.0,17.0,,,,,,,,"baseline window refused: window 0: every stream window refused, so no fitted model scores the baseline; window 1: every stream window refused, so no fitted model scores the baseline; window 2: every stream window refused, so no fitted model scores the baseline"
screen,anomaly-free__anomaly-free,anomaly-free,anomaly_free,167,164,164,0,3.4756,,record carries one class only in its scored stream windows,,,164.0,163.0,,,,,,
screen,other__1,other,labelled,14,11,11,0,34.7676,0.8,,9.0,13.0,6.0,1.0,True,1.0,0.0,0.0,,
screen,other__10,other,labelled,24,21,21,0,4.3203,0.9727,,10.0,20.0,7.0,6.0,True,0.0,3.0,3.0,False,
screen,other__11,other,labelled,21,18,18,0,5.3415,0.7,,10.0,17.0,7.0,4.0,True,0.0,3.0,3.0,False,
screen,other__12,other,labelled,21,18,18,0,4.5993,0.9125,,10.0,17.0,7.0,6.0,True,0.0,3.0,3.0,False,
screen,other__13,other,labelled,19,16,16,0,4.2408,0.6349,,9.0,15.0,6.0,5.0,True,0.0,3.0,3.0,False,
screen,other__14,other,labelled,16,13,13,0,5.1731,1.0,,10.0,15.0,7.0,2.0,True,0.0,0.0,0.0,,
screen,other__2,other,labelled,18,15,13,2,,0.0,,5.0,12.0,,,,,,,,baseline window refused: window 2: Accelerometer1RMS: no rows in window; Accelerometer2RMS: no rows in window; Current: no rows in window; Temperature: no rows in window; Thermocouple: no rows in window; Voltage: no rows in window; Volume Flow RateRMS: no rows in window
screen,other__3,other,labelled,20,17,17,0,34.7676,0.9375,,9.0,16.0,6.0,1.0,True,1.0,3.0,1.0,True,
screen,other__4,other,labelled,21,18,18,0,2.7501,0.8052,,14.0,20.0,11.0,9.0,True,0.0,0.0,0.0,,
screen,other__5,other,labelled,21,18,18,0,5.9142,1.0,,10.0,17.0,7.0,5.0,True,0.0,3.0,3.0,False,
screen,other__6,other,labelled,21,18,18,0,3.4457,1.0,,10.0,17.0,7.0,4.0,True,0.0,3.0,3.0,False,
screen,other__7,other,labelled,20,17,17,0,4.1777,1.0,,10.0,16.0,7.0,6.0,True,0.0,3.0,3.0,False,
screen,other__8,other,labelled,21,18,18,0,5.0892,0.8875,,10.0,17.0,7.0,0.0,True,0.0,3.0,2.0,False,
screen,other__9,other,labelled,20,17,17,0,5.2868,0.9444,,9.0,16.0,6.0,1.0,True,1.0,3.0,3.0,False,
screen,valve1__0,valve1,labelled,20,17,17,0,3.0585,0.8571,,10.0,16.0,7.0,7.0,True,0.0,3.0,3.0,False,
screen,valve1__1,valve1,labelled,21,18,18,0,2.9176,0.4875,,10.0,17.0,7.0,7.0,True,0.0,3.0,3.0,False,
screen,valve1__10,valve1,labelled,20,17,17,0,66.8223,0.9071,,10.0,16.0,7.0,0.0,True,1.0,3.0,0.0,True,
screen,valve1__11,valve1,labelled,21,18,18,0,2.8507,0.1625,,10.0,17.0,7.0,7.0,True,0.0,3.0,3.0,False,
screen,valve1__12,valve1,labelled,21,18,18,0,26.8557,1.0,,10.0,17.0,7.0,5.0,True,0.0,3.0,2.0,False,
screen,valve1__13,valve1,labelled,20,17,17,0,25.1676,1.0,,10.0,16.0,7.0,0.0,True,0.0,3.0,0.0,True,
screen,valve1__14,valve1,labelled,20,17,17,0,3.1144,0.7571,,10.0,16.0,7.0,6.0,True,0.0,3.0,2.0,True,
screen,valve1__15,valve1,labelled,21,18,18,0,22.0422,1.0,,10.0,17.0,7.0,0.0,True,0.0,3.0,1.0,True,
screen,valve1__2,valve1,labelled,20,17,16,1,1122.9147,0.7,,11.0,16.0,7.0,0.0,False,,3.0,0.0,,
screen,valve1__3,valve1,labelled,21,18,18,0,4.6052,0.5375,,10.0,17.0,7.0,0.0,False,,3.0,0.0,,
screen,valve1__4,valve1,labelled,20,17,17,0,4.2621,0.3143,,10.0,16.0,7.0,7.0,True,0.0,3.0,3.0,False,
screen,valve1__5,valve1,labelled,20,17,17,0,3.6924,0.7714,,10.0,16.0,7.0,6.0,True,0.0,3.0,3.0,False,
screen,valve1__6,valve1,labelled,20,17,17,0,2.7955,0.125,,10.0,17.0,7.0,7.0,True,0.0,2.0,2.0,False,
screen,valve1__7,valve1,labelled,21,18,18,0,50.8134,0.9875,,10.0,17.0,7.0,0.0,True,0.0,3.0,2.0,False,
screen,valve1__8,valve1,labelled,20,17,17,0,3.5708,0.6944,,9.0,16.0,6.0,4.0,True,0.0,3.0,3.0,False,
screen,valve1__9,valve1,labelled,21,18,18,0,3.6532,0.6625,,10.0,17.0,7.0,5.0,True,0.0,3.0,3.0,False,
screen,valve2__0,valve2,labelled,20,17,17,0,17.8555,1.0,,10.0,16.0,7.0,3.0,True,0.0,3.0,2.0,False,
screen,valve2__1,valve2,labelled,21,18,17,1,5.003,0.3333,,10.0,16.0,7.0,7.0,True,2.0,4.0,3.0,False,
screen,valve2__2,valve2,labelled,20,17,17,0,3.8753,0.4429,,10.0,16.0,7.0,6.0,True,0.0,3.0,3.0,False,
screen,valve2__3,valve2,labelled,18,15,15,0,4.0602,0.9286,,10.0,17.0,7.0,2.0,True,1.0,0.0,0.0,,
spc,anomaly-free__anomaly-free,anomaly-free,anomaly_free,167,164,164,0,11.0,,record carries one class only in its scored stream windows,,,164.0,162.0,,,,,,
spc,other__1,other,labelled,14,11,11,0,26.0,0.7,,9.0,13.0,6.0,6.0,True,0.0,0.0,0.0,,
spc,other__10,other,labelled,24,21,21,0,17.0,0.9591,,10.0,20.0,7.0,5.0,True,0.0,3.0,3.0,False,
spc,other__11,other,labelled,21,18,18,0,32.0,0.925,,10.0,17.0,7.0,6.0,True,0.0,3.0,3.0,False,
spc,other__12,other,labelled,21,18,18,0,15.0,0.875,,10.0,17.0,7.0,7.0,True,0.0,3.0,2.0,False,
spc,other__13,other,labelled,19,16,16,0,9.0,0.5238,,9.0,15.0,6.0,5.0,True,0.0,3.0,3.0,False,
spc,other__14,other,labelled,16,13,13,0,14.0,1.0,,10.0,15.0,7.0,6.0,True,0.0,0.0,0.0,,
spc,other__2,other,labelled,18,15,13,2,,0.5875,,5.0,12.0,,,,,,,,baseline window refused: window 2: Accelerometer1RMS: no rows in window; Accelerometer2RMS: no rows in window; Current: no rows in window; Temperature: no rows in window; Thermocouple: no rows in window; Voltage: no rows in window; Volume Flow RateRMS: no rows in window
spc,other__3,other,labelled,20,17,17,0,31.0,0.6736,,9.0,16.0,6.0,5.0,True,1.0,3.0,3.0,False,
spc,other__4,other,labelled,21,18,18,0,7.0,0.7792,,14.0,20.0,11.0,8.0,True,0.0,0.0,0.0,,
spc,other__5,other,labelled,21,18,18,0,21.0,0.975,,10.0,17.0,7.0,7.0,True,0.0,3.0,3.0,False,
spc,other__6,other,labelled,21,18,18,0,9.0,0.975,,10.0,17.0,7.0,4.0,True,0.0,3.0,2.0,False,
spc,other__7,other,labelled,20,17,17,0,17.0,1.0,,10.0,16.0,7.0,6.0,True,0.0,3.0,2.0,False,
spc,other__8,other,labelled,21,18,18,0,16.0,0.8313,,10.0,17.0,7.0,5.0,True,0.0,3.0,2.0,False,
spc,other__9,other,labelled,20,17,17,0,35.0,0.9583,,9.0,16.0,6.0,1.0,True,0.0,3.0,3.0,False,
spc,valve1__0,valve1,labelled,20,17,17,0,9.0,0.5143,,10.0,16.0,7.0,7.0,True,0.0,3.0,3.0,False,
spc,valve1__1,valve1,labelled,21,18,18,0,13.0,0.85,,10.0,17.0,7.0,7.0,True,0.0,3.0,2.0,False,
spc,valve1__10,valve1,labelled,20,17,17,0,22.0,0.9143,,10.0,16.0,7.0,5.0,True,0.0,3.0,3.0,False,
spc,valve1__11,valve1,labelled,21,18,18,0,12.0,0.25,,10.0,17.0,7.0,7.0,True,2.0,3.0,2.0,False,
spc,valve1__12,valve1,labelled,21,18,18,0,31.0,0.9812,,10.0,17.0,7.0,3.0,True,0.0,3.0,2.0,False,
spc,valve1__13,valve1,labelled,20,17,17,0,35.0,0.9143,,10.0,16.0,7.0,6.0,True,0.0,3.0,3.0,False,
spc,valve1__14,valve1,labelled,20,17,17,0,9.0,0.6714,,10.0,16.0,7.0,7.0,True,0.0,3.0,2.0,True,
spc,valve1__15,valve1,labelled,21,18,18,0,28.0,0.9875,,10.0,17.0,7.0,7.0,True,0.0,3.0,2.0,False,
spc,valve1__2,valve1,labelled,20,17,16,1,40.0,0.9667,,11.0,16.0,7.0,5.0,True,0.0,3.0,3.0,False,
spc,valve1__3,valve1,labelled,21,18,18,0,40.0,0.6312,,10.0,17.0,7.0,0.0,False,,3.0,0.0,,
spc,valve1__4,valve1,labelled,20,17,17,0,10.0,0.5857,,10.0,16.0,7.0,7.0,True,0.0,3.0,3.0,False,
spc,valve1__5,valve1,labelled,20,17,17,0,18.0,0.6643,,10.0,16.0,7.0,7.0,True,0.0,3.0,3.0,False,
spc,valve1__6,valve1,labelled,20,17,17,0,6.0,0.8125,,10.0,17.0,7.0,7.0,True,0.0,2.0,2.0,False,
spc,valve1__7,valve1,labelled,21,18,18,0,40.0,0.8625,,10.0,17.0,7.0,5.0,True,0.0,3.0,2.0,False,
spc,valve1__8,valve1,labelled,20,17,17,0,7.0,0.7153,,9.0,16.0,6.0,5.0,True,0.0,3.0,3.0,False,
spc,valve1__9,valve1,labelled,21,18,18,0,7.0,0.8,,10.0,17.0,7.0,5.0,True,0.0,3.0,2.0,False,
spc,valve2__0,valve2,labelled,20,17,17,0,49.0,0.7786,,10.0,16.0,7.0,4.0,True,0.0,3.0,3.0,False,
spc,valve2__1,valve2,labelled,21,18,17,1,25.0,0.2879,,10.0,16.0,7.0,7.0,True,2.0,4.0,3.0,False,
spc,valve2__2,valve2,labelled,20,17,17,0,16.0,0.6857,,10.0,16.0,7.0,7.0,True,0.0,3.0,3.0,False,
spc,valve2__3,valve2,labelled,18,15,15,0,14.0,0.9464,,10.0,17.0,7.0,2.0,True,1.0,0.0,0.0,,
