experiment,group,delta,seed,alarm
anomaly-free__anomaly-free,anomaly_free,0.01,0,False
anomaly-free__anomaly-free,anomaly_free,0.01,1,False
anomaly-free__anomaly-free,anomaly_free,0.01,2,False
anomaly-free__anomaly-free,anomaly_free,0.01,3,False
anomaly-free__anomaly-free,anomaly_free,0.01,4,False
anomaly-free__anomaly-free,anomaly_free,0.01,5,False
anomaly-free__anomaly-free,anomaly_free,0.01,6,False
anomaly-free__anomaly-free,anomaly_free,0.01,7,False
anomaly-free__anomaly-free,anomaly_free,0.01,8,False
anomaly-free__anomaly-free,anomaly_free,0.01,9,False
anomaly-free__anomaly-free,anomaly_free,0.05,0,False
anomaly-free__anomaly-free,anomaly_free,0.05,1,False
anomaly-free__anomaly-free,anomaly_free,0.05,2,False
anomaly-free__anomaly-free,anomaly_free,0.05,3,False
anomaly-free__anomaly-free,anomaly_free,0.05,4,False
anomaly-free__anomaly-free,anomaly_free,0.05,5,False
anomaly-free__anomaly-free,anomaly_free,0.05,6,False
anomaly-free__anomaly-free,anomaly_free,0.05,7,False
anomaly-free__anomaly-free,anomaly_free,0.05,8,False
anomaly-free__anomaly-free,anomaly_free,0.05,9,False
other__1,labelled,0.01,0,False
other__1,labelled,0.01,1,False
other__1,labelled,0.01,2,False
other__1,labelled,0.01,3,False
other__1,labelled,0.01,4,False
other__1,labelled,0.01,5,False
other__1,labelled,0.01,6,False
other__1,labelled,0.01,7,False
other__1,labelled,0.01,8,False
other__1,labelled,0.01,9,False
other__1,labelled,0.05,0,False
other__1,labelled,0.05,1,False
other__1,labelled,0.05,2,False
other__1,labelled,0.05,3,False
other__1,labelled,0.05,4,False
other__1,labelled,0.05,5,False
other__1,labelled,0.05,6,False
other__1,labelled,0.05,7,False
other__1,labelled,0.05,8,False
other__1,labelled,0.05,9,False
other__10,labelled,0.01,0,False
other__10,labelled,0.01,1,False
other__10,labelled,0.01,2,False
other__10,labelled,0.01,3,False
other__10,labelled,0.01,4,False
other__10,labelled,0.01,5,False
other__10,labelled,0.01,6,False
other__10,labelled,0.01,7,False
other__10,labelled,0.01,8,False
other__10,labelled,0.01,9,False
other__10,labelled,0.05,0,False
other__10,labelled,0.05,1,False
other__10,labelled,0.05,2,False
other__10,labelled,0.05,3,False
other__10,labelled,0.05,4,False
other__10,labelled,0.05,5,False
other__10,labelled,0.05,6,False
other__10,labelled,0.05,7,False
other__10,labelled,0.05,8,False
other__10,labelled,0.05,9,False
other__11,labelled,0.01,0,False
other__11,labelled,0.01,1,False
other__11,labelled,0.01,2,False
other__11,labelled,0.01,3,False
other__11,labelled,0.01,4,False
other__11,labelled,0.01,5,False
other__11,labelled,0.01,6,False
other__11,labelled,0.01,7,False
other__11,labelled,0.01,8,False
other__11,labelled,0.01,9,False
other__11,labelled,0.05,0,False
other__11,labelled,0.05,1,False
other__11,labelled,0.05,2,False
other__11,labelled,0.05,3,False
other__11,labelled,0.05,4,False
other__11,labelled,0.05,5,False
other__11,labelled,0.05,6,False
other__11,labelled,0.05,7,False
other__11,labelled,0.05,8,False
other__11,labelled,0.05,9,False
other__12,labelled,0.01,0,False
other__12,labelled,0.01,1,False
other__12,labelled,0.01,2,False
other__12,labelled,0.01,3,False
other__12,labelled,0.01,4,False
other__12,labelled,0.01,5,False
other__12,labelled,0.01,6,False
other__12,labelled,0.01,7,False
other__12,labelled,0.01,8,False
other__12,labelled,0.01,9,False
other__12,labelled,0.05,0,False
other__12,labelled,0.05,1,False
other__12,labelled,0.05,2,False
other__12,labelled,0.05,3,False
other__12,labelled,0.05,4,False
other__12,labelled,0.05,5,False
other__12,labelled,0.05,6,False
other__12,labelled,0.05,7,False
other__12,labelled,0.05,8,False
other__12,labelled,0.05,9,False
other__13,labelled,0.01,0,False
other__13,labelled,0.01,1,False
other__13,labelled,0.01,2,False
other__13,labelled,0.01,3,False
other__13,labelled,0.01,4,False
other__13,labelled,0.01,5,False
other__13,labelled,0.01,6,False
other__13,labelled,0.01,7,False
other__13,labelled,0.01,8,False
other__13,labelled,0.01,9,False
other__13,labelled,0.05,0,False
other__13,labelled,0.05,1,False
other__13,labelled,0.05,2,False
other__13,labelled,0.05,3,False
other__13,labelled,0.05,4,False
other__13,labelled,0.05,5,False
other__13,labelled,0.05,6,False
other__13,labelled,0.05,7,False
other__13,labelled,0.05,8,False
other__13,labelled,0.05,9,False
other__14,labelled,0.01,0,False
other__14,labelled,0.01,1,False
other__14,labelled,0.01,2,False
other__14,labelled,0.01,3,False
other__14,labelled,0.01,4,False
other__14,labelled,0.01,5,False
other__14,labelled,0.01,6,False
other__14,labelled,0.01,7,False
other__14,labelled,0.01,8,False
other__14,labelled,0.01,9,False
other__14,labelled,0.05,0,False
other__14,labelled,0.05,1,False
other__14,labelled,0.05,2,False
other__14,labelled,0.05,3,False
other__14,labelled,0.05,4,False
other__14,labelled,0.05,5,False
other__14,labelled,0.05,6,False
other__14,labelled,0.05,7,False
other__14,labelled,0.05,8,False
other__14,labelled,0.05,9,False
other__3,labelled,0.01,0,False
other__3,labelled,0.01,1,False
other__3,labelled,0.01,2,False
other__3,labelled,0.01,3,False
other__3,labelled,0.01,4,False
other__3,labelled,0.01,5,False
other__3,labelled,0.01,6,False
other__3,labelled,0.01,7,False
other__3,labelled,0.01,8,False
other__3,labelled,0.01,9,False
other__3,labelled,0.05,0,False
other__3,labelled,0.05,1,False
other__3,labelled,0.05,2,False
other__3,labelled,0.05,3,False
other__3,labelled,0.05,4,False
other__3,labelled,0.05,5,False
other__3,labelled,0.05,6,False
other__3,labelled,0.05,7,False
other__3,labelled,0.05,8,False
other__3,labelled,0.05,9,False
other__4,labelled,0.01,0,False
other__4,labelled,0.01,1,False
other__4,labelled,0.01,2,False
other__4,labelled,0.01,3,False
other__4,labelled,0.01,4,False
other__4,labelled,0.01,5,False
other__4,labelled,0.01,6,False
other__4,labelled,0.01,7,False
other__4,labelled,0.01,8,False
other__4,labelled,0.01,9,False
other__4,labelled,0.05,0,False
other__4,labelled,0.05,1,False
other__4,labelled,0.05,2,False
other__4,labelled,0.05,3,False
other__4,labelled,0.05,4,False
other__4,labelled,0.05,5,False
other__4,labelled,0.05,6,False
other__4,labelled,0.05,7,False
other__4,labelled,0.05,8,False
other__4,labelled,0.05,9,False
other__5,labelled,0.01,0,False
other__5,labelled,0.01,1,False
other__5,labelled,0.01,2,False
other__5,labelled,0.01,3,False
other__5,labelled,0.01,4,False
other__5,labelled,0.01,5,False
other__5,labelled,0.01,6,False
other__5,labelled,0.01,7,False
other__5,labelled,0.01,8,False
other__5,labelled,0.01,9,False
other__5,labelled,0.05,0,False
other__5,labelled,0.05,1,False
other__5,labelled,0.05,2,False
other__5,labelled,0.05,3,False
other__5,labelled,0.05,4,False
other__5,labelled,0.05,5,False
other__5,labelled,0.05,6,False
other__5,labelled,0.05,7,False
other__5,labelled,0.05,8,False
other__5,labelled,0.05,9,False
other__6,labelled,0.01,0,False
other__6,labelled,0.01,1,False
other__6,labelled,0.01,2,False
other__6,labelled,0.01,3,False
other__6,labelled,0.01,4,False
other__6,labelled,0.01,5,False
other__6,labelled,0.01,6,False
other__6,labelled,0.01,7,False
other__6,labelled,0.01,8,False
other__6,labelled,0.01,9,False
other__6,labelled,0.05,0,False
other__6,labelled,0.05,1,False
other__6,labelled,0.05,2,False
other__6,labelled,0.05,3,False
other__6,labelled,0.05,4,False
other__6,labelled,0.05,5,False
other__6,labelled,0.05,6,False
other__6,labelled,0.05,7,False
other__6,labelled,0.05,8,False
other__6,labelled,0.05,9,False
other__7,labelled,0.01,0,False
other__7,labelled,0.01,1,False
other__7,labelled,0.01,2,False
other__7,labelled,0.01,3,False
other__7,labelled,0.01,4,False
other__7,labelled,0.01,5,False
other__7,labelled,0.01,6,False
other__7,labelled,0.01,7,False
other__7,labelled,0.01,8,False
other__7,labelled,0.01,9,False
other__7,labelled,0.05,0,False
other__7,labelled,0.05,1,False
other__7,labelled,0.05,2,False
other__7,labelled,0.05,3,False
other__7,labelled,0.05,4,False
other__7,labelled,0.05,5,False
other__7,labelled,0.05,6,False
other__7,labelled,0.05,7,False
other__7,labelled,0.05,8,False
other__7,labelled,0.05,9,False
other__8,labelled,0.01,0,False
other__8,labelled,0.01,1,False
other__8,labelled,0.01,2,False
other__8,labelled,0.01,3,False
other__8,labelled,0.01,4,False
other__8,labelled,0.01,5,False
other__8,labelled,0.01,6,False
other__8,labelled,0.01,7,False
other__8,labelled,0.01,8,False
other__8,labelled,0.01,9,False
other__8,labelled,0.05,0,False
other__8,labelled,0.05,1,False
other__8,labelled,0.05,2,False
other__8,labelled,0.05,3,False
other__8,labelled,0.05,4,False
other__8,labelled,0.05,5,False
other__8,labelled,0.05,6,False
other__8,labelled,0.05,7,False
other__8,labelled,0.05,8,False
other__8,labelled,0.05,9,False
other__9,labelled,0.01,0,False
other__9,labelled,0.01,1,False
other__9,labelled,0.01,2,False
other__9,labelled,0.01,3,False
other__9,labelled,0.01,4,False
other__9,labelled,0.01,5,False
other__9,labelled,0.01,6,False
other__9,labelled,0.01,7,False
other__9,labelled,0.01,8,False
other__9,labelled,0.01,9,False
other__9,labelled,0.05,0,False
other__9,labelled,0.05,1,False
other__9,labelled,0.05,2,False
other__9,labelled,0.05,3,False
other__9,labelled,0.05,4,False
other__9,labelled,0.05,5,False
other__9,labelled,0.05,6,False
other__9,labelled,0.05,7,False
other__9,labelled,0.05,8,False
other__9,labelled,0.05,9,False
valve1__0,labelled,0.01,0,False
valve1__0,labelled,0.01,1,False
valve1__0,labelled,0.01,2,False
valve1__0,labelled,0.01,3,False
valve1__0,labelled,0.01,4,False
valve1__0,labelled,0.01,5,False
valve1__0,labelled,0.01,6,False
valve1__0,labelled,0.01,7,False
valve1__0,labelled,0.01,8,False
valve1__0,labelled,0.01,9,False
valve1__0,labelled,0.05,0,False
valve1__0,labelled,0.05,1,False
valve1__0,labelled,0.05,2,False
valve1__0,labelled,0.05,3,False
valve1__0,labelled,0.05,4,False
valve1__0,labelled,0.05,5,False
valve1__0,labelled,0.05,6,False
valve1__0,labelled,0.05,7,False
valve1__0,labelled,0.05,8,False
valve1__0,labelled,0.05,9,False
valve1__1,labelled,0.01,0,False
valve1__1,labelled,0.01,1,False
valve1__1,labelled,0.01,2,False
valve1__1,labelled,0.01,3,False
valve1__1,labelled,0.01,4,False
valve1__1,labelled,0.01,5,False
valve1__1,labelled,0.01,6,False
valve1__1,labelled,0.01,7,False
valve1__1,labelled,0.01,8,False
valve1__1,labelled,0.01,9,False
valve1__1,labelled,0.05,0,False
valve1__1,labelled,0.05,1,False
valve1__1,labelled,0.05,2,False
valve1__1,labelled,0.05,3,False
valve1__1,labelled,0.05,4,False
valve1__1,labelled,0.05,5,False
valve1__1,labelled,0.05,6,False
valve1__1,labelled,0.05,7,False
valve1__1,labelled,0.05,8,False
valve1__1,labelled,0.05,9,False
valve1__10,labelled,0.01,0,False
valve1__10,labelled,0.01,1,False
valve1__10,labelled,0.01,2,False
valve1__10,labelled,0.01,3,False
valve1__10,labelled,0.01,4,False
valve1__10,labelled,0.01,5,False
valve1__10,labelled,0.01,6,False
valve1__10,labelled,0.01,7,False
valve1__10,labelled,0.01,8,False
valve1__10,labelled,0.01,9,False
valve1__10,labelled,0.05,0,False
valve1__10,labelled,0.05,1,False
valve1__10,labelled,0.05,2,False
valve1__10,labelled,0.05,3,False
valve1__10,labelled,0.05,4,False
valve1__10,labelled,0.05,5,False
valve1__10,labelled,0.05,6,False
valve1__10,labelled,0.05,7,False
valve1__10,labelled,0.05,8,False
valve1__10,labelled,0.05,9,False
valve1__11,labelled,0.01,0,False
valve1__11,labelled,0.01,1,False
valve1__11,labelled,0.01,2,False
valve1__11,labelled,0.01,3,False
valve1__11,labelled,0.01,4,False
valve1__11,labelled,0.01,5,False
valve1__11,labelled,0.01,6,False
valve1__11,labelled,0.01,7,False
valve1__11,labelled,0.01,8,False
valve1__11,labelled,0.01,9,False
valve1__11,labelled,0.05,0,False
valve1__11,labelled,0.05,1,False
valve1__11,labelled,0.05,2,False
valve1__11,labelled,0.05,3,False
valve1__11,labelled,0.05,4,False
valve1__11,labelled,0.05,5,False
valve1__11,labelled,0.05,6,False
valve1__11,labelled,0.05,7,False
valve1__11,labelled,0.05,8,False
valve1__11,labelled,0.05,9,False
valve1__12,labelled,0.01,0,False
valve1__12,labelled,0.01,1,False
valve1__12,labelled,0.01,2,False
valve1__12,labelled,0.01,3,False
valve1__12,labelled,0.01,4,False
valve1__12,labelled,0.01,5,False
valve1__12,labelled,0.01,6,False
valve1__12,labelled,0.01,7,False
valve1__12,labelled,0.01,8,False
valve1__12,labelled,0.01,9,False
valve1__12,labelled,0.05,0,False
valve1__12,labelled,0.05,1,False
valve1__12,labelled,0.05,2,False
valve1__12,labelled,0.05,3,False
valve1__12,labelled,0.05,4,False
valve1__12,labelled,0.05,5,False
valve1__12,labelled,0.05,6,False
valve1__12,labelled,0.05,7,False
valve1__12,labelled,0.05,8,False
valve1__12,labelled,0.05,9,False
valve1__13,labelled,0.01,0,False
valve1__13,labelled,0.01,1,False
valve1__13,labelled,0.01,2,False
valve1__13,labelled,0.01,3,False
valve1__13,labelled,0.01,4,False
valve1__13,labelled,0.01,5,False
valve1__13,labelled,0.01,6,False
valve1__13,labelled,0.01,7,False
valve1__13,labelled,0.01,8,False
valve1__13,labelled,0.01,9,False
valve1__13,labelled,0.05,0,False
valve1__13,labelled,0.05,1,False
valve1__13,labelled,0.05,2,False
valve1__13,labelled,0.05,3,False
valve1__13,labelled,0.05,4,False
valve1__13,labelled,0.05,5,False
valve1__13,labelled,0.05,6,False
valve1__13,labelled,0.05,7,False
valve1__13,labelled,0.05,8,False
valve1__13,labelled,0.05,9,False
valve1__14,labelled,0.01,0,False
valve1__14,labelled,0.01,1,False
valve1__14,labelled,0.01,2,False
valve1__14,labelled,0.01,3,False
valve1__14,labelled,0.01,4,False
valve1__14,labelled,0.01,5,False
valve1__14,labelled,0.01,6,False
valve1__14,labelled,0.01,7,False
valve1__14,labelled,0.01,8,False
valve1__14,labelled,0.01,9,False
valve1__14,labelled,0.05,0,False
valve1__14,labelled,0.05,1,False
valve1__14,labelled,0.05,2,False
valve1__14,labelled,0.05,3,False
valve1__14,labelled,0.05,4,False
valve1__14,labelled,0.05,5,False
valve1__14,labelled,0.05,6,False
valve1__14,labelled,0.05,7,False
valve1__14,labelled,0.05,8,False
valve1__14,labelled,0.05,9,False
valve1__15,labelled,0.01,0,False
valve1__15,labelled,0.01,1,False
valve1__15,labelled,0.01,2,False
valve1__15,labelled,0.01,3,False
valve1__15,labelled,0.01,4,False
valve1__15,labelled,0.01,5,False
valve1__15,labelled,0.01,6,False
valve1__15,labelled,0.01,7,False
valve1__15,labelled,0.01,8,False
valve1__15,labelled,0.01,9,False
valve1__15,labelled,0.05,0,False
valve1__15,labelled,0.05,1,False
valve1__15,labelled,0.05,2,False
valve1__15,labelled,0.05,3,False
valve1__15,labelled,0.05,4,False
valve1__15,labelled,0.05,5,False
valve1__15,labelled,0.05,6,False
valve1__15,labelled,0.05,7,False
valve1__15,labelled,0.05,8,False
valve1__15,labelled,0.05,9,False
valve1__2,labelled,0.01,0,False
valve1__2,labelled,0.01,1,False
valve1__2,labelled,0.01,2,False
valve1__2,labelled,0.01,3,False
valve1__2,labelled,0.01,4,False
valve1__2,labelled,0.01,5,False
valve1__2,labelled,0.01,6,False
valve1__2,labelled,0.01,7,False
valve1__2,labelled,0.01,8,False
valve1__2,labelled,0.01,9,False
valve1__2,labelled,0.05,0,False
valve1__2,labelled,0.05,1,False
valve1__2,labelled,0.05,2,False
valve1__2,labelled,0.05,3,False
valve1__2,labelled,0.05,4,False
valve1__2,labelled,0.05,5,False
valve1__2,labelled,0.05,6,False
valve1__2,labelled,0.05,7,False
valve1__2,labelled,0.05,8,False
valve1__2,labelled,0.05,9,False
valve1__3,labelled,0.01,0,False
valve1__3,labelled,0.01,1,False
valve1__3,labelled,0.01,2,False
valve1__3,labelled,0.01,3,False
valve1__3,labelled,0.01,4,False
valve1__3,labelled,0.01,5,False
valve1__3,labelled,0.01,6,False
valve1__3,labelled,0.01,7,False
valve1__3,labelled,0.01,8,False
valve1__3,labelled,0.01,9,False
valve1__3,labelled,0.05,0,False
valve1__3,labelled,0.05,1,False
valve1__3,labelled,0.05,2,False
valve1__3,labelled,0.05,3,False
valve1__3,labelled,0.05,4,False
valve1__3,labelled,0.05,5,False
valve1__3,labelled,0.05,6,False
valve1__3,labelled,0.05,7,False
valve1__3,labelled,0.05,8,False
valve1__3,labelled,0.05,9,False
valve1__4,labelled,0.01,0,False
valve1__4,labelled,0.01,1,False
valve1__4,labelled,0.01,2,False
valve1__4,labelled,0.01,3,False
valve1__4,labelled,0.01,4,False
valve1__4,labelled,0.01,5,False
valve1__4,labelled,0.01,6,False
valve1__4,labelled,0.01,7,False
valve1__4,labelled,0.01,8,False
valve1__4,labelled,0.01,9,False
valve1__4,labelled,0.05,0,False
valve1__4,labelled,0.05,1,False
valve1__4,labelled,0.05,2,False
valve1__4,labelled,0.05,3,False
valve1__4,labelled,0.05,4,False
valve1__4,labelled,0.05,5,False
valve1__4,labelled,0.05,6,False
valve1__4,labelled,0.05,7,False
valve1__4,labelled,0.05,8,False
valve1__4,labelled,0.05,9,False
valve1__5,labelled,0.01,0,False
valve1__5,labelled,0.01,1,False
valve1__5,labelled,0.01,2,False
valve1__5,labelled,0.01,3,False
valve1__5,labelled,0.01,4,False
valve1__5,labelled,0.01,5,False
valve1__5,labelled,0.01,6,False
valve1__5,labelled,0.01,7,False
valve1__5,labelled,0.01,8,False
valve1__5,labelled,0.01,9,False
valve1__5,labelled,0.05,0,False
valve1__5,labelled,0.05,1,False
valve1__5,labelled,0.05,2,False
valve1__5,labelled,0.05,3,False
valve1__5,labelled,0.05,4,False
valve1__5,labelled,0.05,5,False
valve1__5,labelled,0.05,6,False
valve1__5,labelled,0.05,7,False
valve1__5,labelled,0.05,8,False
valve1__5,labelled,0.05,9,False
valve1__6,labelled,0.01,0,False
valve1__6,labelled,0.01,1,False
valve1__6,labelled,0.01,2,False
valve1__6,labelled,0.01,3,False
valve1__6,labelled,0.01,4,False
valve1__6,labelled,0.01,5,False
valve1__6,labelled,0.01,6,False
valve1__6,labelled,0.01,7,False
valve1__6,labelled,0.01,8,False
valve1__6,labelled,0.01,9,False
valve1__6,labelled,0.05,0,False
valve1__6,labelled,0.05,1,False
valve1__6,labelled,0.05,2,False
valve1__6,labelled,0.05,3,False
valve1__6,labelled,0.05,4,False
valve1__6,labelled,0.05,5,False
valve1__6,labelled,0.05,6,False
valve1__6,labelled,0.05,7,False
valve1__6,labelled,0.05,8,False
valve1__6,labelled,0.05,9,False
valve1__7,labelled,0.01,0,False
valve1__7,labelled,0.01,1,False
valve1__7,labelled,0.01,2,False
valve1__7,labelled,0.01,3,False
valve1__7,labelled,0.01,4,False
valve1__7,labelled,0.01,5,False
valve1__7,labelled,0.01,6,False
valve1__7,labelled,0.01,7,False
valve1__7,labelled,0.01,8,False
valve1__7,labelled,0.01,9,False
valve1__7,labelled,0.05,0,False
valve1__7,labelled,0.05,1,False
valve1__7,labelled,0.05,2,False
valve1__7,labelled,0.05,3,False
valve1__7,labelled,0.05,4,False
valve1__7,labelled,0.05,5,False
valve1__7,labelled,0.05,6,False
valve1__7,labelled,0.05,7,False
valve1__7,labelled,0.05,8,False
valve1__7,labelled,0.05,9,False
valve1__8,labelled,0.01,0,False
valve1__8,labelled,0.01,1,False
valve1__8,labelled,0.01,2,False
valve1__8,labelled,0.01,3,False
valve1__8,labelled,0.01,4,False
valve1__8,labelled,0.01,5,False
valve1__8,labelled,0.01,6,False
valve1__8,labelled,0.01,7,False
valve1__8,labelled,0.01,8,False
valve1__8,labelled,0.01,9,False
valve1__8,labelled,0.05,0,False
valve1__8,labelled,0.05,1,False
valve1__8,labelled,0.05,2,False
valve1__8,labelled,0.05,3,False
valve1__8,labelled,0.05,4,False
valve1__8,labelled,0.05,5,False
valve1__8,labelled,0.05,6,False
valve1__8,labelled,0.05,7,False
valve1__8,labelled,0.05,8,False
valve1__8,labelled,0.05,9,False
valve1__9,labelled,0.01,0,False
valve1__9,labelled,0.01,1,False
valve1__9,labelled,0.01,2,False
valve1__9,labelled,0.01,3,False
valve1__9,labelled,0.01,4,False
valve1__9,labelled,0.01,5,False
valve1__9,labelled,0.01,6,False
valve1__9,labelled,0.01,7,False
valve1__9,labelled,0.01,8,False
valve1__9,labelled,0.01,9,False
valve1__9,labelled,0.05,0,False
valve1__9,labelled,0.05,1,False
valve1__9,labelled,0.05,2,False
valve1__9,labelled,0.05,3,False
valve1__9,labelled,0.05,4,False
valve1__9,labelled,0.05,5,False
valve1__9,labelled,0.05,6,False
valve1__9,labelled,0.05,7,False
valve1__9,labelled,0.05,8,False
valve1__9,labelled,0.05,9,False
valve2__0,labelled,0.01,0,False
valve2__0,labelled,0.01,1,False
valve2__0,labelled,0.01,2,False
valve2__0,labelled,0.01,3,False
valve2__0,labelled,0.01,4,False
valve2__0,labelled,0.01,5,False
valve2__0,labelled,0.01,6,False
valve2__0,labelled,0.01,7,False
valve2__0,labelled,0.01,8,False
valve2__0,labelled,0.01,9,False
valve2__0,labelled,0.05,0,False
valve2__0,labelled,0.05,1,False
valve2__0,labelled,0.05,2,False
valve2__0,labelled,0.05,3,False
valve2__0,labelled,0.05,4,False
valve2__0,labelled,0.05,5,False
valve2__0,labelled,0.05,6,False
valve2__0,labelled,0.05,7,False
valve2__0,labelled,0.05,8,False
valve2__0,labelled,0.05,9,False
valve2__1,labelled,0.01,0,False
valve2__1,labelled,0.01,1,False
valve2__1,labelled,0.01,2,False
valve2__1,labelled,0.01,3,False
valve2__1,labelled,0.01,4,False
valve2__1,labelled,0.01,5,False
valve2__1,labelled,0.01,6,False
valve2__1,labelled,0.01,7,False
valve2__1,labelled,0.01,8,False
valve2__1,labelled,0.01,9,False
valve2__1,labelled,0.05,0,False
valve2__1,labelled,0.05,1,False
valve2__1,labelled,0.05,2,False
valve2__1,labelled,0.05,3,False
valve2__1,labelled,0.05,4,False
valve2__1,labelled,0.05,5,False
valve2__1,labelled,0.05,6,False
valve2__1,labelled,0.05,7,True
valve2__1,labelled,0.05,8,False
valve2__1,labelled,0.05,9,False
valve2__2,labelled,0.01,0,False
valve2__2,labelled,0.01,1,False
valve2__2,labelled,0.01,2,False
valve2__2,labelled,0.01,3,False
valve2__2,labelled,0.01,4,False
valve2__2,labelled,0.01,5,False
valve2__2,labelled,0.01,6,False
valve2__2,labelled,0.01,7,False
valve2__2,labelled,0.01,8,False
valve2__2,labelled,0.01,9,False
valve2__2,labelled,0.05,0,False
valve2__2,labelled,0.05,1,False
valve2__2,labelled,0.05,2,False
valve2__2,labelled,0.05,3,False
valve2__2,labelled,0.05,4,False
valve2__2,labelled,0.05,5,False
valve2__2,labelled,0.05,6,False
valve2__2,labelled,0.05,7,False
valve2__2,labelled,0.05,8,False
valve2__2,labelled,0.05,9,False
valve2__3,labelled,0.01,0,False
valve2__3,labelled,0.01,1,False
valve2__3,labelled,0.01,2,False
valve2__3,labelled,0.01,3,False
valve2__3,labelled,0.01,4,False
valve2__3,labelled,0.01,5,False
valve2__3,labelled,0.01,6,False
valve2__3,labelled,0.01,7,False
valve2__3,labelled,0.01,8,False
valve2__3,labelled,0.01,9,False
valve2__3,labelled,0.05,0,False
valve2__3,labelled,0.05,1,False
valve2__3,labelled,0.05,2,False
valve2__3,labelled,0.05,3,False
valve2__3,labelled,0.05,4,False
valve2__3,labelled,0.05,5,False
valve2__3,labelled,0.05,6,False
valve2__3,labelled,0.05,7,False
valve2__3,labelled,0.05,8,False
valve2__3,labelled,0.05,9,False
