experiment,folder,tag,n_samples,n_good,first_timestamp,last_timestamp,calculation_basis,retrieval_mode,aggregate_type,stepped,quality_assumed,unit_raw,declared_rate_s,interval_median_s,interval_p05_s,interval_p95_s,coverage,n_gaps,longest_gap_s,n_duplicate_timestamps,distinct_count,mad,min,max,frozen_whole_record,zero_mad_whole_record,flatline_whole_record,flatline_windows_assessed,flatline_windows_fired
anomaly-free__anomaly-free,anomaly-free,Accelerometer1RMS,9405,9405,2020-02-08T13:30:47+00:00,2020-02-08T16:16:47+00:00,TIME_WEIGHTED,RECORDED,NONE,False,True,,,1.0,1.0,2.0,1.0,0,,0,6941,0.0024,0.1882,0.2272,False,False,flatline verdict: NOT ASSESSED (no evaluable signal (no reference history / no coupled tag)),165,0
anomaly-free__anomaly-free,anomaly-free,Accelerometer2RMS,9405,9405,2020-02-08T13:30:47+00:00,2020-02-08T16:16:47+00:00,TIME_WEIGHTED,RECORDED,NONE,False,True,,,1.0,1.0,2.0,1.0,0,,0,6667,0.0024,0.2481,0.2799,False,False,flatline verdict: NOT ASSESSED (no evaluable signal (no reference history / no coupled tag)),165,1
anomaly-free__anomaly-free,anomaly-free,Current,9405,9405,2020-02-08T13:30:47+00:00,2020-02-08T16:16:47+00:00,TIME_WEIGHTED,RECORDED,NONE,False,True,,,1.0,1.0,2.0,1.0,0,,0,9062,0.2578,0.8553,3.2415,False,False,flatline verdict: NOT ASSESSED (no evaluable signal (no reference history / no coupled tag)),165,1
anomaly-free__anomaly-free,anomaly-free,Pressure,9405,9405,2020-02-08T13:30:47+00:00,2020-02-08T16:16:47+00:00,TIME_WEIGHTED,RECORDED,NONE,False,True,,,1.0,1.0,2.0,1.0,0,,0,9,0.0,-1.257,1.3664,False,True,flatline verdict: NOT ASSESSED (no evaluable signal (no reference history / no coupled tag)),165,12
anomaly-free__anomaly-free,anomaly-free,Temperature,9405,9405,2020-02-08T13:30:47+00:00,2020-02-08T16:16:47+00:00,TIME_WEIGHTED,RECORDED,NONE,False,True,,,1.0,1.0,2.0,1.0,0,,0,7635,0.4255,88.1713,91.7249,False,False,flatline verdict: NOT ASSESSED (no evaluable signal (no reference history / no coupled tag)),165,2
anomaly-free__anomaly-free,anomaly-free,Thermocouple,9405,9405,2020-02-08T13:30:47+00:00,2020-02-08T16:16:47+00:00,TIME_WEIGHTED,RECORDED,NONE,False,True,,,1.0,1.0,2.0,1.0,0,,0,6318,0.5375,26.8508,29.5221,False,False,flatline verdict: NOT ASSESSED (no evaluable signal (no reference history / no coupled tag)),165,4
anomaly-free__anomaly-free,anomaly-free,Voltage,9405,9405,2020-02-08T13:30:47+00:00,2020-02-08T16:16:47+00:00,TIME_WEIGHTED,RECORDED,NONE,False,True,,,1.0,1.0,2.0,1.0,0,,0,8210,6.14,201.365,252.806,False,False,flatline verdict: NOT ASSESSED (no evaluable signal (no reference history / no coupled tag)),165,1
anomaly-free__anomaly-free,anomaly-free,Volume Flow RateRMS,9405,9405,2020-02-08T13:30:47+00:00,2020-02-08T16:16:47+00:00,TIME_WEIGHTED,RECORDED,NONE,False,True,,,1.0,1.0,2.0,1.0,0,,0,289,0.977,118.0,128.353,False,False,flatline verdict: NOT ASSESSED (no evaluable signal (no reference history / no coupled tag)),165,9
other__1,other,Accelerometer1RMS,745,745,2020-03-01T15:44:06+00:00,2020-03-01T15:57:06+00:00,TIME_WEIGHTED,RECORDED,NONE,False,True,,,1.0,1.0,1.0,1.0,0,,0,739,0.0007,0.0784,0.0836,False,False,flatline verdict: NOT ASSESSED (no evaluable signal (no reference history / no coupled tag)),12,0
other__1,other,Accelerometer2RMS,745,745,2020-03-01T15:44:06+00:00,2020-03-01T15:57:06+00:00,TIME_WEIGHTED,RECORDED,NONE,False,True,,,1.0,1.0,1.0,1.0,0,,0,718,0.002,0.1242,0.139,False,False,flatline verdict: NOT ASSESSED (no evaluable signal (no reference history / no coupled tag)),12,1
other__1,other,Current,745,745,2020-03-01T15:44:06+00:00,2020-03-01T15:57:06+00:00,TIME_WEIGHTED,RECORDED,NONE,False,True,,,1.0,1.0,1.0,1.0,0,,0,743,0.2523,0.5891,2.3281,False,False,flatline verdict: NOT ASSESSED (no evaluable signal (no reference history / no coupled tag)),12,0
other__1,other,Pressure,745,745,2020-03-01T15:44:06+00:00,2020-03-01T15:57:06+00:00,TIME_WEIGHTED,RECORDED,NONE,False,True,,,1.0,1.0,1.0,1.0,0,,0,6,0.0,-0.9291,0.7106,False,True,flatline verdict: NOT ASSESSED (no evaluable signal (no reference history / no coupled tag)),12,1
other__1,other,Temperature,745,745,2020-03-01T15:44:06+00:00,2020-03-01T15:57:06+00:00,TIME_WEIGHTED,RECORDED,NONE,False,True,,,1.0,1.0,1.0,1.0,0,,0,738,1.1086,88.8119,95.0114,False,False,flatline verdict: NOT ASSESSED (no evaluable signal (no reference history / no coupled tag)),12,0
other__1,other,Thermocouple,745,745,2020-03-01T15:44:06+00:00,2020-03-01T15:57:06+00:00,TIME_WEIGHTED,RECORDED,NONE,False,True,,,1.0,1.0,1.0,1.0,0,,0,421,0.0133,22.1937,22.2819,False,False,flatline verdict: NOT ASSESSED (no evaluable signal (no reference history / no coupled tag)),12,3
other__1,other,Voltage,745,745,2020-03-01T15:44:06+00:00,2020-03-01T15:57:06+00:00,TIME_WEIGHTED,RECORDED,NONE,False,True,,,1.0,1.0,1.0,1.0,0,,0,742,6.448,203.973,254.511,False,False,flatline verdict: NOT ASSESSED (no evaluable signal (no reference history / no coupled tag)),12,0
other__1,other,Volume Flow RateRMS,745,745,2020-03-01T15:44:06+00:00,2020-03-01T15:57:06+00:00,TIME_WEIGHTED,RECORDED,NONE,False,True,,,1.0,1.0,1.0,1.0,0,,0,38,0.9405,73.0202,77.9806,False,False,flatline verdict: NOT ASSESSED (no evaluable signal (no reference history / no coupled tag)),12,3
other__10,other,Accelerometer1RMS,1327,1327,2020-02-08T17:47:44+00:00,2020-02-08T18:11:02+00:00,TIME_WEIGHTED,RECORDED,NONE,False,True,,,1.0,1.0,2.0,1.0,0,,0,1293,0.0043,0.2174,0.2502,False,False,flatline verdict: NOT ASSESSED (no evaluable signal (no reference history / no coupled tag)),22,0
other__10,other,Accelerometer2RMS,1327,1327,2020-02-08T17:47:44+00:00,2020-02-08T18:11:02+00:00,TIME_WEIGHTED,RECORDED,NONE,False,True,,,1.0,1.0,2.0,1.0,0,,0,1273,0.003,0.2708,0.2985,False,False,flatline verdict: NOT ASSESSED (no evaluable signal (no reference history / no coupled tag)),22,1
other__10,other,Current,1327,1327,2020-02-08T17:47:44+00:00,2020-02-08T18:11:02+00:00,TIME_WEIGHTED,RECORDED,NONE,False,True,,,1.0,1.0,2.0,1.0,0,,0,1321,0.264,0.914,3.2963,False,False,flatline verdict: NOT ASSESSED (no evaluable signal (no reference history / no coupled tag)),22,0
other__10,other,Pressure,1327,1327,2020-02-08T17:47:44+00:00,2020-02-08T18:11:02+00:00,TIME_WEIGHTED,RECORDED,NONE,False,True,,,1.0,1.0,2.0,1.0,0,,0,7,0.0,-0.9291,1.0385,False,True,flatline verdict: NOT ASSESSED (no evaluable signal (no reference history / no coupled tag)),22,0
other__10,other,Temperature,1327,1327,2020-02-08T17:47:44+00:00,2020-02-08T18:11:02+00:00,TIME_WEIGHTED,RECORDED,NONE,False,True,,,1.0,1.0,2.0,1.0,0,,0,1269,0.2834,84.9181,87.0125,False,False,flatline verdict: NOT ASSESSED (no evaluable signal (no reference history / no coupled tag)),22,0
other__10,other,Thermocouple,1327,1327,2020-02-08T17:47:44+00:00,2020-02-08T18:11:02+00:00,TIME_WEIGHTED,RECORDED,NONE,False,True,,,1.0,1.0,2.0,1.0,0,,0,1094,0.6617,28.8191,32.0773,False,False,flatline verdict: NOT ASSESSED (no evaluable signal (no reference history / no coupled tag)),22,2
other__10,other,Voltage,1327,1327,2020-02-08T17:47:44+00:00,2020-02-08T18:11:02+00:00,TIME_WEIGHTED,RECORDED,NONE,False,True,,,1.0,1.0,2.0,1.0,0,,0,1295,6.194,201.113,250.821,False,False,flatline verdict: NOT ASSESSED (no evaluable signal (no reference history / no coupled tag)),22,1
other__10,other,Volume Flow RateRMS,1327,1327,2020-02-08T17:47:44+00:00,2020-02-08T18:11:02+00:00,TIME_WEIGHTED,RECORDED,NONE,False,True,,,1.0,1.0,2.0,1.0,0,,0,80,1.372,125.314,133.688,False,False,flatline verdict: NOT ASSESSED (no evaluable signal (no reference history / no coupled tag)),22,2
other__11,other,Accelerometer1RMS,1190,1190,2020-02-08T18:10:42+00:00,2020-02-08T18:31:36+00:00,TIME_WEIGHTED,RECORDED,NONE,False,True,,,1.0,1.0,2.0,1.0,0,,0,1145,0.0026,0.2268,0.2575,False,False,flatline verdict: NOT ASSESSED (no evaluable signal (no reference history / no coupled tag)),19,0
other__11,other,Accelerometer2RMS,1190,1190,2020-02-08T18:10:42+00:00,2020-02-08T18:31:36+00:00,TIME_WEIGHTED,RECORDED,NONE,False,True,,,1.0,1.0,2.0,1.0,0,,0,1161,0.0058,0.2773,0.3091,False,False,flatline verdict: NOT ASSESSED (no evaluable signal (no reference history / no coupled tag)),19,1
other__11,other,Current,1190,1190,2020-02-08T18:10:42+00:00,2020-02-08T18:31:36+00:00,TIME_WEIGHTED,RECORDED,NONE,False,True,,,1.0,1.0,2.0,1.0,0,,0,1188,0.271,0.9205,3.2833,False,False,flatline verdict: NOT ASSESSED (no evaluable signal (no reference history / no coupled tag)),19,0
other__11,other,Pressure,1190,1190,2020-02-08T18:10:42+00:00,2020-02-08T18:31:36+00:00,TIME_WEIGHTED,RECORDED,NONE,False,True,,,1.0,1.0,2.0,1.0,0,,0,6,0.0,-1.257,0.7106,False,True,flatline verdict: NOT ASSESSED (no evaluable signal (no reference history / no coupled tag)),19,1
other__11,other,Temperature,1190,1190,2020-02-08T18:10:42+00:00,2020-02-08T18:31:36+00:00,TIME_WEIGHTED,RECORDED,NONE,False,True,,,1.0,1.0,2.0,1.0,0,,0,1124,0.2499,84.3117,85.9658,False,False,flatline verdict: NOT ASSESSED (no evaluable signal (no reference history / no coupled tag)),19,0
other__11,other,Thermocouple,1190,1190,2020-02-08T18:10:42+00:00,2020-02-08T18:31:36+00:00,TIME_WEIGHTED,RECORDED,NONE,False,True,,,1.0,1.0,2.0,1.0,0,,0,990,0.3785,29.8406,31.4336,False,False,flatline verdict: NOT ASSESSED (no evaluable signal (no reference history / no coupled tag)),19,3
other__11,other,Voltage,1190,1190,2020-02-08T18:10:42+00:00,2020-02-08T18:31:36+00:00,TIME_WEIGHTED,RECORDED,NONE,False,True,,,1.0,1.0,2.0,1.0,0,,0,1174,5.857,200.925,251.511,False,False,flatline verdict: NOT ASSESSED (no evaluable signal (no reference history / no coupled tag)),19,0
other__11,other,Volume Flow RateRMS,1190,1190,2020-02-08T18:10:42+00:00,2020-02-08T18:31:36+00:00,TIME_WEIGHTED,RECORDED,NONE,False,True,,,1.0,1.0,2.0,1.0,0,,0,68,0.688,123.312,130.69,False,False,flatline verdict: NOT ASSESSED (no evaluable signal (no reference history / no coupled tag)),19,3
other__12,other,Accelerometer1RMS,1048,1048,2020-02-08T18:34:51+00:00,2020-02-08T18:54:54+00:00,TIME_WEIGHTED,RECORDED,NONE,False,True,,,1.0,1.0,2.0,1.0,0,,0,1028,0.004,0.2356,0.2705,False,False,flatline verdict: NOT ASSESSED (no evaluable signal (no reference history / no coupled tag)),19,5
other__12,other,Accelerometer2RMS,1048,1048,2020-02-08T18:34:51+00:00,2020-02-08T18:54:54+00:00,TIME_WEIGHTED,RECORDED,NONE,False,True,,,1.0,1.0,2.0,1.0,0,,0,1029,0.004,0.2784,0.3138,False,False,flatline verdict: NOT ASSESSED (no evaluable signal (no reference history / no coupled tag)),19,5
other__12,other,Current,1048,1048,2020-02-08T18:34:51+00:00,2020-02-08T18:54:54+00:00,TIME_WEIGHTED,RECORDED,NONE,False,True,,,1.0,1.0,2.0,1.0,0,,0,1043,0.2731,0.8469,3.2332,False,False,flatline verdict: NOT ASSESSED (no evaluable signal (no reference history / no coupled tag)),19,4
other__12,other,Pressure,1048,1048,2020-02-08T18:34:51+00:00,2020-02-08T18:54:54+00:00,TIME_WEIGHTED,RECORDED,NONE,False,True,,,1.0,1.0,2.0,1.0,0,,0,7,0.0,-0.6011,1.3664,False,True,flatline verdict: NOT ASSESSED (no evaluable signal (no reference history / no coupled tag)),19,2
other__12,other,Temperature,1048,1048,2020-02-08T18:34:51+00:00,2020-02-08T18:54:54+00:00,TIME_WEIGHTED,RECORDED,NONE,False,True,,,1.0,1.0,2.0,1.0,0,,0,1015,0.2696,84.242,86.1715,False,False,flatline verdict: NOT ASSESSED (no evaluable signal (no reference history / no coupled tag)),19,4
other__12,other,Thermocouple,1048,1048,2020-02-08T18:34:51+00:00,2020-02-08T18:54:54+00:00,TIME_WEIGHTED,RECORDED,NONE,False,True,,,1.0,1.0,2.0,1.0,0,,0,821,0.121,28.9644,29.6937,False,False,flatline verdict: NOT ASSESSED (no evaluable signal (no reference history / no coupled tag)),19,5
other__12,other,Voltage,1048,1048,2020-02-08T18:34:51+00:00,2020-02-08T18:54:54+00:00,TIME_WEIGHTED,RECORDED,NONE,False,True,,,1.0,1.0,2.0,1.0,0,,0,1032,6.0975,200.968,251.492,False,False,flatline verdict: NOT ASSESSED (no evaluable signal (no reference history / no coupled tag)),19,4
other__12,other,Volume Flow RateRMS,1048,1048,2020-02-08T18:34:51+00:00,2020-02-08T18:54:54+00:00,TIME_WEIGHTED,RECORDED,NONE,False,True,,,1.0,1.0,2.0,1.0,0,,0,245,1.6905,0.5562,128.383,False,False,flatline verdict: NOT ASSESSED (no evaluable signal (no reference history / no coupled tag)),19,1
other__13,other,Accelerometer1RMS,923,923,2020-02-08T18:47:32+00:00,2020-02-08T19:06:26+00:00,TIME_WEIGHTED,RECORDED,NONE,False,True,,,1.0,1.0,2.0,1.0,0,,0,900,0.003,0.2363,0.2705,False,False,flatline verdict: NOT ASSESSED (no evaluable signal (no reference history / no coupled tag)),17,3
other__13,other,Accelerometer2RMS,923,923,2020-02-08T18:47:32+00:00,2020-02-08T19:06:26+00:00,TIME_WEIGHTED,RECORDED,NONE,False,True,,,1.0,1.0,2.0,1.0,0,,0,907,0.0043,0.2784,0.3127,False,False,flatline verdict: NOT ASSESSED (no evaluable signal (no reference history / no coupled tag)),17,3
other__13,other,Current,923,923,2020-02-08T18:47:32+00:00,2020-02-08T19:06:26+00:00,TIME_WEIGHTED,RECORDED,NONE,False,True,,,1.0,1.0,2.0,1.0,0,,0,922,0.2836,0.894,3.2846,False,False,flatline verdict: NOT ASSESSED (no evaluable signal (no reference history / no coupled tag)),17,3
other__13,other,Pressure,923,923,2020-02-08T18:47:32+00:00,2020-02-08T19:06:26+00:00,TIME_WEIGHTED,RECORDED,NONE,False,True,,,1.0,1.0,2.0,1.0,0,,0,7,0.0,-0.6011,1.3664,False,True,flatline verdict: NOT ASSESSED (no evaluable signal (no reference history / no coupled tag)),17,3
other__13,other,Temperature,923,923,2020-02-08T18:47:32+00:00,2020-02-08T19:06:26+00:00,TIME_WEIGHTED,RECORDED,NONE,False,True,,,1.0,1.0,2.0,1.0,0,,0,892,0.2297,84.9816,86.4466,False,False,flatline verdict: NOT ASSESSED (no evaluable signal (no reference history / no coupled tag)),17,3
other__13,other,Thermocouple,923,923,2020-02-08T18:47:32+00:00,2020-02-08T19:06:26+00:00,TIME_WEIGHTED,RECORDED,NONE,False,True,,,1.0,1.0,2.0,1.0,0,,0,692,0.1019,28.8126,29.401,False,False,flatline verdict: NOT ASSESSED (no evaluable signal (no reference history / no coupled tag)),17,3
other__13,other,Voltage,923,923,2020-02-08T18:47:32+00:00,2020-02-08T19:06:26+00:00,TIME_WEIGHTED,RECORDED,NONE,False,True,,,1.0,1.0,2.0,1.0,0,,0,906,6.44,201.719,251.344,False,False,flatline verdict: NOT ASSESSED (no evaluable signal (no reference history / no coupled tag)),17,3
other__13,other,Volume Flow RateRMS,923,923,2020-02-08T18:47:32+00:00,2020-02-08T19:06:26+00:00,TIME_WEIGHTED,RECORDED,NONE,False,True,,,1.0,1.0,2.0,1.0,0,,0,241,1.615,0.5555,127.692,False,False,flatline verdict: NOT ASSESSED (no evaluable signal (no reference history / no coupled tag)),17,7
other__14,other,Accelerometer1RMS,905,905,2020-02-08T19:16:28+00:00,2020-02-08T19:32:19+00:00,TIME_WEIGHTED,RECORDED,NONE,False,True,,,1.0,1.0,2.0,1.0,0,,0,854,0.0021,0.0158,0.2569,False,False,flatline verdict: NOT ASSESSED (no evaluable signal (no reference history / no coupled tag)),14,1
other__14,other,Accelerometer2RMS,905,905,2020-02-08T19:16:28+00:00,2020-02-08T19:32:19+00:00,TIME_WEIGHTED,RECORDED,NONE,False,True,,,1.0,1.0,2.0,1.0,0,,0,876,0.0044,0.0155,0.3065,False,False,flatline verdict: NOT ASSESSED (no evaluable signal (no reference history / no coupled tag)),14,1
other__14,other,Current,905,905,2020-02-08T19:16:28+00:00,2020-02-08T19:32:19+00:00,TIME_WEIGHTED,RECORDED,NONE,False,True,,,1.0,1.0,2.0,1.0,0,,0,904,0.3067,0.1498,3.3184,False,False,flatline verdict: NOT ASSESSED (no evaluable signal (no reference history / no coupled tag)),14,0
other__14,other,Pressure,905,905,2020-02-08T19:16:28+00:00,2020-02-08T19:32:19+00:00,TIME_WEIGHTED,RECORDED,NONE,False,True,,,1.0,1.0,2.0,1.0,0,,0,5,0.0,-0.6011,0.7106,False,True,flatline verdict: NOT ASSESSED (no evaluable signal (no reference history / no coupled tag)),14,2
other__14,other,Temperature,905,905,2020-02-08T19:16:28+00:00,2020-02-08T19:32:19+00:00,TIME_WEIGHTED,RECORDED,NONE,False,True,,,1.0,1.0,2.0,1.0,0,,0,874,0.2362,85.561,86.9628,False,False,flatline verdict: NOT ASSESSED (no evaluable signal (no reference history / no coupled tag)),14,2
other__14,other,Thermocouple,905,905,2020-02-08T19:16:28+00:00,2020-02-08T19:32:19+00:00,TIME_WEIGHTED,RECORDED,NONE,False,True,,,1.0,1.0,2.0,1.0,0,,0,633,0.0351,28.6886,33.4151,False,False,flatline verdict: NOT ASSESSED (no evaluable signal (no reference history / no coupled tag)),14,2
other__14,other,Voltage,905,905,2020-02-08T19:16:28+00:00,2020-02-08T19:32:19+00:00,TIME_WEIGHTED,RECORDED,NONE,False,True,,,1.0,1.0,2.0,1.0,0,,0,888,5.945,201.967,251.54,False,False,flatline verdict: NOT ASSESSED (no evaluable signal (no reference history / no coupled tag)),14,0
other__14,other,Volume Flow RateRMS,905,905,2020-02-08T19:16:28+00:00,2020-02-08T19:32:19+00:00,TIME_WEIGHTED,RECORDED,NONE,False,True,,,1.0,1.0,2.0,1.0,0,,0,60,0.695,2.7677,131.39,False,False,flatline verdict: NOT ASSESSED (no evaluable signal (no reference history / no coupled tag)),14,2
other__2,other,Accelerometer1RMS,780,780,2020-03-01T16:28:16+00:00,2020-03-01T16:45:59+00:00,TIME_WEIGHTED,RECORDED,NONE,False,True,,,1.0,1.0,1.1,0.7676,1,247.0,0,772,0.0005,0.0757,0.0825,False,False,flatline verdict: NOT ASSESSED (no evaluable signal (no reference history / no coupled tag)),13,1
other__2,other,Accelerometer2RMS,780,780,2020-03-01T16:28:16+00:00,2020-03-01T16:45:59+00:00,TIME_WEIGHTED,RECORDED,NONE,False,True,,,1.0,1.0,1.1,0.7676,1,247.0,0,750,0.0019,0.1255,0.1381,False,False,flatline verdict: NOT ASSESSED (no evaluable signal (no reference history / no coupled tag)),13,1
other__2,other,Current,780,780,2020-03-01T16:28:16+00:00,2020-03-01T16:45:59+00:00,TIME_WEIGHTED,RECORDED,NONE,False,True,,,1.0,1.0,1.1,0.7676,1,247.0,0,778,0.2772,0.5899,2.3487,False,False,flatline verdict: NOT ASSESSED (no evaluable signal (no reference history / no coupled tag)),13,1
other__2,other,Pressure,780,780,2020-03-01T16:28:16+00:00,2020-03-01T16:45:59+00:00,TIME_WEIGHTED,RECORDED,NONE,False,True,,,1.0,1.0,1.1,0.7676,1,247.0,0,7,0.0,-1.257,0.7106,False,True,flatline verdict: NOT ASSESSED (no evaluable signal (no reference history / no coupled tag)),13,0
other__2,other,Temperature,780,780,2020-03-01T16:28:16+00:00,2020-03-01T16:45:59+00:00,TIME_WEIGHTED,RECORDED,NONE,False,True,,,1.0,1.0,1.1,0.7676,1,247.0,0,769,0.5191,86.5534,89.151,False,False,flatline verdict: NOT ASSESSED (no evaluable signal (no reference history / no coupled tag)),13,1
other__2,other,Thermocouple,780,780,2020-03-01T16:28:16+00:00,2020-03-01T16:45:59+00:00,TIME_WEIGHTED,RECORDED,NONE,False,True,,,1.0,1.0,1.1,0.7676,1,247.0,0,438,0.0162,22.067,22.151,False,False,flatline verdict: NOT ASSESSED (no evaluable signal (no reference history / no coupled tag)),13,1
other__2,other,Voltage,780,780,2020-03-01T16:28:16+00:00,2020-03-01T16:45:59+00:00,TIME_WEIGHTED,RECORDED,NONE,False,True,,,1.0,1.0,1.1,0.7676,1,247.0,0,771,6.229,204.303,254.128,False,False,flatline verdict: NOT ASSESSED (no evaluable signal (no reference history / no coupled tag)),13,1
other__2,other,Volume Flow RateRMS,780,780,2020-03-01T16:28:16+00:00,2020-03-01T16:45:59+00:00,TIME_WEIGHTED,RECORDED,NONE,False,True,,,1.0,1.0,1.1,0.7676,1,247.0,0,42,1.0187,73.0,78.0,False,False,flatline verdict: NOT ASSESSED (no evaluable signal (no reference history / no coupled tag)),13,1
other__3,other,Accelerometer1RMS,1137,1137,2020-03-01T16:43:54+00:00,2020-03-01T17:03:52+00:00,TIME_WEIGHTED,RECORDED,NONE,False,True,,,1.0,1.0,2.0,1.0,0,,0,1107,0.0005,0.0792,0.0831,False,False,flatline verdict: NOT ASSESSED (no evaluable signal (no reference history / no coupled tag)),18,1
other__3,other,Accelerometer2RMS,1137,1137,2020-03-01T16:43:54+00:00,2020-03-01T17:03:52+00:00,TIME_WEIGHTED,RECORDED,NONE,False,True,,,1.0,1.0,2.0,1.0,0,,0,1066,0.002,0.1252,0.1388,False,False,flatline verdict: NOT ASSESSED (no evaluable signal (no reference history / no coupled tag)),18,2
other__3,other,Current,1137,1137,2020-03-01T16:43:54+00:00,2020-03-01T17:03:52+00:00,TIME_WEIGHTED,RECORDED,NONE,False,True,,,1.0,1.0,2.0,1.0,0,,0,1130,0.2631,0.5982,2.3285,False,False,flatline verdict: NOT ASSESSED (no evaluable signal (no reference history / no coupled tag)),18,1
other__3,other,Pressure,1137,1137,2020-03-01T16:43:54+00:00,2020-03-01T17:03:52+00:00,TIME_WEIGHTED,RECORDED,NONE,False,True,,,1.0,1.0,2.0,1.0,0,,0,5,0.0,-0.6011,0.7106,False,True,flatline verdict: NOT ASSESSED (no evaluable signal (no reference history / no coupled tag)),18,2
other__3,other,Temperature,1137,1137,2020-03-01T16:43:54+00:00,2020-03-01T17:03:52+00:00,TIME_WEIGHTED,RECORDED,NONE,False,True,,,1.0,1.0,2.0,1.0,0,,0,1107,0.5974,85.2802,88.9935,False,False,flatline verdict: NOT ASSESSED (no evaluable signal (no reference history / no coupled tag)),18,1
other__3,other,Thermocouple,1137,1137,2020-03-01T16:43:54+00:00,2020-03-01T17:03:52+00:00,TIME_WEIGHTED,RECORDED,NONE,False,True,,,1.0,1.0,2.0,1.0,0,,0,505,0.0126,22.078,22.1556,False,False,flatline verdict: NOT ASSESSED (no evaluable signal (no reference history / no coupled tag)),18,1
other__3,other,Voltage,1137,1137,2020-03-01T16:43:54+00:00,2020-03-01T17:03:52+00:00,TIME_WEIGHTED,RECORDED,NONE,False,True,,,1.0,1.0,2.0,1.0,0,,0,1115,6.484,203.887,254.611,False,False,flatline verdict: NOT ASSESSED (no evaluable signal (no reference history / no coupled tag)),18,1
other__3,other,Volume Flow RateRMS,1137,1137,2020-03-01T16:43:54+00:00,2020-03-01T17:03:52+00:00,TIME_WEIGHTED,RECORDED,NONE,False,True,,,1.0,1.0,2.0,1.0,0,,0,46,0.9799,74.0,78.0,False,False,flatline verdict: NOT ASSESSED (no evaluable signal (no reference history / no coupled tag)),18,4
other__4,other,Accelerometer1RMS,1191,1191,2020-03-01T16:59:53+00:00,2020-03-01T17:20:49+00:00,TIME_WEIGHTED,RECORDED,NONE,False,True,,,1.0,1.0,2.0,1.0,0,,0,1162,0.0005,0.0799,0.0833,False,False,flatline verdict: NOT ASSESSED (no evaluable signal (no reference history / no coupled tag)),19,0
other__4,other,Accelerometer2RMS,1191,1191,2020-03-01T16:59:53+00:00,2020-03-01T17:20:49+00:00,TIME_WEIGHTED,RECORDED,NONE,False,True,,,1.0,1.0,2.0,1.0,0,,0,1124,0.0021,0.1267,0.1416,False,False,flatline verdict: NOT ASSESSED (no evaluable signal (no reference history / no coupled tag)),19,0
other__4,other,Current,1191,1191,2020-03-01T16:59:53+00:00,2020-03-01T17:20:49+00:00,TIME_WEIGHTED,RECORDED,NONE,False,True,,,1.0,1.0,2.0,1.0,0,,0,1183,0.2703,0.6015,2.3479,False,False,flatline verdict: NOT ASSESSED (no evaluable signal (no reference history / no coupled tag)),19,0
other__4,other,Pressure,1191,1191,2020-03-01T16:59:53+00:00,2020-03-01T17:20:49+00:00,TIME_WEIGHTED,RECORDED,NONE,False,True,,,1.0,1.0,2.0,1.0,0,,0,5,0.0,-0.6011,0.7106,False,True,flatline verdict: NOT ASSESSED (no evaluable signal (no reference history / no coupled tag)),19,1
other__4,other,Temperature,1191,1191,2020-03-01T16:59:53+00:00,2020-03-01T17:20:49+00:00,TIME_WEIGHTED,RECORDED,NONE,False,True,,,1.0,1.0,2.0,1.0,0,,0,1164,0.5623,85.2802,88.133,False,False,flatline verdict: NOT ASSESSED (no evaluable signal (no reference history / no coupled tag)),19,1
other__4,other,Thermocouple,1191,1191,2020-03-01T16:59:53+00:00,2020-03-01T17:20:49+00:00,TIME_WEIGHTED,RECORDED,NONE,False,True,,,1.0,1.0,2.0,1.0,0,,0,565,0.012,22.0209,22.153,False,False,flatline verdict: NOT ASSESSED (no evaluable signal (no reference history / no coupled tag)),19,3
other__4,other,Voltage,1191,1191,2020-03-01T16:59:53+00:00,2020-03-01T17:20:49+00:00,TIME_WEIGHTED,RECORDED,NONE,False,True,,,1.0,1.0,2.0,1.0,0,,0,1174,6.472,203.884,254.33,False,False,flatline verdict: NOT ASSESSED (no evaluable signal (no reference history / no coupled tag)),19,1
other__4,other,Volume Flow RateRMS,1191,1191,2020-03-01T16:59:53+00:00,2020-03-01T17:20:49+00:00,TIME_WEIGHTED,RECORDED,NONE,False,True,,,1.0,1.0,2.0,1.0,0,,0,73,1.0,70.0214,78.0,False,False,flatline verdict: NOT ASSESSED (no evaluable signal (no reference history / no coupled tag)),19,3
other__5,other,Accelerometer1RMS,1155,1155,2020-02-08T16:06:48+00:00,2020-02-08T16:26:56+00:00,TIME_WEIGHTED,RECORDED,NONE,False,True,,,1.0,1.0,1.0,1.0,0,,0,1137,0.0063,0.1882,0.7227,False,False,flatline verdict: NOT ASSESSED (no evaluable signal (no reference history / no coupled tag)),19,1
other__5,other,Accelerometer2RMS,1155,1155,2020-02-08T16:06:48+00:00,2020-02-08T16:26:56+00:00,TIME_WEIGHTED,RECORDED,NONE,False,True,,,1.0,1.0,1.0,1.0,0,,0,1145,0.0095,0.2493,0.8005,False,False,flatline verdict: NOT ASSESSED (no evaluable signal (no reference history / no coupled tag)),19,0
other__5,other,Current,1155,1155,2020-02-08T16:06:48+00:00,2020-02-08T16:26:56+00:00,TIME_WEIGHTED,RECORDED,NONE,False,True,,,1.0,1.0,1.0,1.0,0,,0,1149,0.244,0.8894,3.2603,False,False,flatline verdict: NOT ASSESSED (no evaluable signal (no reference history / no coupled tag)),19,0
other__5,other,Pressure,1155,1155,2020-02-08T16:06:48+00:00,2020-02-08T16:26:56+00:00,TIME_WEIGHTED,RECORDED,NONE,False,True,,,1.0,1.0,1.0,1.0,0,,0,6,0.0,-0.6011,1.0385,False,True,flatline verdict: NOT ASSESSED (no evaluable signal (no reference history / no coupled tag)),19,0
other__5,other,Temperature,1155,1155,2020-02-08T16:06:48+00:00,2020-02-08T16:26:56+00:00,TIME_WEIGHTED,RECORDED,NONE,False,True,,,1.0,1.0,1.0,1.0,0,,0,1080,0.2401,87.9393,89.381,False,False,flatline verdict: NOT ASSESSED (no evaluable signal (no reference history / no coupled tag)),19,0
other__5,other,Thermocouple,1155,1155,2020-02-08T16:06:48+00:00,2020-02-08T16:26:56+00:00,TIME_WEIGHTED,RECORDED,NONE,False,True,,,1.0,1.0,1.0,1.0,0,,0,653,0.0193,29.3255,29.6014,False,False,flatline verdict: NOT ASSESSED (no evaluable signal (no reference history / no coupled tag)),19,0
other__5,other,Voltage,1155,1155,2020-02-08T16:06:48+00:00,2020-02-08T16:26:56+00:00,TIME_WEIGHTED,RECORDED,NONE,False,True,,,1.0,1.0,1.0,1.0,0,,0,1123,6.046,202.402,252.473,False,False,flatline verdict: NOT ASSESSED (no evaluable signal (no reference history / no coupled tag)),19,0
other__5,other,Volume Flow RateRMS,1155,1155,2020-02-08T16:06:48+00:00,2020-02-08T16:26:56+00:00,TIME_WEIGHTED,RECORDED,NONE,False,True,,,1.0,1.0,1.0,1.0,0,,0,44,0.324,124.323,128.68,False,False,flatline verdict: NOT ASSESSED (no evaluable signal (no reference history / no coupled tag)),19,6
other__6,other,Accelerometer1RMS,1147,1147,2020-02-08T16:27:09+00:00,2020-02-08T16:47:09+00:00,TIME_WEIGHTED,RECORDED,NONE,False,True,,,1.0,1.0,1.0,1.0,0,,0,1116,0.0043,0.1882,0.6587,False,False,flatline verdict: NOT ASSESSED (no evaluable signal (no reference history / no coupled tag)),19,0
other__6,other,Accelerometer2RMS,1147,1147,2020-02-08T16:27:09+00:00,2020-02-08T16:47:09+00:00,TIME_WEIGHTED,RECORDED,NONE,False,True,,,1.0,1.0,1.0,1.0,0,,0,1116,0.0043,0.2298,0.7355,False,False,flatline verdict: NOT ASSESSED (no evaluable signal (no reference history / no coupled tag)),19,1
other__6,other,Current,1147,1147,2020-02-08T16:27:09+00:00,2020-02-08T16:47:09+00:00,TIME_WEIGHTED,RECORDED,NONE,False,True,,,1.0,1.0,1.0,1.0,0,,0,1138,0.2578,0.8878,3.2074,False,False,flatline verdict: NOT ASSESSED (no evaluable signal (no reference history / no coupled tag)),19,1
other__6,other,Pressure,1147,1147,2020-02-08T16:27:09+00:00,2020-02-08T16:47:09+00:00,TIME_WEIGHTED,RECORDED,NONE,False,True,,,1.0,1.0,1.0,1.0,0,,0,7,0.0,-0.9291,1.0385,False,True,flatline verdict: NOT ASSESSED (no evaluable signal (no reference history / no coupled tag)),19,3
other__6,other,Temperature,1147,1147,2020-02-08T16:27:09+00:00,2020-02-08T16:47:09+00:00,TIME_WEIGHTED,RECORDED,NONE,False,True,,,1.0,1.0,1.0,1.0,0,,0,1097,0.2397,87.8898,89.3844,False,False,flatline verdict: NOT ASSESSED (no evaluable signal (no reference history / no coupled tag)),19,0
other__6,other,Thermocouple,1147,1147,2020-02-08T16:27:09+00:00,2020-02-08T16:47:09+00:00,TIME_WEIGHTED,RECORDED,NONE,False,True,,,1.0,1.0,1.0,1.0,0,,0,730,0.0313,29.47,29.7771,False,False,flatline verdict: NOT ASSESSED (no evaluable signal (no reference history / no coupled tag)),19,2
other__6,other,Voltage,1147,1147,2020-02-08T16:27:09+00:00,2020-02-08T16:47:09+00:00,TIME_WEIGHTED,RECORDED,NONE,False,True,,,1.0,1.0,1.0,1.0,0,,0,1128,5.347,202.335,252.171,False,False,flatline verdict: NOT ASSESSED (no evaluable signal (no reference history / no coupled tag)),19,0
other__6,other,Volume Flow RateRMS,1147,1147,2020-02-08T16:27:09+00:00,2020-02-08T16:47:09+00:00,TIME_WEIGHTED,RECORDED,NONE,False,True,,,1.0,1.0,1.0,1.0,0,,0,47,0.362,124.644,128.681,False,False,flatline verdict: NOT ASSESSED (no evaluable signal (no reference history / no coupled tag)),19,2
other__7,other,Accelerometer1RMS,1090,1090,2020-02-08T16:47:11+00:00,2020-02-08T17:06:12+00:00,TIME_WEIGHTED,RECORDED,NONE,False,True,,,1.0,1.0,1.0,1.0,0,,0,1072,0.0059,0.195,0.6493,False,False,flatline verdict: NOT ASSESSED (no evaluable signal (no reference history / no coupled tag)),18,0
other__7,other,Accelerometer2RMS,1090,1090,2020-02-08T16:47:11+00:00,2020-02-08T17:06:12+00:00,TIME_WEIGHTED,RECORDED,NONE,False,True,,,1.0,1.0,1.0,1.0,0,,0,1061,0.0043,0.2395,0.7324,False,False,flatline verdict: NOT ASSESSED (no evaluable signal (no reference history / no coupled tag)),18,0
other__7,other,Current,1090,1090,2020-02-08T16:47:11+00:00,2020-02-08T17:06:12+00:00,TIME_WEIGHTED,RECORDED,NONE,False,True,,,1.0,1.0,1.0,1.0,0,,0,1087,0.2711,0.9018,3.2234,False,False,flatline verdict: NOT ASSESSED (no evaluable signal (no reference history / no coupled tag)),18,0
other__7,other,Pressure,1090,1090,2020-02-08T16:47:11+00:00,2020-02-08T17:06:12+00:00,TIME_WEIGHTED,RECORDED,NONE,False,True,,,1.0,1.0,1.0,1.0,0,,0,6,0.0,-0.6011,1.0385,False,True,flatline verdict: NOT ASSESSED (no evaluable signal (no reference history / no coupled tag)),18,1
other__7,other,Temperature,1090,1090,2020-02-08T16:47:11+00:00,2020-02-08T17:06:12+00:00,TIME_WEIGHTED,RECORDED,NONE,False,True,,,1.0,1.0,1.0,1.0,0,,0,1041,0.2524,87.6656,89.2793,False,False,flatline verdict: NOT ASSESSED (no evaluable signal (no reference history / no coupled tag)),18,0
other__7,other,Thermocouple,1090,1090,2020-02-08T16:47:11+00:00,2020-02-08T17:06:12+00:00,TIME_WEIGHTED,RECORDED,NONE,False,True,,,1.0,1.0,1.0,1.0,0,,0,751,0.0362,29.6724,30.0242,False,False,flatline verdict: NOT ASSESSED (no evaluable signal (no reference history / no coupled tag)),18,3
other__7,other,Voltage,1090,1090,2020-02-08T16:47:11+00:00,2020-02-08T17:06:12+00:00,TIME_WEIGHTED,RECORDED,NONE,False,True,,,1.0,1.0,1.0,1.0,0,,0,1070,6.4425,201.555,252.045,False,False,flatline verdict: NOT ASSESSED (no evaluable signal (no reference history / no coupled tag)),18,0
other__7,other,Volume Flow RateRMS,1090,1090,2020-02-08T16:47:11+00:00,2020-02-08T17:06:12+00:00,TIME_WEIGHTED,RECORDED,NONE,False,True,,,1.0,1.0,1.0,1.0,0,,0,53,0.681,124.0,129.365,False,False,flatline verdict: NOT ASSESSED (no evaluable signal (no reference history / no coupled tag)),18,3
other__8,other,Accelerometer1RMS,1147,1147,2020-02-08T17:07:11+00:00,2020-02-08T17:27:13+00:00,TIME_WEIGHTED,RECORDED,NONE,False,True,,,1.0,1.0,1.0,1.0,0,,0,1115,0.0033,0.2089,0.6076,False,False,flatline verdict: NOT ASSESSED (no evaluable signal (no reference history / no coupled tag)),19,0
other__8,other,Accelerometer2RMS,1147,1147,2020-02-08T17:07:11+00:00,2020-02-08T17:27:13+00:00,TIME_WEIGHTED,RECORDED,NONE,False,True,,,1.0,1.0,1.0,1.0,0,,0,1101,0.0022,0.2537,0.7001,False,False,flatline verdict: NOT ASSESSED (no evaluable signal (no reference history / no coupled tag)),19,0
other__8,other,Current,1147,1147,2020-02-08T17:07:11+00:00,2020-02-08T17:27:13+00:00,TIME_WEIGHTED,RECORDED,NONE,False,True,,,1.0,1.0,1.0,1.0,0,,0,1143,0.2695,0.8973,3.2334,False,False,flatline verdict: NOT ASSESSED (no evaluable signal (no reference history / no coupled tag)),19,0
other__8,other,Pressure,1147,1147,2020-02-08T17:07:11+00:00,2020-02-08T17:27:13+00:00,TIME_WEIGHTED,RECORDED,NONE,False,True,,,1.0,1.0,1.0,1.0,0,,0,6,0.0,-0.6011,1.0385,False,True,flatline verdict: NOT ASSESSED (no evaluable signal (no reference history / no coupled tag)),19,3
other__8,other,Temperature,1147,1147,2020-02-08T17:07:11+00:00,2020-02-08T17:27:13+00:00,TIME_WEIGHTED,RECORDED,NONE,False,True,,,1.0,1.0,1.0,1.0,0,,0,1082,0.2541,87.7088,89.0098,False,False,flatline verdict: NOT ASSESSED (no evaluable signal (no reference history / no coupled tag)),19,0
other__8,other,Thermocouple,1147,1147,2020-02-08T17:07:11+00:00,2020-02-08T17:27:13+00:00,TIME_WEIGHTED,RECORDED,NONE,False,True,,,1.0,1.0,1.0,1.0,0,,0,773,0.0379,29.7567,30.1102,False,False,flatline verdict: NOT ASSESSED (no evaluable signal (no reference history / no coupled tag)),19,3
other__8,other,Voltage,1147,1147,2020-02-08T17:07:11+00:00,2020-02-08T17:27:13+00:00,TIME_WEIGHTED,RECORDED,NONE,False,True,,,1.0,1.0,1.0,1.0,0,,0,1133,6.064,201.423,252.023,False,False,flatline verdict: NOT ASSESSED (no evaluable signal (no reference history / no coupled tag)),19,0
other__8,other,Volume Flow RateRMS,1147,1147,2020-02-08T17:07:11+00:00,2020-02-08T17:27:13+00:00,TIME_WEIGHTED,RECORDED,NONE,False,True,,,1.0,1.0,1.0,1.0,0,,0,45,0.366,125.317,129.684,False,False,flatline verdict: NOT ASSESSED (no evaluable signal (no reference history / no coupled tag)),19,4
other__9,other,Accelerometer1RMS,1144,1144,2020-02-08T17:27:19+00:00,2020-02-08T17:47:18+00:00,TIME_WEIGHTED,RECORDED,NONE,False,True,,,1.0,1.0,1.0,1.0,0,,0,1121,0.0062,0.2092,0.6574,False,False,flatline verdict: NOT ASSESSED (no evaluable signal (no reference history / no coupled tag)),19,0
other__9,other,Accelerometer2RMS,1144,1144,2020-02-08T17:27:19+00:00,2020-02-08T17:47:18+00:00,TIME_WEIGHTED,RECORDED,NONE,False,True,,,1.0,1.0,1.0,1.0,0,,0,1128,0.0071,0.2507,0.7507,False,False,flatline verdict: NOT ASSESSED (no evaluable signal (no reference history / no coupled tag)),19,0
other__9,other,Current,1144,1144,2020-02-08T17:27:19+00:00,2020-02-08T17:47:18+00:00,TIME_WEIGHTED,RECORDED,NONE,False,True,,,1.0,1.0,1.0,1.0,0,,0,1141,0.2746,0.8849,3.26,False,False,flatline verdict: NOT ASSESSED (no evaluable signal (no reference history / no coupled tag)),19,0
other__9,other,Pressure,1144,1144,2020-02-08T17:27:19+00:00,2020-02-08T17:47:18+00:00,TIME_WEIGHTED,RECORDED,NONE,False,True,,,1.0,1.0,1.0,1.0,0,,0,5,0.0,-0.6011,0.7106,False,True,flatline verdict: NOT ASSESSED (no evaluable signal (no reference history / no coupled tag)),19,3
other__9,other,Temperature,1144,1144,2020-02-08T17:27:19+00:00,2020-02-08T17:47:18+00:00,TIME_WEIGHTED,RECORDED,NONE,False,True,,,1.0,1.0,1.0,1.0,0,,0,1115,0.4978,85.9283,88.6243,False,False,flatline verdict: NOT ASSESSED (no evaluable signal (no reference history / no coupled tag)),19,0
other__9,other,Thermocouple,1144,1144,2020-02-08T17:27:19+00:00,2020-02-08T17:47:18+00:00,TIME_WEIGHTED,RECORDED,NONE,False,True,,,1.0,1.0,1.0,1.0,0,,0,915,0.1656,29.2314,29.9935,False,False,flatline verdict: NOT ASSESSED (no evaluable signal (no reference history / no coupled tag)),19,3
other__9,other,Voltage,1144,1144,2020-02-08T17:27:19+00:00,2020-02-08T17:47:18+00:00,TIME_WEIGHTED,RECORDED,NONE,False,True,,,1.0,1.0,1.0,1.0,0,,0,1133,6.698,200.744,251.612,False,False,flatline verdict: NOT ASSESSED (no evaluable signal (no reference history / no coupled tag)),19,0
other__9,other,Volume Flow RateRMS,1144,1144,2020-02-08T17:27:19+00:00,2020-02-08T17:47:18+00:00,TIME_WEIGHTED,RECORDED,NONE,False,True,,,1.0,1.0,1.0,1.0,0,,0,52,0.684,123.316,129.0,False,False,flatline verdict: NOT ASSESSED (no evaluable signal (no reference history / no coupled tag)),19,4
valve1__0,valve1,Accelerometer1RMS,1147,1147,2020-03-09T10:14:33+00:00,2020-03-09T10:34:32+00:00,TIME_WEIGHTED,RECORDED,NONE,False,True,,,1.0,1.0,1.0,1.0,0,,0,1100,0.0002,0.0256,0.0275,False,False,flatline verdict: NOT ASSESSED (no evaluable signal (no reference history / no coupled tag)),19,0
valve1__0,valve1,Accelerometer2RMS,1147,1147,2020-03-09T10:14:33+00:00,2020-03-09T10:34:32+00:00,TIME_WEIGHTED,RECORDED,NONE,False,True,,,1.0,1.0,1.0,1.0,0,,0,1131,0.0005,0.0381,0.043,False,False,flatline verdict: NOT ASSESSED (no evaluable signal (no reference history / no coupled tag)),19,0
valve1__0,valve1,Current,1147,1147,2020-03-09T10:14:33+00:00,2020-03-09T10:34:32+00:00,TIME_WEIGHTED,RECORDED,NONE,False,True,,,1.0,1.0,1.0,1.0,0,,0,1140,0.208,0.3882,1.6626,False,False,flatline verdict: NOT ASSESSED (no evaluable signal (no reference history / no coupled tag)),19,0
valve1__0,valve1,Pressure,1147,1147,2020-03-09T10:14:33+00:00,2020-03-09T10:34:32+00:00,TIME_WEIGHTED,RECORDED,NONE,False,True,,,1.0,1.0,1.0,1.0,0,,0,5,0.0,-0.6011,0.7106,False,True,flatline verdict: NOT ASSESSED (no evaluable signal (no reference history / no coupled tag)),19,3
valve1__0,valve1,Temperature,1147,1147,2020-03-09T10:14:33+00:00,2020-03-09T10:34:32+00:00,TIME_WEIGHTED,RECORDED,NONE,False,True,,,1.0,1.0,1.0,1.0,0,,0,1124,1.2691,74.237,79.8891,False,False,flatline verdict: NOT ASSESSED (no evaluable signal (no reference history / no coupled tag)),19,1
valve1__0,valve1,Thermocouple,1147,1147,2020-03-09T10:14:33+00:00,2020-03-09T10:34:32+00:00,TIME_WEIGHTED,RECORDED,NONE,False,True,,,1.0,1.0,1.0,1.0,0,,0,866,0.0742,25.8299,26.1044,False,False,flatline verdict: NOT ASSESSED (no evaluable signal (no reference history / no coupled tag)),19,1
valve1__0,valve1,Voltage,1147,1147,2020-03-09T10:14:33+00:00,2020-03-09T10:34:32+00:00,TIME_WEIGHTED,RECORDED,NONE,False,True,,,1.0,1.0,1.0,1.0,0,,0,1126,5.843,203.967,255.324,False,False,flatline verdict: NOT ASSESSED (no evaluable signal (no reference history / no coupled tag)),19,0
valve1__0,valve1,Volume Flow RateRMS,1147,1147,2020-03-09T10:14:33+00:00,2020-03-09T10:34:32+00:00,TIME_WEIGHTED,RECORDED,NONE,False,True,,,1.0,1.0,1.0,1.0,0,,0,42,0.0,31.0,32.9986,False,True,flatline verdict: NOT ASSESSED (no evaluable signal (no reference history / no coupled tag)),19,2
valve1__1,valve1,Accelerometer1RMS,1145,1145,2020-03-09T10:34:33+00:00,2020-03-09T10:54:33+00:00,TIME_WEIGHTED,RECORDED,NONE,False,True,,,1.0,1.0,1.0,1.0,0,,0,1090,0.0002,0.0258,0.0279,False,False,flatline verdict: NOT ASSESSED (no evaluable signal (no reference history / no coupled tag)),19,0
valve1__1,valve1,Accelerometer2RMS,1145,1145,2020-03-09T10:34:33+00:00,2020-03-09T10:54:33+00:00,TIME_WEIGHTED,RECORDED,NONE,False,True,,,1.0,1.0,1.0,1.0,0,,0,1127,0.0006,0.0376,0.0534,False,False,flatline verdict: NOT ASSESSED (no evaluable signal (no reference history / no coupled tag)),19,0
valve1__1,valve1,Current,1145,1145,2020-03-09T10:34:33+00:00,2020-03-09T10:54:33+00:00,TIME_WEIGHTED,RECORDED,NONE,False,True,,,1.0,1.0,1.0,1.0,0,,0,1141,0.2352,0.3755,1.5962,False,False,flatline verdict: NOT ASSESSED (no evaluable signal (no reference history / no coupled tag)),19,0
valve1__1,valve1,Pressure,1145,1145,2020-03-09T10:34:33+00:00,2020-03-09T10:54:33+00:00,TIME_WEIGHTED,RECORDED,NONE,False,True,,,1.0,1.0,1.0,1.0,0,,0,7,0.0,-0.9291,1.0385,False,True,flatline verdict: NOT ASSESSED (no evaluable signal (no reference history / no coupled tag)),19,3
valve1__1,valve1,Temperature,1145,1145,2020-03-09T10:34:33+00:00,2020-03-09T10:54:33+00:00,TIME_WEIGHTED,RECORDED,NONE,False,True,,,1.0,1.0,1.0,1.0,0,,0,1125,0.8655,71.0004,76.2801,False,False,flatline verdict: NOT ASSESSED (no evaluable signal (no reference history / no coupled tag)),19,0
valve1__1,valve1,Thermocouple,1145,1145,2020-03-09T10:34:33+00:00,2020-03-09T10:54:33+00:00,TIME_WEIGHTED,RECORDED,NONE,False,True,,,1.0,1.0,1.0,1.0,0,,0,862,0.0411,25.6111,25.924,False,False,flatline verdict: NOT ASSESSED (no evaluable signal (no reference history / no coupled tag)),19,2
valve1__1,valve1,Voltage,1145,1145,2020-03-09T10:34:33+00:00,2020-03-09T10:54:33+00:00,TIME_WEIGHTED,RECORDED,NONE,False,True,,,1.0,1.0,1.0,1.0,0,,0,1131,5.912,203.738,254.52,False,False,flatline verdict: NOT ASSESSED (no evaluable signal (no reference history / no coupled tag)),19,0
valve1__1,valve1,Volume Flow RateRMS,1145,1145,2020-03-09T10:34:33+00:00,2020-03-09T10:54:33+00:00,TIME_WEIGHTED,RECORDED,NONE,False,True,,,1.0,1.0,1.0,1.0,0,,0,33,0.0007,30.0,33.0,False,False,flatline verdict: NOT ASSESSED (no evaluable signal (no reference history / no coupled tag)),19,3
valve1__10,valve1,Accelerometer1RMS,1146,1146,2020-03-09T13:34:39+00:00,2020-03-09T13:54:38+00:00,TIME_WEIGHTED,RECORDED,NONE,False,True,,,1.0,1.0,1.0,1.0,0,,0,1108,0.0004,0.0261,0.0289,False,False,flatline verdict: NOT ASSESSED (no evaluable signal (no reference history / no coupled tag)),19,0
valve1__10,valve1,Accelerometer2RMS,1146,1146,2020-03-09T13:34:39+00:00,2020-03-09T13:54:38+00:00,TIME_WEIGHTED,RECORDED,NONE,False,True,,,1.0,1.0,1.0,1.0,0,,0,1127,0.0009,0.0382,0.0478,False,False,flatline verdict: NOT ASSESSED (no evaluable signal (no reference history / no coupled tag)),19,0
valve1__10,valve1,Current,1146,1146,2020-03-09T13:34:39+00:00,2020-03-09T13:54:38+00:00,TIME_WEIGHTED,RECORDED,NONE,False,True,,,1.0,1.0,1.0,1.0,0,,0,1145,0.2293,0.3992,1.5693,False,False,flatline verdict: NOT ASSESSED (no evaluable signal (no reference history / no coupled tag)),19,0
valve1__10,valve1,Pressure,1146,1146,2020-03-09T13:34:39+00:00,2020-03-09T13:54:38+00:00,TIME_WEIGHTED,RECORDED,NONE,False,True,,,1.0,1.0,1.0,1.0,0,,0,6,0.0,-0.6011,1.0385,False,True,flatline verdict: NOT ASSESSED (no evaluable signal (no reference history / no coupled tag)),19,1
valve1__10,valve1,Temperature,1146,1146,2020-03-09T13:34:39+00:00,2020-03-09T13:54:38+00:00,TIME_WEIGHTED,RECORDED,NONE,False,True,,,1.0,1.0,1.0,1.0,0,,0,1118,0.6942,66.236,70.156,False,False,flatline verdict: NOT ASSESSED (no evaluable signal (no reference history / no coupled tag)),19,0
valve1__10,valve1,Thermocouple,1146,1146,2020-03-09T13:34:39+00:00,2020-03-09T13:54:38+00:00,TIME_WEIGHTED,RECORDED,NONE,False,True,,,1.0,1.0,1.0,1.0,0,,0,471,0.0089,24.7181,24.8333,False,False,flatline verdict: NOT ASSESSED (no evaluable signal (no reference history / no coupled tag)),19,0
valve1__10,valve1,Voltage,1146,1146,2020-03-09T13:34:39+00:00,2020-03-09T13:54:38+00:00,TIME_WEIGHTED,RECORDED,NONE,False,True,,,1.0,1.0,1.0,1.0,0,,0,1122,6.6835,203.518,254.767,False,False,flatline verdict: NOT ASSESSED (no evaluable signal (no reference history / no coupled tag)),19,0
valve1__10,valve1,Volume Flow RateRMS,1146,1146,2020-03-09T13:34:39+00:00,2020-03-09T13:54:38+00:00,TIME_WEIGHTED,RECORDED,NONE,False,True,,,1.0,1.0,1.0,1.0,0,,0,52,0.0208,29.0,32.9808,False,False,flatline verdict: NOT ASSESSED (no evaluable signal (no reference history / no coupled tag)),19,1
valve1__11,valve1,Accelerometer1RMS,1141,1141,2020-03-09T13:54:39+00:00,2020-03-09T14:14:39+00:00,TIME_WEIGHTED,RECORDED,NONE,False,True,,,1.0,1.0,2.0,1.0,0,,0,1094,0.0003,0.0266,0.029,False,False,flatline verdict: NOT ASSESSED (no evaluable signal (no reference history / no coupled tag)),19,0
valve1__11,valve1,Accelerometer2RMS,1141,1141,2020-03-09T13:54:39+00:00,2020-03-09T14:14:39+00:00,TIME_WEIGHTED,RECORDED,NONE,False,True,,,1.0,1.0,2.0,1.0,0,,0,1118,0.0007,0.0378,0.0466,False,False,flatline verdict: NOT ASSESSED (no evaluable signal (no reference history / no coupled tag)),19,0
valve1__11,valve1,Current,1141,1141,2020-03-09T13:54:39+00:00,2020-03-09T14:14:39+00:00,TIME_WEIGHTED,RECORDED,NONE,False,True,,,1.0,1.0,2.0,1.0,0,,0,1135,0.2373,0.3853,1.539,False,False,flatline verdict: NOT ASSESSED (no evaluable signal (no reference history / no coupled tag)),19,0
valve1__11,valve1,Pressure,1141,1141,2020-03-09T13:54:39+00:00,2020-03-09T14:14:39+00:00,TIME_WEIGHTED,RECORDED,NONE,False,True,,,1.0,1.0,2.0,1.0,0,,0,5,0.0,-0.6011,0.7106,False,True,flatline verdict: NOT ASSESSED (no evaluable signal (no reference history / no coupled tag)),19,1
valve1__11,valve1,Temperature,1141,1141,2020-03-09T13:54:39+00:00,2020-03-09T14:14:39+00:00,TIME_WEIGHTED,RECORDED,NONE,False,True,,,1.0,1.0,2.0,1.0,0,,0,1108,0.4849,66.6261,69.7977,False,False,flatline verdict: NOT ASSESSED (no evaluable signal (no reference history / no coupled tag)),19,1
valve1__11,valve1,Thermocouple,1141,1141,2020-03-09T13:54:39+00:00,2020-03-09T14:14:39+00:00,TIME_WEIGHTED,RECORDED,NONE,False,True,,,1.0,1.0,2.0,1.0,0,,0,651,0.0167,24.6414,24.7569,False,False,flatline verdict: NOT ASSESSED (no evaluable signal (no reference history / no coupled tag)),19,1
valve1__11,valve1,Voltage,1141,1141,2020-03-09T13:54:39+00:00,2020-03-09T14:14:39+00:00,TIME_WEIGHTED,RECORDED,NONE,False,True,,,1.0,1.0,2.0,1.0,0,,0,1121,6.158,203.382,254.663,False,False,flatline verdict: NOT ASSESSED (no evaluable signal (no reference history / no coupled tag)),19,0
valve1__11,valve1,Volume Flow RateRMS,1141,1141,2020-03-09T13:54:39+00:00,2020-03-09T14:14:39+00:00,TIME_WEIGHTED,RECORDED,NONE,False,True,,,1.0,1.0,2.0,1.0,0,,0,54,0.024,26.9772,33.0,False,False,flatline verdict: NOT ASSESSED (no evaluable signal (no reference history / no coupled tag)),19,3
valve1__12,valve1,Accelerometer1RMS,1140,1140,2020-03-09T14:14:40+00:00,2020-03-09T14:34:40+00:00,TIME_WEIGHTED,RECORDED,NONE,False,True,,,1.0,1.0,2.0,1.0,0,,0,1088,0.0003,0.0264,0.0284,False,False,flatline verdict: NOT ASSESSED (no evaluable signal (no reference history / no coupled tag)),19,0
valve1__12,valve1,Accelerometer2RMS,1140,1140,2020-03-09T14:14:40+00:00,2020-03-09T14:34:40+00:00,TIME_WEIGHTED,RECORDED,NONE,False,True,,,1.0,1.0,2.0,1.0,0,,0,1124,0.0008,0.0375,0.0471,False,False,flatline verdict: NOT ASSESSED (no evaluable signal (no reference history / no coupled tag)),19,0
valve1__12,valve1,Current,1140,1140,2020-03-09T14:14:40+00:00,2020-03-09T14:34:40+00:00,TIME_WEIGHTED,RECORDED,NONE,False,True,,,1.0,1.0,2.0,1.0,0,,0,1133,0.2355,0.3726,1.5609,False,False,flatline verdict: NOT ASSESSED (no evaluable signal (no reference history / no coupled tag)),19,0
valve1__12,valve1,Pressure,1140,1140,2020-03-09T14:14:40+00:00,2020-03-09T14:34:40+00:00,TIME_WEIGHTED,RECORDED,NONE,False,True,,,1.0,1.0,2.0,1.0,0,,0,6,0.0,-0.9291,0.7106,False,True,flatline verdict: NOT ASSESSED (no evaluable signal (no reference history / no coupled tag)),19,1
valve1__12,valve1,Temperature,1140,1140,2020-03-09T14:14:40+00:00,2020-03-09T14:34:40+00:00,TIME_WEIGHTED,RECORDED,NONE,False,True,,,1.0,1.0,2.0,1.0,0,,0,1120,1.0292,65.4202,70.4857,False,False,flatline verdict: NOT ASSESSED (no evaluable signal (no reference history / no coupled tag)),19,0
valve1__12,valve1,Thermocouple,1140,1140,2020-03-09T14:14:40+00:00,2020-03-09T14:34:40+00:00,TIME_WEIGHTED,RECORDED,NONE,False,True,,,1.0,1.0,2.0,1.0,0,,0,576,0.0102,24.5807,24.7264,False,False,flatline verdict: NOT ASSESSED (no evaluable signal (no reference history / no coupled tag)),19,4
valve1__12,valve1,Voltage,1140,1140,2020-03-09T14:14:40+00:00,2020-03-09T14:34:40+00:00,TIME_WEIGHTED,RECORDED,NONE,False,True,,,1.0,1.0,2.0,1.0,0,,0,1117,5.832,204.222,254.613,False,False,flatline verdict: NOT ASSESSED (no evaluable signal (no reference history / no coupled tag)),19,0
valve1__12,valve1,Volume Flow RateRMS,1140,1140,2020-03-09T14:14:40+00:00,2020-03-09T14:34:40+00:00,TIME_WEIGHTED,RECORDED,NONE,False,True,,,1.0,1.0,2.0,1.0,0,,0,59,0.9735,28.0,33.0,False,False,flatline verdict: NOT ASSESSED (no evaluable signal (no reference history / no coupled tag)),19,5
valve1__13,valve1,Accelerometer1RMS,1140,1140,2020-03-09T14:34:41+00:00,2020-03-09T14:54:40+00:00,TIME_WEIGHTED,RECORDED,NONE,False,True,,,1.0,1.0,2.0,1.0,0,,0,1094,0.0003,0.0263,0.0287,False,False,flatline verdict: NOT ASSESSED (no evaluable signal (no reference history / no coupled tag)),19,0
valve1__13,valve1,Accelerometer2RMS,1140,1140,2020-03-09T14:34:41+00:00,2020-03-09T14:54:40+00:00,TIME_WEIGHTED,RECORDED,NONE,False,True,,,1.0,1.0,2.0,1.0,0,,0,1118,0.0007,0.0377,0.0439,False,False,flatline verdict: NOT ASSESSED (no evaluable signal (no reference history / no coupled tag)),19,0
valve1__13,valve1,Current,1140,1140,2020-03-09T14:34:41+00:00,2020-03-09T14:54:40+00:00,TIME_WEIGHTED,RECORDED,NONE,False,True,,,1.0,1.0,2.0,1.0,0,,0,1137,0.2331,0.3975,1.5661,False,False,flatline verdict: NOT ASSESSED (no evaluable signal (no reference history / no coupled tag)),19,0
valve1__13,valve1,Pressure,1140,1140,2020-03-09T14:34:41+00:00,2020-03-09T14:54:40+00:00,TIME_WEIGHTED,RECORDED,NONE,False,True,,,1.0,1.0,2.0,1.0,0,,0,6,0.0,-0.9291,0.7106,False,True,flatline verdict: NOT ASSESSED (no evaluable signal (no reference history / no coupled tag)),19,2
valve1__13,valve1,Temperature,1140,1140,2020-03-09T14:34:41+00:00,2020-03-09T14:54:40+00:00,TIME_WEIGHTED,RECORDED,NONE,False,True,,,1.0,1.0,2.0,1.0,0,,0,1109,0.4933,65.3925,69.0521,False,False,flatline verdict: NOT ASSESSED (no evaluable signal (no reference history / no coupled tag)),19,1
valve1__13,valve1,Thermocouple,1140,1140,2020-03-09T14:34:41+00:00,2020-03-09T14:54:40+00:00,TIME_WEIGHTED,RECORDED,NONE,False,True,,,1.0,1.0,2.0,1.0,0,,0,519,0.01,24.5324,24.6303,False,False,flatline verdict: NOT ASSESSED (no evaluable signal (no reference history / no coupled tag)),19,2
valve1__13,valve1,Voltage,1140,1140,2020-03-09T14:34:41+00:00,2020-03-09T14:54:40+00:00,TIME_WEIGHTED,RECORDED,NONE,False,True,,,1.0,1.0,2.0,1.0,0,,0,1130,6.1315,204.082,255.112,False,False,flatline verdict: NOT ASSESSED (no evaluable signal (no reference history / no coupled tag)),19,0
valve1__13,valve1,Volume Flow RateRMS,1140,1140,2020-03-09T14:34:41+00:00,2020-03-09T14:54:40+00:00,TIME_WEIGHTED,RECORDED,NONE,False,True,,,1.0,1.0,2.0,1.0,0,,0,71,0.9728,23.0,33.0,False,False,flatline verdict: NOT ASSESSED (no evaluable signal (no reference history / no coupled tag)),19,2
valve1__14,valve1,Accelerometer1RMS,1139,1139,2020-03-09T14:54:41+00:00,2020-03-09T15:14:40+00:00,TIME_WEIGHTED,RECORDED,NONE,False,True,,,1.0,1.0,2.0,1.0,0,,0,1088,0.0003,0.0262,0.0284,False,False,flatline verdict: NOT ASSESSED (no evaluable signal (no reference history / no coupled tag)),19,1
valve1__14,valve1,Accelerometer2RMS,1139,1139,2020-03-09T14:54:41+00:00,2020-03-09T15:14:40+00:00,TIME_WEIGHTED,RECORDED,NONE,False,True,,,1.0,1.0,2.0,1.0,0,,0,1128,0.0006,0.0373,0.0426,False,False,flatline verdict: NOT ASSESSED (no evaluable signal (no reference history / no coupled tag)),19,0
valve1__14,valve1,Current,1139,1139,2020-03-09T14:54:41+00:00,2020-03-09T15:14:40+00:00,TIME_WEIGHTED,RECORDED,NONE,False,True,,,1.0,1.0,2.0,1.0,0,,0,1134,0.2316,0.4092,1.5548,False,False,flatline verdict: NOT ASSESSED (no evaluable signal (no reference history / no coupled tag)),19,0
valve1__14,valve1,Pressure,1139,1139,2020-03-09T14:54:41+00:00,2020-03-09T15:14:40+00:00,TIME_WEIGHTED,RECORDED,NONE,False,True,,,1.0,1.0,2.0,1.0,0,,0,6,0.0,-0.6011,1.0385,False,True,flatline verdict: NOT ASSESSED (no evaluable signal (no reference history / no coupled tag)),19,1
valve1__14,valve1,Temperature,1139,1139,2020-03-09T14:54:41+00:00,2020-03-09T15:14:40+00:00,TIME_WEIGHTED,RECORDED,NONE,False,True,,,1.0,1.0,2.0,1.0,0,,0,1105,0.4863,66.0166,69.0984,False,False,flatline verdict: NOT ASSESSED (no evaluable signal (no reference history / no coupled tag)),19,1
valve1__14,valve1,Thermocouple,1139,1139,2020-03-09T14:54:41+00:00,2020-03-09T15:14:40+00:00,TIME_WEIGHTED,RECORDED,NONE,False,True,,,1.0,1.0,2.0,1.0,0,,0,598,0.0131,24.4683,24.5944,False,False,flatline verdict: NOT ASSESSED (no evaluable signal (no reference history / no coupled tag)),19,4
valve1__14,valve1,Voltage,1139,1139,2020-03-09T14:54:41+00:00,2020-03-09T15:14:40+00:00,TIME_WEIGHTED,RECORDED,NONE,False,True,,,1.0,1.0,2.0,1.0,0,,0,1122,5.984,203.682,254.261,False,False,flatline verdict: NOT ASSESSED (no evaluable signal (no reference history / no coupled tag)),19,0
valve1__14,valve1,Volume Flow RateRMS,1139,1139,2020-03-09T14:54:41+00:00,2020-03-09T15:14:40+00:00,TIME_WEIGHTED,RECORDED,NONE,False,True,,,1.0,1.0,2.0,1.0,0,,0,66,0.9699,27.0303,33.0,False,False,flatline verdict: NOT ASSESSED (no evaluable signal (no reference history / no coupled tag)),19,3
valve1__15,valve1,Accelerometer1RMS,1150,1150,2020-03-09T15:14:41+00:00,2020-03-09T15:34:41+00:00,TIME_WEIGHTED,RECORDED,NONE,False,True,,,1.0,1.0,1.0,1.0,0,,0,1100,0.0003,0.0264,0.0287,False,False,flatline verdict: NOT ASSESSED (no evaluable signal (no reference history / no coupled tag)),19,0
valve1__15,valve1,Accelerometer2RMS,1150,1150,2020-03-09T15:14:41+00:00,2020-03-09T15:34:41+00:00,TIME_WEIGHTED,RECORDED,NONE,False,True,,,1.0,1.0,1.0,1.0,0,,0,1133,0.0007,0.0373,0.0429,False,False,flatline verdict: NOT ASSESSED (no evaluable signal (no reference history / no coupled tag)),19,0
valve1__15,valve1,Current,1150,1150,2020-03-09T15:14:41+00:00,2020-03-09T15:34:41+00:00,TIME_WEIGHTED,RECORDED,NONE,False,True,,,1.0,1.0,1.0,1.0,0,,0,1146,0.2156,0.3892,1.5142,False,False,flatline verdict: NOT ASSESSED (no evaluable signal (no reference history / no coupled tag)),19,0
valve1__15,valve1,Pressure,1150,1150,2020-03-09T15:14:41+00:00,2020-03-09T15:34:41+00:00,TIME_WEIGHTED,RECORDED,NONE,False,True,,,1.0,1.0,1.0,1.0,0,,0,7,0.0,-1.257,0.7106,False,True,flatline verdict: NOT ASSESSED (no evaluable signal (no reference history / no coupled tag)),19,2
valve1__15,valve1,Temperature,1150,1150,2020-03-09T15:14:41+00:00,2020-03-09T15:34:41+00:00,TIME_WEIGHTED,RECORDED,NONE,False,True,,,1.0,1.0,1.0,1.0,0,,0,1131,0.6355,65.1887,69.6248,False,False,flatline verdict: NOT ASSESSED (no evaluable signal (no reference history / no coupled tag)),19,0
valve1__15,valve1,Thermocouple,1150,1150,2020-03-09T15:14:41+00:00,2020-03-09T15:34:41+00:00,TIME_WEIGHTED,RECORDED,NONE,False,True,,,1.0,1.0,1.0,1.0,0,,0,671,0.0176,24.4187,24.586,False,False,flatline verdict: NOT ASSESSED (no evaluable signal (no reference history / no coupled tag)),19,1
valve1__15,valve1,Voltage,1150,1150,2020-03-09T15:14:41+00:00,2020-03-09T15:34:41+00:00,TIME_WEIGHTED,RECORDED,NONE,False,True,,,1.0,1.0,1.0,1.0,0,,0,1126,6.055,203.615,254.701,False,False,flatline verdict: NOT ASSESSED (no evaluable signal (no reference history / no coupled tag)),19,0
valve1__15,valve1,Volume Flow RateRMS,1150,1150,2020-03-09T15:14:41+00:00,2020-03-09T15:34:41+00:00,TIME_WEIGHTED,RECORDED,NONE,False,True,,,1.0,1.0,1.0,1.0,0,,0,66,0.9673,22.0,33.9694,False,False,flatline verdict: NOT ASSESSED (no evaluable signal (no reference history / no coupled tag)),19,3
valve1__2,valve1,Accelerometer1RMS,1075,1075,2020-03-09T10:54:34+00:00,2020-03-09T11:14:33+00:00,TIME_WEIGHTED,RECORDED,NONE,False,True,,,1.0,1.0,1.0,0.9366,1,76.0,0,1031,0.0002,0.0256,0.0279,False,False,flatline verdict: NOT ASSESSED (no evaluable signal (no reference history / no coupled tag)),18,2
valve1__2,valve1,Accelerometer2RMS,1075,1075,2020-03-09T10:54:34+00:00,2020-03-09T11:14:33+00:00,TIME_WEIGHTED,RECORDED,NONE,False,True,,,1.0,1.0,1.0,0.9366,1,76.0,0,1060,0.0006,0.0375,0.0429,False,False,flatline verdict: NOT ASSESSED (no evaluable signal (no reference history / no coupled tag)),18,1
valve1__2,valve1,Current,1075,1075,2020-03-09T10:54:34+00:00,2020-03-09T11:14:33+00:00,TIME_WEIGHTED,RECORDED,NONE,False,True,,,1.0,1.0,1.0,0.9366,1,76.0,0,1070,0.2336,0.4105,1.599,False,False,flatline verdict: NOT ASSESSED (no evaluable signal (no reference history / no coupled tag)),18,1
valve1__2,valve1,Pressure,1075,1075,2020-03-09T10:54:34+00:00,2020-03-09T11:14:33+00:00,TIME_WEIGHTED,RECORDED,NONE,False,True,,,1.0,1.0,1.0,0.9366,1,76.0,0,5,0.0,-0.6011,0.7106,False,True,flatline verdict: NOT ASSESSED (no evaluable signal (no reference history / no coupled tag)),18,2
valve1__2,valve1,Temperature,1075,1075,2020-03-09T10:54:34+00:00,2020-03-09T11:14:33+00:00,TIME_WEIGHTED,RECORDED,NONE,False,True,,,1.0,1.0,1.0,0.9366,1,76.0,0,1051,0.8012,69.2431,73.4218,False,False,flatline verdict: NOT ASSESSED (no evaluable signal (no reference history / no coupled tag)),18,2
valve1__2,valve1,Thermocouple,1075,1075,2020-03-09T10:54:34+00:00,2020-03-09T11:14:33+00:00,TIME_WEIGHTED,RECORDED,NONE,False,True,,,1.0,1.0,1.0,0.9366,1,76.0,0,773,0.0569,25.4572,25.7621,False,False,flatline verdict: NOT ASSESSED (no evaluable signal (no reference history / no coupled tag)),18,2
valve1__2,valve1,Voltage,1075,1075,2020-03-09T10:54:34+00:00,2020-03-09T11:14:33+00:00,TIME_WEIGHTED,RECORDED,NONE,False,True,,,1.0,1.0,1.0,0.9366,1,76.0,0,1055,5.543,203.725,254.957,False,False,flatline verdict: NOT ASSESSED (no evaluable signal (no reference history / no coupled tag)),18,1
valve1__2,valve1,Volume Flow RateRMS,1075,1075,2020-03-09T10:54:34+00:00,2020-03-09T11:14:33+00:00,TIME_WEIGHTED,RECORDED,NONE,False,True,,,1.0,1.0,1.0,0.9366,1,76.0,0,49,0.0019,30.001,32.9988,False,False,flatline verdict: NOT ASSESSED (no evaluable signal (no reference history / no coupled tag)),18,3
valve1__3,valve1,Accelerometer1RMS,1148,1148,2020-03-09T11:14:34+00:00,2020-03-09T11:34:35+00:00,TIME_WEIGHTED,RECORDED,NONE,False,True,,,1.0,1.0,1.0,1.0,0,,0,1110,0.0003,0.0257,0.028,False,False,flatline verdict: NOT ASSESSED (no evaluable signal (no reference history / no coupled tag)),19,0
valve1__3,valve1,Accelerometer2RMS,1148,1148,2020-03-09T11:14:34+00:00,2020-03-09T11:34:35+00:00,TIME_WEIGHTED,RECORDED,NONE,False,True,,,1.0,1.0,1.0,1.0,0,,0,1133,0.0006,0.0377,0.0423,False,False,flatline verdict: NOT ASSESSED (no evaluable signal (no reference history / no coupled tag)),19,0
valve1__3,valve1,Current,1148,1148,2020-03-09T11:14:34+00:00,2020-03-09T11:34:35+00:00,TIME_WEIGHTED,RECORDED,NONE,False,True,,,1.0,1.0,1.0,1.0,0,,0,1143,0.2315,0.3892,1.5711,False,False,flatline verdict: NOT ASSESSED (no evaluable signal (no reference history / no coupled tag)),19,0
valve1__3,valve1,Pressure,1148,1148,2020-03-09T11:14:34+00:00,2020-03-09T11:34:35+00:00,TIME_WEIGHTED,RECORDED,NONE,False,True,,,1.0,1.0,1.0,1.0,0,,0,6,0.0,-1.257,0.7106,False,True,flatline verdict: NOT ASSESSED (no evaluable signal (no reference history / no coupled tag)),19,3
valve1__3,valve1,Temperature,1148,1148,2020-03-09T11:14:34+00:00,2020-03-09T11:34:35+00:00,TIME_WEIGHTED,RECORDED,NONE,False,True,,,1.0,1.0,1.0,1.0,0,,0,1084,0.2142,69.1657,72.0447,False,False,flatline verdict: NOT ASSESSED (no evaluable signal (no reference history / no coupled tag)),19,0
valve1__3,valve1,Thermocouple,1148,1148,2020-03-09T11:14:34+00:00,2020-03-09T11:34:35+00:00,TIME_WEIGHTED,RECORDED,NONE,False,True,,,1.0,1.0,1.0,1.0,0,,0,721,0.0223,25.4149,25.6886,False,False,flatline verdict: NOT ASSESSED (no evaluable signal (no reference history / no coupled tag)),19,1
valve1__3,valve1,Voltage,1148,1148,2020-03-09T11:14:34+00:00,2020-03-09T11:34:35+00:00,TIME_WEIGHTED,RECORDED,NONE,False,True,,,1.0,1.0,1.0,1.0,0,,0,1134,6.061,203.897,254.249,False,False,flatline verdict: NOT ASSESSED (no evaluable signal (no reference history / no coupled tag)),19,0
valve1__3,valve1,Volume Flow RateRMS,1148,1148,2020-03-09T11:14:34+00:00,2020-03-09T11:34:35+00:00,TIME_WEIGHTED,RECORDED,NONE,False,True,,,1.0,1.0,1.0,1.0,0,,0,56,0.0037,29.005,32.9966,False,False,flatline verdict: NOT ASSESSED (no evaluable signal (no reference history / no coupled tag)),19,2
valve1__4,valve1,Accelerometer1RMS,1095,1095,2020-03-09T11:34:36+00:00,2020-03-09T11:54:35+00:00,TIME_WEIGHTED,RECORDED,NONE,False,True,,,1.0,1.0,1.0,1.0,0,,0,1046,0.0002,0.026,0.0282,False,False,flatline verdict: NOT ASSESSED (no evaluable signal (no reference history / no coupled tag)),19,2
valve1__4,valve1,Accelerometer2RMS,1095,1095,2020-03-09T11:34:36+00:00,2020-03-09T11:54:35+00:00,TIME_WEIGHTED,RECORDED,NONE,False,True,,,1.0,1.0,1.0,1.0,0,,0,1078,0.0006,0.0381,0.0428,False,False,flatline verdict: NOT ASSESSED (no evaluable signal (no reference history / no coupled tag)),19,2
valve1__4,valve1,Current,1095,1095,2020-03-09T11:34:36+00:00,2020-03-09T11:54:35+00:00,TIME_WEIGHTED,RECORDED,NONE,False,True,,,1.0,1.0,1.0,1.0,0,,0,1094,0.2252,0.3841,1.5739,False,False,flatline verdict: NOT ASSESSED (no evaluable signal (no reference history / no coupled tag)),19,2
valve1__4,valve1,Pressure,1095,1095,2020-03-09T11:34:36+00:00,2020-03-09T11:54:35+00:00,TIME_WEIGHTED,RECORDED,NONE,False,True,,,1.0,1.0,1.0,1.0,0,,0,6,0.0,-0.9291,0.7106,False,True,flatline verdict: NOT ASSESSED (no evaluable signal (no reference history / no coupled tag)),19,2
valve1__4,valve1,Temperature,1095,1095,2020-03-09T11:34:36+00:00,2020-03-09T11:54:35+00:00,TIME_WEIGHTED,RECORDED,NONE,False,True,,,1.0,1.0,1.0,1.0,0,,0,1063,0.43,67.9737,72.1741,False,False,flatline verdict: NOT ASSESSED (no evaluable signal (no reference history / no coupled tag)),19,2
valve1__4,valve1,Thermocouple,1095,1095,2020-03-09T11:34:36+00:00,2020-03-09T11:54:35+00:00,TIME_WEIGHTED,RECORDED,NONE,False,True,,,1.0,1.0,1.0,1.0,0,,0,776,0.0385,25.2146,25.4319,False,False,flatline verdict: NOT ASSESSED (no evaluable signal (no reference history / no coupled tag)),19,3
valve1__4,valve1,Voltage,1095,1095,2020-03-09T11:34:36+00:00,2020-03-09T11:54:35+00:00,TIME_WEIGHTED,RECORDED,NONE,False,True,,,1.0,1.0,1.0,1.0,0,,0,1078,6.303,203.874,254.614,False,False,flatline verdict: NOT ASSESSED (no evaluable signal (no reference history / no coupled tag)),19,2
valve1__4,valve1,Volume Flow RateRMS,1095,1095,2020-03-09T11:34:36+00:00,2020-03-09T11:54:35+00:00,TIME_WEIGHTED,RECORDED,NONE,False,True,,,1.0,1.0,1.0,1.0,0,,0,40,0.0064,31.0,33.0,False,False,flatline verdict: NOT ASSESSED (no evaluable signal (no reference history / no coupled tag)),19,4
valve1__5,valve1,Accelerometer1RMS,1154,1154,2020-03-09T11:54:36+00:00,2020-03-09T12:14:35+00:00,TIME_WEIGHTED,RECORDED,NONE,False,True,,,1.0,1.0,1.0,1.0,0,,0,1117,0.0003,0.0261,0.0284,False,False,flatline verdict: NOT ASSESSED (no evaluable signal (no reference history / no coupled tag)),19,0
valve1__5,valve1,Accelerometer2RMS,1154,1154,2020-03-09T11:54:36+00:00,2020-03-09T12:14:35+00:00,TIME_WEIGHTED,RECORDED,NONE,False,True,,,1.0,1.0,1.0,1.0,0,,0,1133,0.0006,0.0382,0.0425,False,False,flatline verdict: NOT ASSESSED (no evaluable signal (no reference history / no coupled tag)),19,0
valve1__5,valve1,Current,1154,1154,2020-03-09T11:54:36+00:00,2020-03-09T12:14:35+00:00,TIME_WEIGHTED,RECORDED,NONE,False,True,,,1.0,1.0,1.0,1.0,0,,0,1148,0.2244,0.3744,1.5628,False,False,flatline verdict: NOT ASSESSED (no evaluable signal (no reference history / no coupled tag)),19,0
valve1__5,valve1,Pressure,1154,1154,2020-03-09T11:54:36+00:00,2020-03-09T12:14:35+00:00,TIME_WEIGHTED,RECORDED,NONE,False,True,,,1.0,1.0,1.0,1.0,0,,0,7,0.0,-0.9291,1.0385,False,True,flatline verdict: NOT ASSESSED (no evaluable signal (no reference history / no coupled tag)),19,4
valve1__5,valve1,Temperature,1154,1154,2020-03-09T11:54:36+00:00,2020-03-09T12:14:35+00:00,TIME_WEIGHTED,RECORDED,NONE,False,True,,,1.0,1.0,1.0,1.0,0,,0,1086,0.1658,69.908,71.4473,False,False,flatline verdict: NOT ASSESSED (no evaluable signal (no reference history / no coupled tag)),19,0
valve1__5,valve1,Thermocouple,1154,1154,2020-03-09T11:54:36+00:00,2020-03-09T12:14:35+00:00,TIME_WEIGHTED,RECORDED,NONE,False,True,,,1.0,1.0,1.0,1.0,0,,0,823,0.0462,25.0566,25.2754,False,False,flatline verdict: NOT ASSESSED (no evaluable signal (no reference history / no coupled tag)),19,1
valve1__5,valve1,Voltage,1154,1154,2020-03-09T11:54:36+00:00,2020-03-09T12:14:35+00:00,TIME_WEIGHTED,RECORDED,NONE,False,True,,,1.0,1.0,1.0,1.0,0,,0,1135,5.468,203.508,254.568,False,False,flatline verdict: NOT ASSESSED (no evaluable signal (no reference history / no coupled tag)),19,0
valve1__5,valve1,Volume Flow RateRMS,1154,1154,2020-03-09T11:54:36+00:00,2020-03-09T12:14:35+00:00,TIME_WEIGHTED,RECORDED,NONE,False,True,,,1.0,1.0,1.0,1.0,0,,0,59,0.0102,29.0,33.0,False,False,flatline verdict: NOT ASSESSED (no evaluable signal (no reference history / no coupled tag)),19,3
valve1__6,valve1,Accelerometer1RMS,1154,1154,2020-03-09T12:14:36+00:00,2020-03-09T12:34:35+00:00,TIME_WEIGHTED,RECORDED,NONE,False,True,,,1.0,1.0,1.0,1.0,0,,0,1114,0.0003,0.0259,0.0285,False,False,flatline verdict: NOT ASSESSED (no evaluable signal (no reference history / no coupled tag)),19,0
valve1__6,valve1,Accelerometer2RMS,1154,1154,2020-03-09T12:14:36+00:00,2020-03-09T12:34:35+00:00,TIME_WEIGHTED,RECORDED,NONE,False,True,,,1.0,1.0,1.0,1.0,0,,0,1139,0.0007,0.0374,0.0445,False,False,flatline verdict: NOT ASSESSED (no evaluable signal (no reference history / no coupled tag)),19,0
valve1__6,valve1,Current,1154,1154,2020-03-09T12:14:36+00:00,2020-03-09T12:34:35+00:00,TIME_WEIGHTED,RECORDED,NONE,False,True,,,1.0,1.0,1.0,1.0,0,,0,1147,0.2342,0.3609,1.5803,False,False,flatline verdict: NOT ASSESSED (no evaluable signal (no reference history / no coupled tag)),19,0
valve1__6,valve1,Pressure,1154,1154,2020-03-09T12:14:36+00:00,2020-03-09T12:34:35+00:00,TIME_WEIGHTED,RECORDED,NONE,False,True,,,1.0,1.0,1.0,1.0,0,,0,7,0.0,-0.9291,1.3664,False,True,flatline verdict: NOT ASSESSED (no evaluable signal (no reference history / no coupled tag)),19,3
valve1__6,valve1,Temperature,1154,1154,2020-03-09T12:14:36+00:00,2020-03-09T12:34:35+00:00,TIME_WEIGHTED,RECORDED,NONE,False,True,,,1.0,1.0,1.0,1.0,0,,0,1112,0.3608,68.1889,71.8215,False,False,flatline verdict: NOT ASSESSED (no evaluable signal (no reference history / no coupled tag)),19,0
valve1__6,valve1,Thermocouple,1154,1154,2020-03-09T12:14:36+00:00,2020-03-09T12:34:35+00:00,TIME_WEIGHTED,RECORDED,NONE,False,True,,,1.0,1.0,1.0,1.0,0,,0,802,0.0471,24.9068,25.1363,False,False,flatline verdict: NOT ASSESSED (no evaluable signal (no reference history / no coupled tag)),19,0
valve1__6,valve1,Voltage,1154,1154,2020-03-09T12:14:36+00:00,2020-03-09T12:34:35+00:00,TIME_WEIGHTED,RECORDED,NONE,False,True,,,1.0,1.0,1.0,1.0,0,,0,1136,6.084,203.135,254.621,False,False,flatline verdict: NOT ASSESSED (no evaluable signal (no reference history / no coupled tag)),19,0
valve1__6,valve1,Volume Flow RateRMS,1154,1154,2020-03-09T12:14:36+00:00,2020-03-09T12:34:35+00:00,TIME_WEIGHTED,RECORDED,NONE,False,True,,,1.0,1.0,1.0,1.0,0,,0,47,0.0126,30.0117,33.0,False,False,flatline verdict: NOT ASSESSED (no evaluable signal (no reference history / no coupled tag)),19,3
valve1__7,valve1,Accelerometer1RMS,1094,1094,2020-03-09T12:34:37+00:00,2020-03-09T12:54:37+00:00,TIME_WEIGHTED,RECORDED,NONE,False,True,,,1.0,1.0,1.0,0.9458,1,65.0,0,1052,0.0003,0.0264,0.0286,False,False,flatline verdict: NOT ASSESSED (no evaluable signal (no reference history / no coupled tag)),19,2
valve1__7,valve1,Accelerometer2RMS,1094,1094,2020-03-09T12:34:37+00:00,2020-03-09T12:54:37+00:00,TIME_WEIGHTED,RECORDED,NONE,False,True,,,1.0,1.0,1.0,0.9458,1,65.0,0,1078,0.0007,0.0378,0.043,False,False,flatline verdict: NOT ASSESSED (no evaluable signal (no reference history / no coupled tag)),19,2
valve1__7,valve1,Current,1094,1094,2020-03-09T12:34:37+00:00,2020-03-09T12:54:37+00:00,TIME_WEIGHTED,RECORDED,NONE,False,True,,,1.0,1.0,1.0,0.9458,1,65.0,0,1091,0.2338,0.3942,1.592,False,False,flatline verdict: NOT ASSESSED (no evaluable signal (no reference history / no coupled tag)),19,2
valve1__7,valve1,Pressure,1094,1094,2020-03-09T12:34:37+00:00,2020-03-09T12:54:37+00:00,TIME_WEIGHTED,RECORDED,NONE,False,True,,,1.0,1.0,1.0,0.9458,1,65.0,0,7,0.0,-0.9291,1.0385,False,True,flatline verdict: NOT ASSESSED (no evaluable signal (no reference history / no coupled tag)),19,1
valve1__7,valve1,Temperature,1094,1094,2020-03-09T12:34:37+00:00,2020-03-09T12:54:37+00:00,TIME_WEIGHTED,RECORDED,NONE,False,True,,,1.0,1.0,1.0,0.9458,1,65.0,0,1024,0.1366,69.735,70.8026,False,False,flatline verdict: NOT ASSESSED (no evaluable signal (no reference history / no coupled tag)),19,3
valve1__7,valve1,Thermocouple,1094,1094,2020-03-09T12:34:37+00:00,2020-03-09T12:54:37+00:00,TIME_WEIGHTED,RECORDED,NONE,False,True,,,1.0,1.0,1.0,0.9458,1,65.0,0,695,0.0201,24.8477,24.998,False,False,flatline verdict: NOT ASSESSED (no evaluable signal (no reference history / no coupled tag)),19,3
valve1__7,valve1,Voltage,1094,1094,2020-03-09T12:34:37+00:00,2020-03-09T12:54:37+00:00,TIME_WEIGHTED,RECORDED,NONE,False,True,,,1.0,1.0,1.0,0.9458,1,65.0,0,1077,6.0355,204.252,254.413,False,False,flatline verdict: NOT ASSESSED (no evaluable signal (no reference history / no coupled tag)),19,2
valve1__7,valve1,Volume Flow RateRMS,1094,1094,2020-03-09T12:34:37+00:00,2020-03-09T12:54:37+00:00,TIME_WEIGHTED,RECORDED,NONE,False,True,,,1.0,1.0,1.0,0.9458,1,65.0,0,58,0.9739,28.0,33.0,False,False,flatline verdict: NOT ASSESSED (no evaluable signal (no reference history / no coupled tag)),19,2
valve1__8,valve1,Accelerometer1RMS,1144,1144,2020-03-09T12:54:39+00:00,2020-03-09T13:14:37+00:00,TIME_WEIGHTED,RECORDED,NONE,False,True,,,1.0,1.0,1.0,1.0,0,,0,1102,0.0003,0.0264,0.0287,False,False,flatline verdict: NOT ASSESSED (no evaluable signal (no reference history / no coupled tag)),18,0
valve1__8,valve1,Accelerometer2RMS,1144,1144,2020-03-09T12:54:39+00:00,2020-03-09T13:14:37+00:00,TIME_WEIGHTED,RECORDED,NONE,False,True,,,1.0,1.0,1.0,1.0,0,,0,1132,0.0008,0.0382,0.0445,False,False,flatline verdict: NOT ASSESSED (no evaluable signal (no reference history / no coupled tag)),18,0
valve1__8,valve1,Current,1144,1144,2020-03-09T12:54:39+00:00,2020-03-09T13:14:37+00:00,TIME_WEIGHTED,RECORDED,NONE,False,True,,,1.0,1.0,1.0,1.0,0,,0,1141,0.2181,0.3554,1.593,False,False,flatline verdict: NOT ASSESSED (no evaluable signal (no reference history / no coupled tag)),18,0
valve1__8,valve1,Pressure,1144,1144,2020-03-09T12:54:39+00:00,2020-03-09T13:14:37+00:00,TIME_WEIGHTED,RECORDED,NONE,False,True,,,1.0,1.0,1.0,1.0,0,,0,6,0.0,-0.6011,1.0385,False,True,flatline verdict: NOT ASSESSED (no evaluable signal (no reference history / no coupled tag)),18,2
valve1__8,valve1,Temperature,1144,1144,2020-03-09T12:54:39+00:00,2020-03-09T13:14:37+00:00,TIME_WEIGHTED,RECORDED,NONE,False,True,,,1.0,1.0,1.0,1.0,0,,0,1090,0.3246,68.7971,70.3224,False,False,flatline verdict: NOT ASSESSED (no evaluable signal (no reference history / no coupled tag)),18,0
valve1__8,valve1,Thermocouple,1144,1144,2020-03-09T12:54:39+00:00,2020-03-09T13:14:37+00:00,TIME_WEIGHTED,RECORDED,NONE,False,True,,,1.0,1.0,1.0,1.0,0,,0,498,0.0113,24.813,24.9006,False,False,flatline verdict: NOT ASSESSED (no evaluable signal (no reference history / no coupled tag)),18,2
valve1__8,valve1,Voltage,1144,1144,2020-03-09T12:54:39+00:00,2020-03-09T13:14:37+00:00,TIME_WEIGHTED,RECORDED,NONE,False,True,,,1.0,1.0,1.0,1.0,0,,0,1126,6.136,203.328,254.507,False,False,flatline verdict: NOT ASSESSED (no evaluable signal (no reference history / no coupled tag)),18,0
valve1__8,valve1,Volume Flow RateRMS,1144,1144,2020-03-09T12:54:39+00:00,2020-03-09T13:14:37+00:00,TIME_WEIGHTED,RECORDED,NONE,False,True,,,1.0,1.0,1.0,1.0,0,,0,52,0.0155,29.0333,33.0,False,False,flatline verdict: NOT ASSESSED (no evaluable signal (no reference history / no coupled tag)),18,5
valve1__9,valve1,Accelerometer1RMS,1148,1148,2020-03-09T13:14:38+00:00,2020-03-09T13:34:38+00:00,TIME_WEIGHTED,RECORDED,NONE,False,True,,,1.0,1.0,1.0,1.0,0,,0,1110,0.0004,0.026,0.0288,False,False,flatline verdict: NOT ASSESSED (no evaluable signal (no reference history / no coupled tag)),19,0
valve1__9,valve1,Accelerometer2RMS,1148,1148,2020-03-09T13:14:38+00:00,2020-03-09T13:34:38+00:00,TIME_WEIGHTED,RECORDED,NONE,False,True,,,1.0,1.0,1.0,1.0,0,,0,1130,0.0009,0.0375,0.0453,False,False,flatline verdict: NOT ASSESSED (no evaluable signal (no reference history / no coupled tag)),19,0
valve1__9,valve1,Current,1148,1148,2020-03-09T13:14:38+00:00,2020-03-09T13:34:38+00:00,TIME_WEIGHTED,RECORDED,NONE,False,True,,,1.0,1.0,1.0,1.0,0,,0,1147,0.2366,0.3859,1.5604,False,False,flatline verdict: NOT ASSESSED (no evaluable signal (no reference history / no coupled tag)),19,0
valve1__9,valve1,Pressure,1148,1148,2020-03-09T13:14:38+00:00,2020-03-09T13:34:38+00:00,TIME_WEIGHTED,RECORDED,NONE,False,True,,,1.0,1.0,1.0,1.0,0,,0,7,0.0,-0.9291,1.6944,False,True,flatline verdict: NOT ASSESSED (no evaluable signal (no reference history / no coupled tag)),19,2
valve1__9,valve1,Temperature,1148,1148,2020-03-09T13:14:38+00:00,2020-03-09T13:34:38+00:00,TIME_WEIGHTED,RECORDED,NONE,False,True,,,1.0,1.0,1.0,1.0,0,,0,1111,0.4491,67.1179,70.382,False,False,flatline verdict: NOT ASSESSED (no evaluable signal (no reference history / no coupled tag)),19,1
valve1__9,valve1,Thermocouple,1148,1148,2020-03-09T13:14:38+00:00,2020-03-09T13:34:38+00:00,TIME_WEIGHTED,RECORDED,NONE,False,True,,,1.0,1.0,1.0,1.0,0,,0,653,0.0157,24.7226,24.8583,False,False,flatline verdict: NOT ASSESSED (no evaluable signal (no reference history / no coupled tag)),19,2
valve1__9,valve1,Voltage,1148,1148,2020-03-09T13:14:38+00:00,2020-03-09T13:34:38+00:00,TIME_WEIGHTED,RECORDED,NONE,False,True,,,1.0,1.0,1.0,1.0,0,,0,1125,6.387,204.263,254.576,False,False,flatline verdict: NOT ASSESSED (no evaluable signal (no reference history / no coupled tag)),19,0
valve1__9,valve1,Volume Flow RateRMS,1148,1148,2020-03-09T13:14:38+00:00,2020-03-09T13:34:38+00:00,TIME_WEIGHTED,RECORDED,NONE,False,True,,,1.0,1.0,1.0,1.0,0,,0,71,0.0181,26.0385,33.0,False,False,flatline verdict: NOT ASSESSED (no evaluable signal (no reference history / no coupled tag)),19,7
valve2__0,valve2,Accelerometer1RMS,1125,1125,2020-03-09T15:56:30+00:00,2020-03-09T16:16:29+00:00,TIME_WEIGHTED,RECORDED,NONE,False,True,,,1.0,1.0,2.0,1.0,0,,0,1079,0.0002,0.0267,0.0307,False,False,flatline verdict: NOT ASSESSED (no evaluable signal (no reference history / no coupled tag)),19,0
valve2__0,valve2,Accelerometer2RMS,1125,1125,2020-03-09T15:56:30+00:00,2020-03-09T16:16:29+00:00,TIME_WEIGHTED,RECORDED,NONE,False,True,,,1.0,1.0,2.0,1.0,0,,0,1103,0.0007,0.0366,0.0422,False,False,flatline verdict: NOT ASSESSED (no evaluable signal (no reference history / no coupled tag)),19,0
valve2__0,valve2,Current,1125,1125,2020-03-09T15:56:30+00:00,2020-03-09T16:16:29+00:00,TIME_WEIGHTED,RECORDED,NONE,False,True,,,1.0,1.0,2.0,1.0,0,,0,1123,0.2305,0.3883,1.5433,False,False,flatline verdict: NOT ASSESSED (no evaluable signal (no reference history / no coupled tag)),19,0
valve2__0,valve2,Pressure,1125,1125,2020-03-09T15:56:30+00:00,2020-03-09T16:16:29+00:00,TIME_WEIGHTED,RECORDED,NONE,False,True,,,1.0,1.0,2.0,1.0,0,,0,6,0.0,-0.9291,0.7106,False,True,flatline verdict: NOT ASSESSED (no evaluable signal (no reference history / no coupled tag)),19,3
valve2__0,valve2,Temperature,1125,1125,2020-03-09T15:56:30+00:00,2020-03-09T16:16:29+00:00,TIME_WEIGHTED,RECORDED,NONE,False,True,,,1.0,1.0,2.0,1.0,0,,0,1100,0.5131,65.089,70.4748,False,False,flatline verdict: NOT ASSESSED (no evaluable signal (no reference history / no coupled tag)),19,2
valve2__0,valve2,Thermocouple,1125,1125,2020-03-09T15:56:30+00:00,2020-03-09T16:16:29+00:00,TIME_WEIGHTED,RECORDED,NONE,False,True,,,1.0,1.0,2.0,1.0,0,,0,704,0.0253,24.2635,24.4028,False,False,flatline verdict: NOT ASSESSED (no evaluable signal (no reference history / no coupled tag)),19,0
valve2__0,valve2,Voltage,1125,1125,2020-03-09T15:56:30+00:00,2020-03-09T16:16:29+00:00,TIME_WEIGHTED,RECORDED,NONE,False,True,,,1.0,1.0,2.0,1.0,0,,0,1109,6.35,204.595,255.169,False,False,flatline verdict: NOT ASSESSED (no evaluable signal (no reference history / no coupled tag)),19,0
valve2__0,valve2,Volume Flow RateRMS,1125,1125,2020-03-09T15:56:30+00:00,2020-03-09T16:16:29+00:00,TIME_WEIGHTED,RECORDED,NONE,False,True,,,1.0,1.0,2.0,1.0,0,,0,43,0.0368,31.0,33.0,False,False,flatline verdict: NOT ASSESSED (no evaluable signal (no reference history / no coupled tag)),19,2
valve2__1,valve2,Accelerometer1RMS,1063,1063,2020-03-09T16:16:30+00:00,2020-03-09T16:36:30+00:00,TIME_WEIGHTED,RECORDED,NONE,False,True,,,1.0,1.0,2.0,0.9467,1,64.0,0,1021,0.0002,0.0265,0.0286,False,False,flatline verdict: NOT ASSESSED (no evaluable signal (no reference history / no coupled tag)),18,0
valve2__1,valve2,Accelerometer2RMS,1063,1063,2020-03-09T16:16:30+00:00,2020-03-09T16:36:30+00:00,TIME_WEIGHTED,RECORDED,NONE,False,True,,,1.0,1.0,2.0,0.9467,1,64.0,0,1046,0.0008,0.037,0.0431,False,False,flatline verdict: NOT ASSESSED (no evaluable signal (no reference history / no coupled tag)),18,1
valve2__1,valve2,Current,1063,1063,2020-03-09T16:16:30+00:00,2020-03-09T16:36:30+00:00,TIME_WEIGHTED,RECORDED,NONE,False,True,,,1.0,1.0,2.0,0.9467,1,64.0,0,1061,0.2158,0.3941,1.5467,False,False,flatline verdict: NOT ASSESSED (no evaluable signal (no reference history / no coupled tag)),18,1
valve2__1,valve2,Pressure,1063,1063,2020-03-09T16:16:30+00:00,2020-03-09T16:36:30+00:00,TIME_WEIGHTED,RECORDED,NONE,False,True,,,1.0,1.0,2.0,0.9467,1,64.0,0,7,0.0,-0.9291,1.0385,False,True,flatline verdict: NOT ASSESSED (no evaluable signal (no reference history / no coupled tag)),18,3
valve2__1,valve2,Temperature,1063,1063,2020-03-09T16:16:30+00:00,2020-03-09T16:36:30+00:00,TIME_WEIGHTED,RECORDED,NONE,False,True,,,1.0,1.0,2.0,0.9467,1,64.0,0,1034,0.5549,66.2019,69.0982,False,False,flatline verdict: NOT ASSESSED (no evaluable signal (no reference history / no coupled tag)),18,0
valve2__1,valve2,Thermocouple,1063,1063,2020-03-09T16:16:30+00:00,2020-03-09T16:36:30+00:00,TIME_WEIGHTED,RECORDED,NONE,False,True,,,1.0,1.0,2.0,0.9467,1,64.0,0,571,0.012,24.217,24.3323,False,False,flatline verdict: NOT ASSESSED (no evaluable signal (no reference history / no coupled tag)),18,3
valve2__1,valve2,Voltage,1063,1063,2020-03-09T16:16:30+00:00,2020-03-09T16:36:30+00:00,TIME_WEIGHTED,RECORDED,NONE,False,True,,,1.0,1.0,2.0,0.9467,1,64.0,0,1050,6.7,203.658,254.125,False,False,flatline verdict: NOT ASSESSED (no evaluable signal (no reference history / no coupled tag)),18,1
valve2__1,valve2,Volume Flow RateRMS,1063,1063,2020-03-09T16:16:30+00:00,2020-03-09T16:36:30+00:00,TIME_WEIGHTED,RECORDED,NONE,False,True,,,1.0,1.0,2.0,0.9467,1,64.0,0,71,0.0394,28.04,33.0,False,False,flatline verdict: NOT ASSESSED (no evaluable signal (no reference history / no coupled tag)),18,2
valve2__2,valve2,Accelerometer1RMS,1129,1129,2020-03-09T16:36:31+00:00,2020-03-09T16:56:30+00:00,TIME_WEIGHTED,RECORDED,NONE,False,True,,,1.0,1.0,2.0,1.0,0,,0,1068,0.0002,0.0265,0.0313,False,False,flatline verdict: NOT ASSESSED (no evaluable signal (no reference history / no coupled tag)),19,0
valve2__2,valve2,Accelerometer2RMS,1129,1129,2020-03-09T16:36:31+00:00,2020-03-09T16:56:30+00:00,TIME_WEIGHTED,RECORDED,NONE,False,True,,,1.0,1.0,2.0,1.0,0,,0,1117,0.0009,0.0364,0.0435,False,False,flatline verdict: NOT ASSESSED (no evaluable signal (no reference history / no coupled tag)),19,0
valve2__2,valve2,Current,1129,1129,2020-03-09T16:36:31+00:00,2020-03-09T16:56:30+00:00,TIME_WEIGHTED,RECORDED,NONE,False,True,,,1.0,1.0,2.0,1.0,0,,0,1127,0.2222,0.3836,1.5258,False,False,flatline verdict: NOT ASSESSED (no evaluable signal (no reference history / no coupled tag)),19,0
valve2__2,valve2,Pressure,1129,1129,2020-03-09T16:36:31+00:00,2020-03-09T16:56:30+00:00,TIME_WEIGHTED,RECORDED,NONE,False,True,,,1.0,1.0,2.0,1.0,0,,0,6,0.0,-0.6011,1.0385,False,True,flatline verdict: NOT ASSESSED (no evaluable signal (no reference history / no coupled tag)),19,2
valve2__2,valve2,Temperature,1129,1129,2020-03-09T16:36:31+00:00,2020-03-09T16:56:30+00:00,TIME_WEIGHTED,RECORDED,NONE,False,True,,,1.0,1.0,2.0,1.0,0,,0,1097,0.5312,65.705,69.3339,False,False,flatline verdict: NOT ASSESSED (no evaluable signal (no reference history / no coupled tag)),19,0
valve2__2,valve2,Thermocouple,1129,1129,2020-03-09T16:36:31+00:00,2020-03-09T16:56:30+00:00,TIME_WEIGHTED,RECORDED,NONE,False,True,,,1.0,1.0,2.0,1.0,0,,0,638,0.0212,24.1471,24.2554,False,False,flatline verdict: NOT ASSESSED (no evaluable signal (no reference history / no coupled tag)),19,1
valve2__2,valve2,Voltage,1129,1129,2020-03-09T16:36:31+00:00,2020-03-09T16:56:30+00:00,TIME_WEIGHTED,RECORDED,NONE,False,True,,,1.0,1.0,2.0,1.0,0,,0,1104,5.619,204.164,254.734,False,False,flatline verdict: NOT ASSESSED (no evaluable signal (no reference history / no coupled tag)),19,0
valve2__2,valve2,Volume Flow RateRMS,1129,1129,2020-03-09T16:36:31+00:00,2020-03-09T16:56:30+00:00,TIME_WEIGHTED,RECORDED,NONE,False,True,,,1.0,1.0,2.0,1.0,0,,0,54,0.0409,30.0,32.9603,False,False,flatline verdict: NOT ASSESSED (no evaluable signal (no reference history / no coupled tag)),19,7
valve2__3,valve2,Accelerometer1RMS,995,995,2020-03-09T16:56:31+00:00,2020-03-09T17:14:09+00:00,TIME_WEIGHTED,RECORDED,NONE,False,True,,,1.0,1.0,2.0,1.0,0,,0,957,0.0002,0.0267,0.0284,False,False,flatline verdict: NOT ASSESSED (no evaluable signal (no reference history / no coupled tag)),16,0
valve2__3,valve2,Accelerometer2RMS,995,995,2020-03-09T16:56:31+00:00,2020-03-09T17:14:09+00:00,TIME_WEIGHTED,RECORDED,NONE,False,True,,,1.0,1.0,2.0,1.0,0,,0,983,0.0009,0.0361,0.0429,False,False,flatline verdict: NOT ASSESSED (no evaluable signal (no reference history / no coupled tag)),16,0
valve2__3,valve2,Current,995,995,2020-03-09T16:56:31+00:00,2020-03-09T17:14:09+00:00,TIME_WEIGHTED,RECORDED,NONE,False,True,,,1.0,1.0,2.0,1.0,0,,0,992,0.2312,0.3865,1.5369,False,False,flatline verdict: NOT ASSESSED (no evaluable signal (no reference history / no coupled tag)),16,0
valve2__3,valve2,Pressure,995,995,2020-03-09T16:56:31+00:00,2020-03-09T17:14:09+00:00,TIME_WEIGHTED,RECORDED,NONE,False,True,,,1.0,1.0,2.0,1.0,0,,0,6,0.0,-0.9291,0.7106,False,True,flatline verdict: NOT ASSESSED (no evaluable signal (no reference history / no coupled tag)),16,4
valve2__3,valve2,Temperature,995,995,2020-03-09T16:56:31+00:00,2020-03-09T17:14:09+00:00,TIME_WEIGHTED,RECORDED,NONE,False,True,,,1.0,1.0,2.0,1.0,0,,0,980,0.646,66.1078,69.8322,False,False,flatline verdict: NOT ASSESSED (no evaluable signal (no reference history / no coupled tag)),16,0
valve2__3,valve2,Thermocouple,995,995,2020-03-09T16:56:31+00:00,2020-03-09T17:14:09+00:00,TIME_WEIGHTED,RECORDED,NONE,False,True,,,1.0,1.0,2.0,1.0,0,,0,597,0.0182,24.0962,24.2047,False,False,flatline verdict: NOT ASSESSED (no evaluable signal (no reference history / no coupled tag)),16,0
valve2__3,valve2,Voltage,995,995,2020-03-09T16:56:31+00:00,2020-03-09T17:14:09+00:00,TIME_WEIGHTED,RECORDED,NONE,False,True,,,1.0,1.0,2.0,1.0,0,,0,976,5.936,203.891,253.83,False,False,flatline verdict: NOT ASSESSED (no evaluable signal (no reference history / no coupled tag)),16,0
valve2__3,valve2,Volume Flow RateRMS,995,995,2020-03-09T16:56:31+00:00,2020-03-09T17:14:09+00:00,TIME_WEIGHTED,RECORDED,NONE,False,True,,,1.0,1.0,2.0,1.0,0,,0,64,0.0439,28.0,32.9581,False,False,flatline verdict: NOT ASSESSED (no evaluable signal (no reference history / no coupled tag)),16,6
