tool,phase,n_windows,median_score,p25_score,p75_score
screen,pre_onset,230,6.3715,4.4145,18.5193
screen,in_span,255,19.2045,7.0558,171.3224
screen,post_span,92,12.8099,6.6122,25.4401
spc,pre_onset,230,45.5,24.0,69.0
spc,in_span,255,116.0,66.5,138.5
spc,post_span,92,93.5,47.5,125.0
mspc_t2,pre_onset,174,16.7629,10.3068,34.5722
mspc_t2,in_span,182,107.7892,34.3947,744.6186
mspc_t2,post_span,46,51.4713,22.1134,172.9395
mspc_spe,pre_onset,94,0.7457,0.4786,1.3919
mspc_spe,in_span,99,8.0973,1.4285,74.4593
mspc_spe,post_span,20,2.6854,1.3094,9.0848
clock,pre_onset,233,6.0,4.0,8.0
clock,in_span,256,13.0,11.0,15.0
clock,post_span,92,18.0,18.0,19.0
