design,quantity,method,adjustment,refusal_set,n_rows,n_records,n_groups,n_answered,answered_share,hard_refusals,rate_before_trend,rate_covariate_outside,rate_covariate_shifted,clear_rate_pooled,clear_rate_group_avg,n_groups_answered,record_clear_rate,n_records_answered,median_width,median_variance_reduction,median_variance_ratio_after,median_width_ratio,n_width_pairs,median_lag1,share_bandwidth_capped
3w_aligned_onset,level,block_bootstrap,adjusted,base,288,48,21,48,0.1667,covariate_outside:151;no_spread:54;too_few:35,0.066,0.5243,0.6736,0.8958,0.9544,9,1.0,23,0.614,0.1035,0.9963,0.9373,48,0.3334,0.0625
3w_aligned_onset,level,block_bootstrap,adjusted,base+R1,288,48,21,29,0.1007,covariate_outside:151;no_spread:54;too_few:35,0.066,0.5243,0.6736,0.8621,0.9067,6,1.0,15,0.4997,0.1021,0.9964,0.9628,15,0.1923,0.0
3w_aligned_onset,level,block_bootstrap,adjusted,base+R3,288,48,21,5,0.0174,covariate_outside:151;no_spread:54;too_few:35,0.066,0.5243,0.6736,1.0,1.0,2,1.0,4,0.8778,0.0249,0.9994,0.9946,5,0.9554,0.2
3w_aligned_onset,level,block_bootstrap,adjusted,base+R1+R3,288,48,21,3,0.0104,covariate_outside:151;no_spread:54;too_few:35,0.066,0.5243,0.6736,1.0,1.0,2,1.0,3,0.3851,0.0249,0.9964,0.9482,2,0.2816,0.0
3w_aligned_onset,level,block_bootstrap,raw,base,288,48,21,199,0.691,no_spread:54;too_few:35,0.3889,,,0.7889,0.8415,21,1.0,48,1.065,,,,,0.8465,0.1508
3w_aligned_onset,level,block_bootstrap,raw,base+R1,288,48,21,87,0.3021,no_spread:54;too_few:35,0.3889,,,0.7126,0.7775,18,0.8974,39,1.0786,,,,,0.6313,0.046
3w_aligned_onset,level,hac,adjusted,base,288,48,21,48,0.1667,covariate_outside:151;no_spread:54;too_few:35,0.066,0.5243,0.6736,0.8333,0.9219,9,0.9565,23,0.6282,0.1035,0.9963,0.9599,48,0.3334,0.0625
3w_aligned_onset,level,hac,adjusted,base+R1,288,48,21,29,0.1007,covariate_outside:151;no_spread:54;too_few:35,0.066,0.5243,0.6736,0.7931,0.869,6,0.9333,15,0.5367,0.1021,0.9964,0.9964,15,0.1923,0.0
3w_aligned_onset,level,hac,adjusted,base+R3,288,48,21,5,0.0174,covariate_outside:151;no_spread:54;too_few:35,0.066,0.5243,0.6736,0.8,0.875,2,1.0,4,1.6686,0.0249,0.9994,0.9638,5,0.9554,0.2
3w_aligned_onset,level,hac,adjusted,base+R1+R3,288,48,21,3,0.0104,covariate_outside:151;no_spread:54;too_few:35,0.066,0.5243,0.6736,1.0,1.0,2,1.0,3,0.5367,0.0249,0.9964,0.9587,2,0.2816,0.0
3w_aligned_onset,level,hac,raw,base,288,48,21,199,0.691,no_spread:54;too_few:35,0.3889,,,0.7588,0.7993,21,0.9792,48,1.6476,,,,,0.8465,0.1508
3w_aligned_onset,level,hac,raw,base+R1,288,48,21,87,0.3021,no_spread:54;too_few:35,0.3889,,,0.6897,0.7326,18,0.8974,39,1.0615,,,,,0.6313,0.046
3w_aligned_onset,level,naive,adjusted,base,288,48,21,48,0.1667,covariate_outside:151;no_spread:54;too_few:35,0.066,0.5243,0.6736,0.875,0.9479,9,1.0,23,0.4404,0.1035,0.9963,0.9658,48,0.3334,0.0625
3w_aligned_onset,level,naive,adjusted,base+R1,288,48,21,29,0.1007,covariate_outside:151;no_spread:54;too_few:35,0.066,0.5243,0.6736,0.8276,0.8929,6,1.0,15,0.4587,0.1021,0.9964,0.9977,15,0.1923,0.0
3w_aligned_onset,level,naive,adjusted,base+R3,288,48,21,5,0.0174,covariate_outside:151;no_spread:54;too_few:35,0.066,0.5243,0.6736,1.0,1.0,2,1.0,4,0.4647,0.0249,0.9994,0.9993,5,0.9554,0.2
3w_aligned_onset,level,naive,adjusted,base+R1+R3,288,48,21,3,0.0104,covariate_outside:151;no_spread:54;too_few:35,0.066,0.5243,0.6736,1.0,1.0,2,1.0,3,0.4647,0.0249,0.9964,0.95,2,0.2816,0.0
3w_aligned_onset,level,naive,raw,base,288,48,21,199,0.691,no_spread:54;too_few:35,0.3889,,,0.8492,0.8878,21,1.0,48,0.4678,,,,,0.8465,0.1508
3w_aligned_onset,level,naive,raw,base+R1,288,48,21,87,0.3021,no_spread:54;too_few:35,0.3889,,,0.7701,0.8231,18,0.9231,39,0.5116,,,,,0.6313,0.046
3w_aligned_onset,spread,block_bootstrap,adjusted,base,288,48,21,48,0.1667,covariate_outside:151;no_spread:54;too_few:35,0.066,0.5243,0.6736,0.4167,0.5715,9,0.6087,23,0.5153,0.1035,0.9963,0.9836,48,0.3334,0.0625
3w_aligned_onset,spread,block_bootstrap,adjusted,base+R1,288,48,21,29,0.1007,covariate_outside:151;no_spread:54;too_few:35,0.066,0.5243,0.6736,0.3448,0.4385,6,0.5333,15,0.3899,0.1021,0.9964,1.0017,15,0.1923,0.0
3w_aligned_onset,spread,block_bootstrap,adjusted,base+R3,288,48,21,5,0.0174,covariate_outside:151;no_spread:54;too_few:35,0.066,0.5243,0.6736,0.4,0.625,2,0.5,4,0.7005,0.0249,0.9994,1.0115,5,0.9554,0.2
3w_aligned_onset,spread,block_bootstrap,adjusted,base+R1+R3,288,48,21,3,0.0104,covariate_outside:151;no_spread:54;too_few:35,0.066,0.5243,0.6736,0.3333,0.5,2,0.3333,3,0.2886,0.0249,0.9964,1.0241,2,0.2816,0.0
3w_aligned_onset,spread,block_bootstrap,raw,base,288,48,21,195,0.6771,no_spread:54;no_spread_after:4;too_few:35,0.3889,,,0.5744,0.6836,21,0.8958,48,0.7267,,,,,0.8465,0.1538
3w_aligned_onset,spread,block_bootstrap,raw,base+R1,288,48,21,86,0.2986,no_spread:54;no_spread_after:4;too_few:35,0.3889,,,0.5581,0.5807,18,0.6154,39,0.7041,,,,,0.6506,0.0465
3w_aligned_onset,spread,naive,adjusted,base,288,48,21,48,0.1667,covariate_outside:151;no_spread:54;too_few:35,0.066,0.5243,0.6736,0.5625,0.7843,9,0.8696,23,0.3278,0.1035,0.9963,1.0,48,0.3334,0.0625
3w_aligned_onset,spread,naive,adjusted,base+R1,288,48,21,29,0.1007,covariate_outside:151;no_spread:54;too_few:35,0.066,0.5243,0.6736,0.4138,0.5456,6,0.6667,15,0.3278,0.1021,0.9964,1.0,15,0.1923,0.0
3w_aligned_onset,spread,naive,adjusted,base+R3,288,48,21,5,0.0174,covariate_outside:151;no_spread:54;too_few:35,0.066,0.5243,0.6736,0.6,0.75,2,0.75,4,0.3278,0.0249,0.9994,1.0,5,0.9554,0.2
3w_aligned_onset,spread,naive,adjusted,base+R1+R3,288,48,21,3,0.0104,covariate_outside:151;no_spread:54;too_few:35,0.066,0.5243,0.6736,0.3333,0.5,2,0.3333,3,0.3278,0.0249,0.9964,1.0,2,0.2816,0.0
3w_aligned_onset,spread,naive,raw,base,288,48,21,196,0.6806,no_spread:54;no_spread_after:3;too_few:35,0.3889,,,0.7143,0.8151,21,0.9792,48,0.3278,,,,,0.8493,0.1531
3w_aligned_onset,spread,naive,raw,base+R1,288,48,21,86,0.2986,no_spread:54;no_spread_after:3;too_few:35,0.3889,,,0.6744,0.7686,18,0.7949,39,0.3278,,,,,0.6506,0.0465
3w_placebo,level,block_bootstrap,adjusted,base,3228,538,16,371,0.1149,covariate_outside:1372;no_covariate:65;no_spread:635;too_few:785,0.0434,0.425,0.4969,0.7763,0.6157,14,0.9207,227,1.0588,0.4384,1.0491,0.9392,371,0.8792,0.0863
3w_placebo,level,block_bootstrap,adjusted,base+R1,3228,538,16,231,0.0716,covariate_outside:1372;no_covariate:65;no_spread:635;too_few:785,0.0434,0.425,0.4969,0.7316,0.5934,14,0.8662,142,0.9692,0.5525,1.0016,0.9539,87,0.8621,0.0476
3w_placebo,level,block_bootstrap,adjusted,base+R3,3228,538,16,124,0.0384,covariate_outside:1372;no_covariate:65;no_spread:635;too_few:785,0.0434,0.425,0.4969,0.7419,0.6892,12,0.8387,93,1.2237,0.4026,1.0627,0.9578,124,0.9159,0.129
3w_placebo,level,block_bootstrap,adjusted,base+R1+R3,3228,538,16,78,0.0242,covariate_outside:1372;no_covariate:65;no_spread:635;too_few:785,0.0434,0.425,0.4969,0.6923,0.5818,11,0.7966,59,1.1346,0.4911,1.0161,0.9683,34,0.8849,0.0769
3w_placebo,level,block_bootstrap,raw,base,3228,538,16,1802,0.5582,no_spread:636;too_few:790,0.3888,,,0.7048,0.6252,16,0.9665,537,1.2701,,,,,0.9784,0.369
3w_placebo,level,block_bootstrap,raw,base+R1,3228,538,16,547,0.1695,no_spread:636;too_few:790,0.3888,,,0.4973,0.4869,16,0.6447,318,1.105,,,,,0.7797,0.075
3w_placebo,level,hac,adjusted,base,3228,538,16,371,0.1149,covariate_outside:1372;no_covariate:65;no_spread:635;too_few:785,0.0434,0.425,0.4969,0.7412,0.5672,14,0.9031,227,1.4589,0.4384,1.0491,0.9275,371,0.8792,0.0863
3w_placebo,level,hac,adjusted,base+R1,3228,538,16,231,0.0716,covariate_outside:1372;no_covariate:65;no_spread:635;too_few:785,0.0434,0.425,0.4969,0.6926,0.5429,14,0.838,142,1.1638,0.5525,1.0016,0.9745,87,0.8621,0.0476
3w_placebo,level,hac,adjusted,base+R3,3228,538,16,124,0.0384,covariate_outside:1372;no_covariate:65;no_spread:635;too_few:785,0.0434,0.425,0.4969,0.6532,0.6167,12,0.7957,93,1.6505,0.4026,1.0627,0.9579,124,0.9159,0.129
3w_placebo,level,hac,adjusted,base+R1+R3,3228,538,16,78,0.0242,covariate_outside:1372;no_covariate:65;no_spread:635;too_few:785,0.0434,0.425,0.4969,0.6026,0.5084,11,0.7458,59,1.4203,0.4911,1.0161,0.9958,34,0.8849,0.0769
3w_placebo,level,hac,raw,base,3228,538,16,1802,0.5582,no_spread:636;too_few:790,0.3888,,,0.6559,0.5653,16,0.9404,537,1.8999,,,,,0.9784,0.369
3w_placebo,level,hac,raw,base+R1,3228,538,16,547,0.1695,no_spread:636;too_few:790,0.3888,,,0.4735,0.4406,16,0.6195,318,1.0337,,,,,0.7797,0.075
3w_placebo,level,naive,adjusted,base,3228,538,16,371,0.1149,covariate_outside:1372;no_covariate:65;no_spread:635;too_few:785,0.0434,0.425,0.4969,0.8652,0.722,14,0.9648,227,0.4808,0.4384,1.0491,0.9632,371,0.8792,0.0863
3w_placebo,level,naive,adjusted,base+R1,3228,538,16,231,0.0716,covariate_outside:1372;no_covariate:65;no_spread:635;too_few:785,0.0434,0.425,0.4969,0.8355,0.7167,14,0.9225,142,0.4808,0.5525,1.0016,0.9767,87,0.8621,0.0476
3w_placebo,level,naive,adjusted,base+R3,3228,538,16,124,0.0384,covariate_outside:1372;no_covariate:65;no_spread:635;too_few:785,0.0434,0.425,0.4969,0.8226,0.7841,12,0.9247,93,0.4996,0.4026,1.0627,0.9897,124,0.9159,0.129
3w_placebo,level,naive,adjusted,base+R1+R3,3228,538,16,78,0.0242,covariate_outside:1372;no_covariate:65;no_spread:635;too_few:785,0.0434,0.425,0.4969,0.7821,0.69,11,0.8983,59,0.4937,0.4911,1.0161,0.9889,34,0.8849,0.0769
3w_placebo,level,naive,raw,base,3228,538,16,1802,0.5582,no_spread:636;too_few:790,0.3888,,,0.8307,0.7738,16,0.9944,537,0.5061,,,,,0.9784,0.369
3w_placebo,level,naive,raw,base+R1,3228,538,16,547,0.1695,no_spread:636;too_few:790,0.3888,,,0.66,0.6108,16,0.805,318,0.5185,,,,,0.7797,0.075
3w_placebo,spread,block_bootstrap,adjusted,base,3228,538,16,371,0.1149,covariate_outside:1372;no_covariate:65;no_spread:635;too_few:785,0.0434,0.425,0.4969,0.5606,0.4661,14,0.6344,227,0.7827,0.4384,1.0491,0.9363,367,0.8792,0.0863
3w_placebo,spread,block_bootstrap,adjusted,base+R1,3228,538,16,231,0.0716,covariate_outside:1372;no_covariate:65;no_spread:635;too_few:785,0.0434,0.425,0.4969,0.5974,0.4751,14,0.6972,142,0.782,0.5525,1.0016,0.9573,86,0.8621,0.0476
3w_placebo,spread,block_bootstrap,adjusted,base+R3,3228,538,16,124,0.0384,covariate_outside:1372;no_covariate:65;no_spread:635;too_few:785,0.0434,0.425,0.4969,0.4758,0.3898,12,0.5484,93,0.8236,0.4026,1.0627,0.9506,124,0.9159,0.129
3w_placebo,spread,block_bootstrap,adjusted,base+R1+R3,3228,538,16,78,0.0242,covariate_outside:1372;no_covariate:65;no_spread:635;too_few:785,0.0434,0.425,0.4969,0.5128,0.4526,11,0.5932,59,0.8331,0.4911,1.0161,0.996,34,0.8849,0.0769
3w_placebo,spread,block_bootstrap,raw,base,3228,538,16,1771,0.5486,no_spread:636;no_spread_after:31;too_few:790,0.3888,,,0.3862,0.408,16,0.6145,537,0.8272,,,,,0.9783,0.3704
3w_placebo,spread,block_bootstrap,raw,base+R1,3228,538,16,543,0.1682,no_spread:636;no_spread_after:31;too_few:790,0.3888,,,0.3481,0.3647,16,0.4209,316,0.6868,,,,,0.7797,0.0755
3w_placebo,spread,naive,adjusted,base,3228,538,16,371,0.1149,covariate_outside:1372;no_covariate:65;no_spread:635;too_few:785,0.0434,0.425,0.4969,0.7493,0.6433,14,0.8546,227,0.3593,0.4384,1.0491,1.0,370,0.8792,0.0863
3w_placebo,spread,naive,adjusted,base+R1,3228,538,16,231,0.0716,covariate_outside:1372;no_covariate:65;no_spread:635;too_few:785,0.0434,0.425,0.4969,0.7532,0.6001,14,0.8732,142,0.3593,0.5525,1.0016,1.0,87,0.8621,0.0476
3w_placebo,spread,naive,adjusted,base+R3,3228,538,16,124,0.0384,covariate_outside:1372;no_covariate:65;no_spread:635;too_few:785,0.0434,0.425,0.4969,0.7016,0.6031,12,0.7849,93,0.3593,0.4026,1.0627,1.0,124,0.9159,0.129
3w_placebo,spread,naive,adjusted,base+R1+R3,3228,538,16,78,0.0242,covariate_outside:1372;no_covariate:65;no_spread:635;too_few:785,0.0434,0.425,0.4969,0.7308,0.6688,11,0.8136,59,0.3593,0.4911,1.0161,1.0,34,0.8849,0.0769
3w_placebo,spread,naive,raw,base,3228,538,16,1797,0.5567,no_spread:636;no_spread_after:5;too_few:790,0.3888,,,0.616,0.6452,16,0.8864,537,0.3593,,,,,0.9784,0.3701
3w_placebo,spread,naive,raw,base+R1,3228,538,16,547,0.1695,no_spread:636;no_spread_after:5;too_few:790,0.3888,,,0.521,0.5363,16,0.6541,318,0.3593,,,,,0.7797,0.075
skab_free_placebo,level,block_bootstrap,adjusted,base,64,8,1,14,0.2188,covariate_outside:42;no_spread:8,0.1094,0.6562,0.875,0.7857,0.7857,1,1.0,8,0.5332,0.2711,1.0126,0.8353,14,0.5405,0.0
skab_free_placebo,level,block_bootstrap,adjusted,base+R1,64,8,1,7,0.1094,covariate_outside:42;no_spread:8,0.1094,0.6562,0.875,0.5714,0.5714,1,1.0,2,0.3503,0.2487,0.7732,0.9227,3,0.3678,0.0
skab_free_placebo,level,block_bootstrap,adjusted,base+R3,64,8,1,0,0.0,covariate_outside:42;no_spread:8,0.1094,0.6562,0.875,,,0,,0,,,,,0,,
skab_free_placebo,level,block_bootstrap,adjusted,base+R1+R3,64,8,1,0,0.0,covariate_outside:42;no_spread:8,0.1094,0.6562,0.875,,,0,,0,,,,,0,,
skab_free_placebo,level,block_bootstrap,raw,base,64,8,1,56,0.875,no_spread:8,0.5312,,,0.6607,0.6607,1,1.0,8,0.4961,,,,,0.4642,0.0
skab_free_placebo,level,block_bootstrap,raw,base+R1,64,8,1,22,0.3438,no_spread:8,0.5312,,,0.3636,0.3636,1,0.5,8,0.3353,,,,,0.0845,0.0
skab_free_placebo,level,hac,adjusted,base,64,8,1,14,0.2188,covariate_outside:42;no_spread:8,0.1094,0.6562,0.875,0.7857,0.7857,1,1.0,8,0.7659,0.2711,1.0126,0.6254,14,0.5405,0.0
skab_free_placebo,level,hac,adjusted,base+R1,64,8,1,7,0.1094,covariate_outside:42;no_spread:8,0.1094,0.6562,0.875,0.5714,0.5714,1,1.0,2,0.3582,0.2487,0.7732,0.8843,3,0.3678,0.0
skab_free_placebo,level,hac,adjusted,base+R3,64,8,1,0,0.0,covariate_outside:42;no_spread:8,0.1094,0.6562,0.875,,,0,,0,,,,,0,,
skab_free_placebo,level,hac,adjusted,base+R1+R3,64,8,1,0,0.0,covariate_outside:42;no_spread:8,0.1094,0.6562,0.875,,,0,,0,,,,,0,,
skab_free_placebo,level,hac,raw,base,64,8,1,56,0.875,no_spread:8,0.5312,,,0.625,0.625,1,1.0,8,0.6333,,,,,0.4642,0.0
skab_free_placebo,level,hac,raw,base+R1,64,8,1,22,0.3438,no_spread:8,0.5312,,,0.3182,0.3182,1,0.5,8,0.2744,,,,,0.0845,0.0
skab_free_placebo,level,naive,adjusted,base,64,8,1,14,0.2188,covariate_outside:42;no_spread:8,0.1094,0.6562,0.875,0.8571,0.8571,1,1.0,8,0.2044,0.2711,1.0126,0.8733,14,0.5405,0.0
skab_free_placebo,level,naive,adjusted,base+R1,64,8,1,7,0.1094,covariate_outside:42;no_spread:8,0.1094,0.6562,0.875,0.7143,0.7143,1,1.0,2,0.2049,0.2487,0.7732,0.8635,3,0.3678,0.0
skab_free_placebo,level,naive,adjusted,base+R3,64,8,1,0,0.0,covariate_outside:42;no_spread:8,0.1094,0.6562,0.875,,,0,,0,,,,,0,,
skab_free_placebo,level,naive,adjusted,base+R1+R3,64,8,1,0,0.0,covariate_outside:42;no_spread:8,0.1094,0.6562,0.875,,,0,,0,,,,,0,,
skab_free_placebo,level,naive,raw,base,64,8,1,56,0.875,no_spread:8,0.5312,,,0.6964,0.6964,1,1.0,8,0.2305,,,,,0.4642,0.0
skab_free_placebo,level,naive,raw,base+R1,64,8,1,22,0.3438,no_spread:8,0.5312,,,0.4091,0.4091,1,0.625,8,0.2354,,,,,0.0845,0.0
skab_free_placebo,spread,block_bootstrap,adjusted,base,64,8,1,14,0.2188,covariate_outside:42;no_spread:8,0.1094,0.6562,0.875,0.7143,0.7143,1,0.625,8,0.317,0.2711,1.0126,0.9743,14,0.5405,0.0
skab_free_placebo,spread,block_bootstrap,adjusted,base+R1,64,8,1,7,0.1094,covariate_outside:42;no_spread:8,0.1094,0.6562,0.875,0.7143,0.7143,1,0.5,2,0.2538,0.2487,0.7732,1.1493,3,0.3678,0.0
skab_free_placebo,spread,block_bootstrap,adjusted,base+R3,64,8,1,0,0.0,covariate_outside:42;no_spread:8,0.1094,0.6562,0.875,,,0,,0,,,,,0,,
skab_free_placebo,spread,block_bootstrap,adjusted,base+R1+R3,64,8,1,0,0.0,covariate_outside:42;no_spread:8,0.1094,0.6562,0.875,,,0,,0,,,,,0,,
skab_free_placebo,spread,block_bootstrap,raw,base,64,8,1,56,0.875,no_spread:8,0.5312,,,0.4107,0.4107,1,1.0,8,0.2164,,,,,0.4642,0.0
skab_free_placebo,spread,block_bootstrap,raw,base+R1,64,8,1,22,0.3438,no_spread:8,0.5312,,,0.1818,0.1818,1,0.375,8,0.1789,,,,,0.0845,0.0
skab_free_placebo,spread,naive,adjusted,base,64,8,1,14,0.2188,covariate_outside:42;no_spread:8,0.1094,0.6562,0.875,0.7857,0.7857,1,0.75,8,0.1641,0.2711,1.0126,1.0,14,0.5405,0.0
skab_free_placebo,spread,naive,adjusted,base+R1,64,8,1,7,0.1094,covariate_outside:42;no_spread:8,0.1094,0.6562,0.875,0.7143,0.7143,1,0.5,2,0.1641,0.2487,0.7732,1.0,3,0.3678,0.0
skab_free_placebo,spread,naive,adjusted,base+R3,64,8,1,0,0.0,covariate_outside:42;no_spread:8,0.1094,0.6562,0.875,,,0,,0,,,,,0,,
skab_free_placebo,spread,naive,adjusted,base+R1+R3,64,8,1,0,0.0,covariate_outside:42;no_spread:8,0.1094,0.6562,0.875,,,0,,0,,,,,0,,
skab_free_placebo,spread,naive,raw,base,64,8,1,56,0.875,no_spread:8,0.5312,,,0.5179,0.5179,1,1.0,8,0.1649,,,,,0.4642,0.0
skab_free_placebo,spread,naive,raw,base+R1,64,8,1,22,0.3438,no_spread:8,0.5312,,,0.2727,0.2727,1,0.375,8,0.1645,,,,,0.0845,0.0
skab_labelled_onset,level,block_bootstrap,adjusted,base,272,34,3,40,0.1471,covariate_outside:185;no_spread:47,0.0478,0.6801,0.8162,0.775,0.9091,3,1.0,20,0.5641,0.1517,1.0334,0.9895,40,0.4676,0.0
skab_labelled_onset,level,block_bootstrap,adjusted,base+R1,272,34,3,27,0.0993,covariate_outside:185;no_spread:47,0.0478,0.6801,0.8162,0.7037,0.8788,3,1.0,11,0.5358,0.1703,0.9913,1.0068,18,0.418,0.0
skab_labelled_onset,level,block_bootstrap,adjusted,base+R3,272,34,3,3,0.011,covariate_outside:185;no_spread:47,0.0478,0.6801,0.8162,1.0,1.0,3,1.0,3,0.912,0.2127,1.7808,0.9969,3,0.8495,0.0
skab_labelled_onset,level,block_bootstrap,adjusted,base+R1+R3,272,34,3,2,0.0074,covariate_outside:185;no_spread:47,0.0478,0.6801,0.8162,1.0,1.0,2,1.0,2,0.9958,0.3073,1.7897,0.9679,1,0.8321,0.0
skab_labelled_onset,level,block_bootstrap,raw,base,272,34,3,225,0.8272,no_spread:47,0.3787,,,0.5867,0.5567,3,1.0,34,0.5384,,,,,0.3803,0.0222
skab_labelled_onset,level,block_bootstrap,raw,base+R1,272,34,3,122,0.4485,no_spread:47,0.3787,,,0.4426,0.4198,3,0.8235,34,0.4757,,,,,0.292,0.0
skab_labelled_onset,level,hac,adjusted,base,272,34,3,40,0.1471,covariate_outside:185;no_spread:47,0.0478,0.6801,0.8162,0.725,0.8889,3,1.0,20,0.8802,0.1517,1.0334,0.9581,40,0.4676,0.0
skab_labelled_onset,level,hac,adjusted,base+R1,272,34,3,27,0.0993,covariate_outside:185;no_spread:47,0.0478,0.6801,0.8162,0.6296,0.8485,3,0.9091,11,0.8165,0.1703,0.9913,0.9923,18,0.418,0.0
skab_labelled_onset,level,hac,adjusted,base+R3,272,34,3,3,0.011,covariate_outside:185;no_spread:47,0.0478,0.6801,0.8162,1.0,1.0,3,1.0,3,2.0729,0.2127,1.7808,1.0408,3,0.8495,0.0
skab_labelled_onset,level,hac,adjusted,base+R1+R3,272,34,3,2,0.0074,covariate_outside:185;no_spread:47,0.0478,0.6801,0.8162,1.0,1.0,2,1.0,2,2.0184,0.3073,1.7897,1.2979,1,0.8321,0.0
skab_labelled_onset,level,hac,raw,base,272,34,3,225,0.8272,no_spread:47,0.3787,,,0.5467,0.5171,3,1.0,34,0.5549,,,,,0.3803,0.0222
skab_labelled_onset,level,hac,raw,base+R1,272,34,3,122,0.4485,no_spread:47,0.3787,,,0.4098,0.3956,3,0.8529,34,0.4526,,,,,0.292,0.0
skab_labelled_onset,level,naive,adjusted,base,272,34,3,40,0.1471,covariate_outside:185;no_spread:47,0.0478,0.6801,0.8162,0.825,0.9293,3,1.0,20,0.2381,0.1517,1.0334,0.9526,40,0.4676,0.0
skab_labelled_onset,level,naive,adjusted,base+R1,272,34,3,27,0.0993,covariate_outside:185;no_spread:47,0.0478,0.6801,0.8162,0.7778,0.9091,3,1.0,11,0.2369,0.1703,0.9913,0.9526,18,0.418,0.0
skab_labelled_onset,level,naive,adjusted,base+R3,272,34,3,3,0.011,covariate_outside:185;no_spread:47,0.0478,0.6801,0.8162,1.0,1.0,3,1.0,3,0.3026,0.2127,1.7808,1.0678,3,0.8495,0.0
skab_labelled_onset,level,naive,adjusted,base+R1+R3,272,34,3,2,0.0074,covariate_outside:185;no_spread:47,0.0478,0.6801,0.8162,1.0,1.0,2,1.0,2,0.4329,0.3073,1.7897,1.2968,1,0.8321,0.0
skab_labelled_onset,level,naive,raw,base,272,34,3,225,0.8272,no_spread:47,0.3787,,,0.6622,0.651,3,1.0,34,0.2584,,,,,0.3803,0.0222
skab_labelled_onset,level,naive,raw,base+R1,272,34,3,122,0.4485,no_spread:47,0.3787,,,0.5082,0.4993,3,0.9706,34,0.2575,,,,,0.292,0.0
skab_labelled_onset,spread,block_bootstrap,adjusted,base,272,34,3,40,0.1471,covariate_outside:185;no_spread:47,0.0478,0.6801,0.8162,0.5,0.6515,3,0.65,20,0.4126,0.1517,1.0334,1.0004,40,0.4676,0.0
skab_labelled_onset,spread,block_bootstrap,adjusted,base+R1,272,34,3,27,0.0993,covariate_outside:185;no_spread:47,0.0478,0.6801,0.8162,0.5556,0.8182,3,0.8182,11,0.3066,0.1703,0.9913,1.0151,18,0.418,0.0
skab_labelled_onset,spread,block_bootstrap,adjusted,base+R3,272,34,3,3,0.011,covariate_outside:185;no_spread:47,0.0478,0.6801,0.8162,0.6667,0.6667,3,0.6667,3,0.4269,0.2127,1.7808,1.0235,3,0.8495,0.0
skab_labelled_onset,spread,block_bootstrap,adjusted,base+R1+R3,272,34,3,2,0.0074,covariate_outside:185;no_spread:47,0.0478,0.6801,0.8162,1.0,1.0,2,1.0,2,0.4667,0.3073,1.7897,1.0235,1,0.8321,0.0
skab_labelled_onset,spread,block_bootstrap,raw,base,272,34,3,225,0.8272,no_spread:47,0.3787,,,0.4489,0.4431,3,0.9706,34,0.2639,,,,,0.3803,0.0222
skab_labelled_onset,spread,block_bootstrap,raw,base+R1,272,34,3,122,0.4485,no_spread:47,0.3787,,,0.3279,0.3313,3,0.6765,34,0.1958,,,,,0.292,0.0
skab_labelled_onset,spread,naive,adjusted,base,272,34,3,40,0.1471,covariate_outside:185;no_spread:47,0.0478,0.6801,0.8162,0.7,0.8056,3,0.95,20,0.181,0.1517,1.0334,1.0,40,0.4676,0.0
skab_labelled_onset,spread,naive,adjusted,base+R1,272,34,3,27,0.0993,covariate_outside:185;no_spread:47,0.0478,0.6801,0.8162,0.6296,0.8485,3,1.0,11,0.1805,0.1703,0.9913,1.0,18,0.418,0.0
skab_labelled_onset,spread,naive,adjusted,base+R3,272,34,3,3,0.011,covariate_outside:185;no_spread:47,0.0478,0.6801,0.8162,1.0,1.0,3,1.0,3,0.182,0.2127,1.7808,1.0,3,0.8495,0.0
skab_labelled_onset,spread,naive,adjusted,base+R1+R3,272,34,3,2,0.0074,covariate_outside:185;no_spread:47,0.0478,0.6801,0.8162,1.0,1.0,2,1.0,2,0.1812,0.3073,1.7897,1.0,1,0.8321,0.0
skab_labelled_onset,spread,naive,raw,base,272,34,3,225,0.8272,no_spread:47,0.3787,,,0.52,0.5061,3,1.0,34,0.181,,,,,0.3803,0.0222
skab_labelled_onset,spread,naive,raw,base+R1,272,34,3,122,0.4485,no_spread:47,0.3787,,,0.377,0.3861,3,0.7941,34,0.1809,,,,,0.292,0.0
skab_preonset_placebo,level,block_bootstrap,adjusted,base,272,34,3,132,0.4853,covariate_outside:98;no_spread:42,0.1471,0.3603,0.8309,0.5606,0.5713,3,0.9697,33,0.629,0.1818,0.9533,0.956,132,0.3241,0.0
skab_preonset_placebo,level,block_bootstrap,adjusted,base+R1,272,34,3,92,0.3382,covariate_outside:98;no_spread:42,0.1471,0.3603,0.8309,0.5109,0.4991,3,0.8,25,0.4806,0.1525,0.9514,0.9941,70,0.1215,0.0
skab_preonset_placebo,level,block_bootstrap,adjusted,base+R3,272,34,3,3,0.011,covariate_outside:98;no_spread:42,0.1471,0.3603,0.8309,1.0,1.0,2,1.0,3,0.9335,0.1773,1.1646,1.0596,3,0.4923,0.0
skab_preonset_placebo,level,block_bootstrap,adjusted,base+R1+R3,272,34,3,2,0.0074,covariate_outside:98;no_spread:42,0.1471,0.3603,0.8309,1.0,1.0,2,1.0,2,1.037,0.2281,1.0517,0.9823,2,0.638,0.0
skab_preonset_placebo,level,block_bootstrap,raw,base,272,34,3,230,0.8456,no_spread:42,0.3493,,,0.4783,0.4741,3,1.0,34,0.6106,,,,,0.2983,0.0261
skab_preonset_placebo,level,block_bootstrap,raw,base+R1,272,34,3,135,0.4963,no_spread:42,0.3493,,,0.363,0.3455,3,0.7941,34,0.5045,,,,,0.1957,0.0
skab_preonset_placebo,level,hac,adjusted,base,272,34,3,132,0.4853,covariate_outside:98;no_spread:42,0.1471,0.3603,0.8309,0.5379,0.5547,3,0.9091,33,0.6112,0.1818,0.9533,0.9283,132,0.3241,0.0
skab_preonset_placebo,level,hac,adjusted,base+R1,272,34,3,92,0.3382,covariate_outside:98;no_spread:42,0.1471,0.3603,0.8309,0.5217,0.53,3,0.88,25,0.4857,0.1525,0.9514,0.9662,70,0.1215,0.0
skab_preonset_placebo,level,hac,adjusted,base+R3,272,34,3,3,0.011,covariate_outside:98;no_spread:42,0.1471,0.3603,0.8309,1.0,1.0,2,1.0,3,1.1411,0.1773,1.1646,0.9443,3,0.4923,0.0
skab_preonset_placebo,level,hac,adjusted,base+R1+R3,272,34,3,2,0.0074,covariate_outside:98;no_spread:42,0.1471,0.3603,0.8309,1.0,1.0,2,1.0,2,1.6745,0.2281,1.0517,0.9328,2,0.638,0.0
skab_preonset_placebo,level,hac,raw,base,272,34,3,230,0.8456,no_spread:42,0.3493,,,0.4391,0.4255,3,1.0,34,0.5591,,,,,0.2983,0.0261
skab_preonset_placebo,level,hac,raw,base+R1,272,34,3,135,0.4963,no_spread:42,0.3493,,,0.3481,0.3342,3,0.7059,34,0.4931,,,,,0.1957,0.0
skab_preonset_placebo,level,naive,adjusted,base,272,34,3,132,0.4853,covariate_outside:98;no_spread:42,0.1471,0.3603,0.8309,0.6742,0.6846,3,0.9697,33,0.308,0.1818,0.9533,0.9452,132,0.3241,0.0
skab_preonset_placebo,level,naive,adjusted,base+R1,272,34,3,92,0.3382,covariate_outside:98;no_spread:42,0.1471,0.3603,0.8309,0.6304,0.6344,3,0.96,25,0.312,0.1525,0.9514,0.958,70,0.1215,0.0
skab_preonset_placebo,level,naive,adjusted,base+R3,272,34,3,3,0.011,covariate_outside:98;no_spread:42,0.1471,0.3603,0.8309,1.0,1.0,2,1.0,3,0.3893,0.1773,1.1646,1.0143,3,0.4923,0.0
skab_preonset_placebo,level,naive,adjusted,base+R1+R3,272,34,3,2,0.0074,covariate_outside:98;no_spread:42,0.1471,0.3603,0.8309,1.0,1.0,2,1.0,2,0.3751,0.2281,1.0517,0.9745,2,0.638,0.0
skab_preonset_placebo,level,naive,raw,base,272,34,3,230,0.8456,no_spread:42,0.3493,,,0.5739,0.5841,3,1.0,34,0.3292,,,,,0.2983,0.0261
skab_preonset_placebo,level,naive,raw,base+R1,272,34,3,135,0.4963,no_spread:42,0.3493,,,0.4593,0.4599,3,0.8235,34,0.3294,,,,,0.1957,0.0
skab_preonset_placebo,spread,block_bootstrap,adjusted,base,272,34,3,132,0.4853,covariate_outside:98;no_spread:42,0.1471,0.3603,0.8309,0.4773,0.4386,3,0.7273,33,0.2994,0.1818,0.9533,0.9819,132,0.3241,0.0
skab_preonset_placebo,spread,block_bootstrap,adjusted,base+R1,272,34,3,92,0.3382,covariate_outside:98;no_spread:42,0.1471,0.3603,0.8309,0.4239,0.368,3,0.8,25,0.266,0.1525,0.9514,0.9707,70,0.1215,0.0
skab_preonset_placebo,spread,block_bootstrap,adjusted,base+R3,272,34,3,3,0.011,covariate_outside:98;no_spread:42,0.1471,0.3603,0.8309,1.0,1.0,2,1.0,3,0.3815,0.1773,1.1646,0.9308,3,0.4923,0.0
skab_preonset_placebo,spread,block_bootstrap,adjusted,base+R1+R3,272,34,3,2,0.0074,covariate_outside:98;no_spread:42,0.1471,0.3603,0.8309,1.0,1.0,2,1.0,2,0.3763,0.2281,1.0517,0.9461,2,0.638,0.0
skab_preonset_placebo,spread,block_bootstrap,raw,base,272,34,3,230,0.8456,no_spread:42,0.3493,,,0.3435,0.3255,3,0.8235,34,0.2692,,,,,0.2983,0.0261
skab_preonset_placebo,spread,block_bootstrap,raw,base+R1,272,34,3,135,0.4963,no_spread:42,0.3493,,,0.2222,0.2269,3,0.5882,34,0.2375,,,,,0.1957,0.0
skab_preonset_placebo,spread,naive,adjusted,base,272,34,3,132,0.4853,covariate_outside:98;no_spread:42,0.1471,0.3603,0.8309,0.5682,0.54,3,0.9091,33,0.2322,0.1818,0.9533,1.0,132,0.3241,0.0
skab_preonset_placebo,spread,naive,adjusted,base+R1,272,34,3,92,0.3382,covariate_outside:98;no_spread:42,0.1471,0.3603,0.8309,0.4891,0.4655,3,0.92,25,0.2322,0.1525,0.9514,1.0,70,0.1215,0.0
skab_preonset_placebo,spread,naive,adjusted,base+R3,272,34,3,3,0.011,covariate_outside:98;no_spread:42,0.1471,0.3603,0.8309,1.0,1.0,2,1.0,3,0.2322,0.1773,1.1646,1.0,3,0.4923,0.0
skab_preonset_placebo,spread,naive,adjusted,base+R1+R3,272,34,3,2,0.0074,covariate_outside:98;no_spread:42,0.1471,0.3603,0.8309,1.0,1.0,2,1.0,2,0.2145,0.2281,1.0517,1.0,2,0.638,0.0
skab_preonset_placebo,spread,naive,raw,base,272,34,3,230,0.8456,no_spread:42,0.3493,,,0.3957,0.4027,3,1.0,34,0.2322,,,,,0.2983,0.0261
skab_preonset_placebo,spread,naive,raw,base+R1,272,34,3,135,0.4963,no_spread:42,0.3493,,,0.2741,0.293,3,0.7059,34,0.2322,,,,,0.1957,0.0
