bed,record,variable,scoring,reason,n_windows_unusable,n_windows_total
3w_aligned,WELL-00001_20140124083303,P-ANULAR,differenced,the scale over the baseline minutes is zero,6,6
3w_aligned,WELL-00001_20140124083303,P-JUS-CKGL,differenced,the scale over the baseline minutes is zero,6,6
3w_aligned,WELL-00001_20140124083303,P-PDG,differenced,the scale over the baseline minutes is zero,6,6
3w_aligned,WELL-00001_20140124083303,P-TPT,differenced,the scale over the baseline minutes is zero,6,6
3w_aligned,WELL-00001_20140124083303,P-ANULAR,static,the scale over the baseline minutes is zero,6,6
3w_aligned,WELL-00001_20140124083303,P-JUS-CKGL,static,the scale over the baseline minutes is zero,6,6
3w_aligned,WELL-00001_20140124083303,P-PDG,static,the scale over the baseline minutes is zero,6,6
3w_aligned,WELL-00001_20140124083303,P-TPT,static,the scale over the baseline minutes is zero,6,6
3w_aligned,WELL-00001_20170226130146,P-ANULAR,differenced,the scale over the baseline minutes is zero,6,6
3w_aligned,WELL-00001_20170226130146,P-JUS-CKGL,differenced,the scale over the baseline minutes is zero,6,6
3w_aligned,WELL-00001_20170226130146,P-PDG,differenced,the scale over the baseline minutes is zero,6,6
3w_aligned,WELL-00001_20170226130146,P-TPT,differenced,the scale over the baseline minutes is zero,6,6
3w_aligned,WELL-00001_20170226130146,P-PDG,static,the scale over the baseline minutes is zero,6,6
3w_aligned,WELL-00002_20140212160333,P-ANULAR,differenced,the scale over the baseline minutes is zero,6,6
3w_aligned,WELL-00002_20140212160333,P-JUS-CKGL,differenced,no finite minute median over the baseline windows,6,6
3w_aligned,WELL-00002_20140212160333,P-MON-CKP,differenced,no finite minute median over the baseline windows,6,6
3w_aligned,WELL-00002_20140212160333,P-PDG,differenced,the scale over the baseline minutes is zero,6,6
3w_aligned,WELL-00002_20140212160333,P-TPT,differenced,the scale over the baseline minutes is zero,6,6
3w_aligned,WELL-00002_20140212160333,P-JUS-CKGL,static,no finite minute median over the baseline windows,6,6
3w_aligned,WELL-00002_20140212160333,P-MON-CKP,static,no finite minute median over the baseline windows,6,6
3w_aligned,WELL-00002_20140212160333,P-PDG,static,the scale over the baseline minutes is zero,6,6
3w_aligned,WELL-00002_20140212160333,P-TPT,static,the scale over the baseline minutes is zero,6,6
3w_aligned,WELL-00006_20170731170930,P-ANULAR,differenced,the scale over the baseline minutes is zero,6,6
3w_aligned,WELL-00006_20170731170930,P-JUS-CKGL,differenced,the scale over the baseline minutes is zero,6,6
3w_aligned,WELL-00006_20170731170930,P-MON-CKP,differenced,the scale over the baseline minutes is zero,6,6
3w_aligned,WELL-00006_20170731170930,P-PDG,differenced,the scale over the baseline minutes is zero,6,6
3w_aligned,WELL-00006_20170731170930,P-TPT,differenced,the scale over the baseline minutes is zero,6,6
3w_aligned,WELL-00006_20170731170930,P-PDG,static,the scale over the baseline minutes is zero,6,6
3w_aligned,WELL-00006_20170731170930,P-TPT,static,the scale over the baseline minutes is zero,6,6
3w_aligned,WELL-00006_20180617190257,P-ANULAR,differenced,the scale over the baseline minutes is zero,6,6
3w_aligned,WELL-00006_20180617190257,P-PDG,differenced,the scale over the baseline minutes is zero,6,6
3w_aligned,WELL-00006_20180617190257,P-TPT,differenced,the scale over the baseline minutes is zero,6,6
3w_aligned,WELL-00006_20180617190257,P-ANULAR,static,the scale over the baseline minutes is zero,6,6
3w_aligned,WELL-00006_20180617190257,P-PDG,static,the scale over the baseline minutes is zero,6,6
3w_aligned,WELL-00006_20180617190257,P-TPT,static,the scale over the baseline minutes is zero,6,6
3w_aligned,WELL-00014_20160306070000,P-ANULAR,differenced,the scale over the baseline minutes is zero,6,6
3w_aligned,WELL-00014_20160306070000,P-TPT,differenced,the scale over the baseline minutes is zero,6,6
3w_aligned,WELL-00014_20160306070000,T-TPT,differenced,the scale over the baseline minutes is zero,6,6
3w_aligned,WELL-00014_20160306070000,P-ANULAR,static,the scale over the baseline minutes is zero,6,6
3w_aligned,WELL-00019_20120601165020,P-ANULAR,differenced,no finite minute median over the baseline windows,6,6
3w_aligned,WELL-00019_20120601165020,P-ANULAR,static,no finite minute median over the baseline windows,6,6
3w_aligned,WELL-00019_20141117190526,P-ANULAR,differenced,no finite minute median over the baseline windows,6,6
3w_aligned,WELL-00019_20141117190526,P-ANULAR,static,no finite minute median over the baseline windows,6,6
3w_aligned,WELL-00019_20150614025713,P-ANULAR,differenced,no finite minute median over the baseline windows,6,6
3w_aligned,WELL-00019_20150614025713,P-ANULAR,static,no finite minute median over the baseline windows,6,6
3w_aligned,WELL-00019_20210617032654,P-ANULAR,differenced,no finite minute median over the baseline windows,6,6
3w_aligned,WELL-00019_20210617032654,P-PDG,differenced,the scale over the baseline minutes is zero,6,6
3w_aligned,WELL-00019_20210617032654,P-TPT,differenced,the scale over the baseline minutes is zero,6,6
3w_aligned,WELL-00019_20210617032654,T-TPT,differenced,the scale over the baseline minutes is zero,6,6
3w_aligned,WELL-00019_20210617032654,P-ANULAR,static,no finite minute median over the baseline windows,6,6
3w_aligned,WELL-00019_20210617032654,P-PDG,static,the scale over the baseline minutes is zero,6,6
3w_aligned,WELL-00019_20210617032654,P-TPT,static,the scale over the baseline minutes is zero,6,6
3w_aligned,WELL-00019_20210617032654,T-TPT,static,the scale over the baseline minutes is zero,6,6
3w_aligned,WELL-00021_20180611011218,P-PDG,differenced,the scale over the baseline minutes is zero,6,6
3w_aligned,WELL-00021_20180611011218,P-PDG,static,the scale over the baseline minutes is zero,6,6
3w_aligned,WELL-00021_20190403013307,P-PDG,differenced,the scale over the baseline minutes is zero,6,6
3w_aligned,WELL-00021_20190403013307,P-PDG,static,the scale over the baseline minutes is zero,6,6
3w_aligned,WELL-00022_20180802233838,P-PDG,differenced,the scale over the baseline minutes is zero,6,6
3w_aligned,WELL-00022_20180802233838,P-PDG,static,the scale over the baseline minutes is zero,6,6
3w_aligned,WELL-00022_20180912025800,P-PDG,differenced,the scale over the baseline minutes is zero,6,6
3w_aligned,WELL-00022_20180912025800,P-PDG,static,the scale over the baseline minutes is zero,6,6
3w_aligned,WELL-00022_20180919003240,P-PDG,differenced,the scale over the baseline minutes is zero,6,6
3w_aligned,WELL-00022_20180919003240,P-PDG,static,the scale over the baseline minutes is zero,6,6
3w_aligned,WELL-00022_20180925003447,P-PDG,differenced,the scale over the baseline minutes is zero,6,6
3w_aligned,WELL-00022_20180925003447,P-PDG,static,the scale over the baseline minutes is zero,6,6
3w_aligned,WELL-00022_20181007080700,P-PDG,differenced,the scale over the baseline minutes is zero,6,6
3w_aligned,WELL-00022_20181007080700,P-PDG,static,the scale over the baseline minutes is zero,6,6
3w_aligned,WELL-00022_20181020133850,P-PDG,differenced,the scale over the baseline minutes is zero,6,6
3w_aligned,WELL-00022_20181020133850,P-PDG,static,the scale over the baseline minutes is zero,6,6
3w_aligned,WELL-00022_20181026005827,P-JUS-CKGL,differenced,the scale over the baseline minutes is zero,6,6
3w_aligned,WELL-00022_20181026005827,P-PDG,differenced,the scale over the baseline minutes is zero,6,6
3w_aligned,WELL-00022_20181026005827,P-PDG,static,the scale over the baseline minutes is zero,6,6
3w_aligned,WELL-00022_20181101193049,P-PDG,differenced,the scale over the baseline minutes is zero,6,6
3w_aligned,WELL-00022_20181101193049,P-PDG,static,the scale over the baseline minutes is zero,6,6
3w_aligned,WELL-00023_20180826212652,P-ANULAR,differenced,no finite minute median over the baseline windows,6,6
3w_aligned,WELL-00023_20180826212652,P-PDG,differenced,no finite minute median over the baseline windows,6,6
3w_aligned,WELL-00023_20180826212652,P-TPT,differenced,no finite minute median over the baseline windows,6,6
3w_aligned,WELL-00023_20180826212652,T-TPT,differenced,no finite minute median over the baseline windows,6,6
3w_aligned,WELL-00023_20180826212652,P-ANULAR,static,no finite minute median over the baseline windows,6,6
3w_aligned,WELL-00023_20180826212652,P-PDG,static,no finite minute median over the baseline windows,6,6
3w_aligned,WELL-00023_20180826212652,P-TPT,static,no finite minute median over the baseline windows,6,6
3w_aligned,WELL-00023_20180826212652,T-TPT,static,no finite minute median over the baseline windows,6,6
3w_aligned,WELL-00023_20181014121654,P-ANULAR,differenced,no finite minute median over the baseline windows,6,6
3w_aligned,WELL-00023_20181014121654,P-PDG,differenced,no finite minute median over the baseline windows,6,6
3w_aligned,WELL-00023_20181014121654,P-TPT,differenced,no finite minute median over the baseline windows,6,6
3w_aligned,WELL-00023_20181014121654,T-TPT,differenced,the scale over the baseline minutes is zero,6,6
3w_aligned,WELL-00023_20181014121654,P-ANULAR,static,no finite minute median over the baseline windows,6,6
3w_aligned,WELL-00023_20181014121654,P-PDG,static,no finite minute median over the baseline windows,6,6
3w_aligned,WELL-00023_20181014121654,P-TPT,static,no finite minute median over the baseline windows,6,6
3w_aligned,WELL-00023_20181014121654,T-TPT,static,the scale over the baseline minutes is zero,6,6
3w_aligned,WELL-00023_20181019115124,P-ANULAR,differenced,no finite minute median over the baseline windows,6,6
3w_aligned,WELL-00023_20181019115124,P-PDG,differenced,no finite minute median over the baseline windows,6,6
3w_aligned,WELL-00023_20181019115124,P-TPT,differenced,no finite minute median over the baseline windows,6,6
3w_aligned,WELL-00023_20181019115124,T-TPT,differenced,the scale over the baseline minutes is zero,6,6
3w_aligned,WELL-00023_20181019115124,P-ANULAR,static,no finite minute median over the baseline windows,6,6
3w_aligned,WELL-00023_20181019115124,P-PDG,static,no finite minute median over the baseline windows,6,6
3w_aligned,WELL-00023_20181019115124,P-TPT,static,no finite minute median over the baseline windows,6,6
3w_aligned,WELL-00023_20181019115124,T-TPT,static,the scale over the baseline minutes is zero,6,6
3w_aligned,WELL-00023_20181030045054,P-ANULAR,differenced,no finite minute median over the baseline windows,6,6
3w_aligned,WELL-00023_20181030045054,P-PDG,differenced,no finite minute median over the baseline windows,6,6
3w_aligned,WELL-00023_20181030045054,P-TPT,differenced,no finite minute median over the baseline windows,6,6
3w_aligned,WELL-00023_20181030045054,T-TPT,differenced,the scale over the baseline minutes is zero,6,6
3w_aligned,WELL-00023_20181030045054,P-ANULAR,static,no finite minute median over the baseline windows,6,6
3w_aligned,WELL-00023_20181030045054,P-PDG,static,no finite minute median over the baseline windows,6,6
3w_aligned,WELL-00023_20181030045054,P-TPT,static,no finite minute median over the baseline windows,6,6
3w_aligned,WELL-00023_20181030045054,T-TPT,static,the scale over the baseline minutes is zero,6,6
3w_aligned,WELL-00024_20160712123044,P-PDG,differenced,the scale over the baseline minutes is zero,6,6
3w_aligned,WELL-00024_20160712123044,P-TPT,differenced,the scale over the baseline minutes is zero,6,6
3w_aligned,WELL-00024_20160712123044,P-PDG,static,the scale over the baseline minutes is zero,6,6
3w_aligned,WELL-00024_20160712123044,P-TPT,static,the scale over the baseline minutes is zero,6,6
3w_aligned,WELL-00024_20160712123044,T-TPT,static,the scale over the baseline minutes is zero,6,6
3w_aligned,WELL-00024_20160720230624,P-PDG,differenced,the scale over the baseline minutes is zero,6,6
3w_aligned,WELL-00024_20160720230624,P-PDG,static,the scale over the baseline minutes is zero,6,6
3w_aligned,WELL-00024_20160720230624,P-TPT,static,the scale over the baseline minutes is zero,6,6
3w_aligned,WELL-00024_20160722105543,P-JUS-CKGL,differenced,the scale over the baseline minutes is zero,6,6
3w_aligned,WELL-00024_20160722105543,P-PDG,differenced,the scale over the baseline minutes is zero,6,6
3w_aligned,WELL-00024_20160722105543,P-PDG,static,the scale over the baseline minutes is zero,6,6
3w_aligned,WELL-00024_20160729172014,P-PDG,differenced,the scale over the baseline minutes is zero,6,6
3w_aligned,WELL-00024_20160729172014,P-PDG,static,the scale over the baseline minutes is zero,6,6
3w_aligned,WELL-00024_20160825100303,P-PDG,differenced,the scale over the baseline minutes is zero,6,6
3w_aligned,WELL-00024_20160825100303,P-PDG,static,the scale over the baseline minutes is zero,6,6
3w_aligned,WELL-00024_20160909220000,P-PDG,differenced,the scale over the baseline minutes is zero,6,6
3w_aligned,WELL-00024_20160909220000,P-PDG,static,the scale over the baseline minutes is zero,6,6
3w_aligned,WELL-00024_20161001112049,P-ANULAR,differenced,the scale over the baseline minutes is zero,6,6
3w_aligned,WELL-00024_20161001112049,P-PDG,differenced,the scale over the baseline minutes is zero,6,6
3w_aligned,WELL-00024_20161001112049,P-ANULAR,static,the scale over the baseline minutes is zero,6,6
3w_aligned,WELL-00024_20161001112049,P-PDG,static,the scale over the baseline minutes is zero,6,6
3w_aligned,WELL-00024_20161001112049,P-TPT,static,the scale over the baseline minutes is zero,6,6
3w_aligned,WELL-00024_20161026065657,P-PDG,differenced,no finite minute median over the baseline windows,6,6
3w_aligned,WELL-00024_20161026065657,P-TPT,differenced,the scale over the baseline minutes is zero,6,6
3w_aligned,WELL-00024_20161026065657,P-PDG,static,no finite minute median over the baseline windows,6,6
3w_aligned,WELL-00024_20161026065657,P-TPT,static,the scale over the baseline minutes is zero,6,6
3w_aligned,WELL-00025_20200629194141,P-JUS-CKGL,differenced,no finite minute median over the baseline windows,6,6
3w_aligned,WELL-00025_20200629194141,P-JUS-CKGL,static,no finite minute median over the baseline windows,6,6
3w_aligned,WELL-00026_20160601130000,P-TPT,differenced,no finite minute median over the baseline windows,6,6
3w_aligned,WELL-00026_20160601130000,T-TPT,differenced,no finite minute median over the baseline windows,6,6
3w_aligned,WELL-00026_20160601130000,P-TPT,static,no finite minute median over the baseline windows,6,6
3w_aligned,WELL-00026_20160601130000,T-TPT,static,no finite minute median over the baseline windows,6,6
3w_aligned,WELL-00026_20170207230000,P-TPT,differenced,no finite minute median over the baseline windows,6,6
3w_aligned,WELL-00026_20170207230000,T-TPT,differenced,no finite minute median over the baseline windows,6,6
3w_aligned,WELL-00026_20170207230000,P-TPT,static,no finite minute median over the baseline windows,6,6
3w_aligned,WELL-00026_20170207230000,T-TPT,static,no finite minute median over the baseline windows,6,6
3w_aligned,WELL-00026_20170608230000,P-TPT,differenced,no finite minute median over the baseline windows,6,6
3w_aligned,WELL-00026_20170608230000,T-TPT,differenced,no finite minute median over the baseline windows,6,6
3w_aligned,WELL-00026_20170608230000,P-TPT,static,no finite minute median over the baseline windows,6,6
3w_aligned,WELL-00026_20170608230000,T-TPT,static,no finite minute median over the baseline windows,6,6
3w_aligned,WELL-00027_20230918170106,P-ANULAR,differenced,no finite minute median over the baseline windows,6,6
3w_aligned,WELL-00027_20230918170106,P-PDG,differenced,no finite minute median over the baseline windows,6,6
3w_aligned,WELL-00027_20230918170106,T-TPT,differenced,the scale over the baseline minutes is zero,6,6
3w_aligned,WELL-00027_20230918170106,P-ANULAR,static,no finite minute median over the baseline windows,6,6
3w_aligned,WELL-00027_20230918170106,P-PDG,static,no finite minute median over the baseline windows,6,6
3w_aligned,WELL-00027_20230918170106,T-TPT,static,the scale over the baseline minutes is zero,6,6
3w_aligned,WELL-00028_20210617053128,P-PDG,differenced,the scale over the baseline minutes is zero,6,6
3w_aligned,WELL-00028_20210617053128,T-TPT,differenced,no finite minute median over the baseline windows,6,6
3w_aligned,WELL-00028_20210617053128,P-PDG,static,the scale over the baseline minutes is zero,6,6
3w_aligned,WELL-00028_20210617053128,T-TPT,static,no finite minute median over the baseline windows,6,6
3w_aligned,WELL-00029_20201020231724,P-TPT,differenced,the scale over the baseline minutes is zero,6,6
3w_aligned,WELL-00029_20201020231724,P-TPT,static,the scale over the baseline minutes is zero,6,6
3w_aligned,WELL-00031_20140403170404,P-ANULAR,differenced,no finite minute median over the baseline windows,6,6
3w_aligned,WELL-00031_20140403170404,P-JUS-CKGL,differenced,the scale over the baseline minutes is zero,6,6
3w_aligned,WELL-00031_20140403170404,P-PDG,differenced,no finite minute median over the baseline windows,6,6
3w_aligned,WELL-00031_20140403170404,P-TPT,differenced,the scale over the baseline minutes is zero,6,6
3w_aligned,WELL-00031_20140403170404,T-TPT,differenced,no finite minute median over the baseline windows,6,6
3w_aligned,WELL-00031_20140403170404,P-ANULAR,static,no finite minute median over the baseline windows,6,6
3w_aligned,WELL-00031_20140403170404,P-PDG,static,no finite minute median over the baseline windows,6,6
3w_aligned,WELL-00031_20140403170404,P-TPT,static,the scale over the baseline minutes is zero,6,6
3w_aligned,WELL-00031_20140403170404,T-TPT,static,no finite minute median over the baseline windows,6,6
3w_aligned,WELL-00032_20110830235321,P-ANULAR,differenced,no finite minute median over the baseline windows,6,6
3w_aligned,WELL-00032_20110830235321,P-JUS-CKGL,differenced,the scale over the baseline minutes is zero,6,6
3w_aligned,WELL-00032_20110830235321,P-MON-CKP,differenced,the scale over the baseline minutes is zero,6,6
3w_aligned,WELL-00032_20110830235321,P-PDG,differenced,the scale over the baseline minutes is zero,6,6
3w_aligned,WELL-00032_20110830235321,T-TPT,differenced,the scale over the baseline minutes is zero,6,6
3w_aligned,WELL-00032_20110830235321,P-ANULAR,static,no finite minute median over the baseline windows,6,6
3w_aligned,WELL-00032_20110830235321,P-PDG,static,the scale over the baseline minutes is zero,6,6
3w_aligned,WELL-00032_20110830235321,T-TPT,static,the scale over the baseline minutes is zero,6,6
3w_aligned,WELL-00037_20181011071238,P-ANULAR,differenced,no finite minute median over the baseline windows,6,6
3w_aligned,WELL-00037_20181011071238,P-TPT,differenced,the scale over the baseline minutes is zero,6,6
3w_aligned,WELL-00037_20181011071238,T-TPT,differenced,the scale over the baseline minutes is zero,6,6
3w_aligned,WELL-00037_20181011071238,P-ANULAR,static,no finite minute median over the baseline windows,6,6
3w_aligned,WELL-00037_20181011071238,P-TPT,static,the scale over the baseline minutes is zero,6,6
3w_aligned,WELL-00037_20181011071238,T-TPT,static,the scale over the baseline minutes is zero,6,6
3w_aligned,WELL-00040_20181013160242,P-PDG,differenced,the scale over the baseline minutes is zero,6,6
3w_aligned,WELL-00040_20181013160242,P-TPT,differenced,the scale over the baseline minutes is zero,6,6
3w_aligned,WELL-00040_20181013160242,T-TPT,differenced,the scale over the baseline minutes is zero,6,6
3w_aligned,WELL-00040_20181013160242,P-PDG,static,the scale over the baseline minutes is zero,6,6
3w_aligned,WELL-00040_20181013160242,P-TPT,static,the scale over the baseline minutes is zero,6,6
3w_aligned,WELL-00040_20181013160242,T-TPT,static,the scale over the baseline minutes is zero,6,6
3w_aligned,WELL-00041_20181013160201,P-TPT,differenced,the scale over the baseline minutes is zero,6,6
3w_aligned,WELL-00041_20181013160201,T-TPT,differenced,the scale over the baseline minutes is zero,6,6
3w_aligned,WELL-00041_20181013160201,P-TPT,static,the scale over the baseline minutes is zero,6,6
3w_aligned,WELL-00041_20181013160201,T-TPT,static,the scale over the baseline minutes is zero,6,6
3w_aligned,WELL-00042_20141217142745,P-JUS-CKGL,differenced,the scale over the baseline minutes is zero,6,6
3w_own_history,WELL-00001_20140124083303,P-ANULAR,differenced,the scale over the baseline minutes is zero,16,16
3w_own_history,WELL-00001_20140124083303,P-JUS-CKGL,differenced,the scale over the baseline minutes is zero,16,16
3w_own_history,WELL-00001_20140124083303,P-PDG,differenced,the scale over the baseline minutes is zero,16,16
3w_own_history,WELL-00001_20140124083303,P-TPT,differenced,the scale over the baseline minutes is zero,16,16
3w_own_history,WELL-00001_20140124083303,P-ANULAR,rolling,the scale over the baseline minutes is zero,10,13
3w_own_history,WELL-00001_20140124083303,P-JUS-CKGL,rolling,the scale over the baseline minutes is zero,13,13
3w_own_history,WELL-00001_20140124083303,P-PDG,rolling,the scale over the baseline minutes is zero,13,13
3w_own_history,WELL-00001_20140124083303,P-TPT,rolling,the scale over the baseline minutes is zero,8,13
3w_own_history,WELL-00001_20140124083303,P-ANULAR,static,the scale over the baseline minutes is zero,16,16
3w_own_history,WELL-00001_20140124083303,P-JUS-CKGL,static,the scale over the baseline minutes is zero,16,16
3w_own_history,WELL-00001_20140124083303,P-PDG,static,the scale over the baseline minutes is zero,16,16
3w_own_history,WELL-00001_20140124083303,P-TPT,static,the scale over the baseline minutes is zero,16,16
3w_own_history,WELL-00001_20170226130146,P-ANULAR,differenced,the scale over the baseline minutes is zero,20,20
3w_own_history,WELL-00001_20170226130146,P-PDG,differenced,the scale over the baseline minutes is zero,20,20
3w_own_history,WELL-00001_20170226130146,P-ANULAR,rolling,the scale over the baseline minutes is zero,1,17
3w_own_history,WELL-00001_20170226130146,P-PDG,rolling,the scale over the baseline minutes is zero,17,17
3w_own_history,WELL-00001_20170226130146,T-TPT,rolling,the scale over the baseline minutes is zero,2,17
3w_own_history,WELL-00001_20170226130146,P-PDG,static,the scale over the baseline minutes is zero,20,20
3w_own_history,WELL-00006_20170731170930,P-ANULAR,differenced,the scale over the baseline minutes is zero,26,26
3w_own_history,WELL-00006_20170731170930,P-JUS-CKGL,differenced,the scale over the baseline minutes is zero,26,26
3w_own_history,WELL-00006_20170731170930,P-MON-CKP,differenced,the scale over the baseline minutes is zero,26,26
3w_own_history,WELL-00006_20170731170930,P-PDG,differenced,the scale over the baseline minutes is zero,26,26
3w_own_history,WELL-00006_20170731170930,P-TPT,differenced,the scale over the baseline minutes is zero,26,26
3w_own_history,WELL-00006_20170731170930,P-PDG,rolling,the scale over the baseline minutes is zero,23,23
3w_own_history,WELL-00006_20170731170930,P-TPT,rolling,the scale over the baseline minutes is zero,14,23
3w_own_history,WELL-00006_20170731170930,T-TPT,rolling,the scale over the baseline minutes is zero,3,23
3w_own_history,WELL-00006_20170731170930,P-PDG,static,the scale over the baseline minutes is zero,26,26
3w_own_history,WELL-00006_20170731170930,P-TPT,static,the scale over the baseline minutes is zero,26,26
3w_own_history,WELL-00006_20180617190257,P-ANULAR,differenced,the scale over the baseline minutes is zero,14,14
3w_own_history,WELL-00006_20180617190257,P-JUS-CKGL,differenced,the scale over the baseline minutes is zero,14,14
3w_own_history,WELL-00006_20180617190257,P-PDG,differenced,the scale over the baseline minutes is zero,14,14
3w_own_history,WELL-00006_20180617190257,P-TPT,differenced,the scale over the baseline minutes is zero,14,14
3w_own_history,WELL-00006_20180617190257,P-ANULAR,rolling,the scale over the baseline minutes is zero,2,11
3w_own_history,WELL-00006_20180617190257,P-PDG,rolling,the scale over the baseline minutes is zero,11,11
3w_own_history,WELL-00006_20180617190257,P-TPT,rolling,the scale over the baseline minutes is zero,9,11
3w_own_history,WELL-00006_20180617190257,P-PDG,static,the scale over the baseline minutes is zero,14,14
3w_own_history,WELL-00006_20180620152903,P-ANULAR,differenced,the scale over the baseline minutes is zero,31,31
3w_own_history,WELL-00006_20180620152903,P-PDG,differenced,the scale over the baseline minutes is zero,31,31
3w_own_history,WELL-00006_20180620152903,P-TPT,differenced,the scale over the baseline minutes is zero,31,31
3w_own_history,WELL-00006_20180620152903,P-ANULAR,rolling,the scale over the baseline minutes is zero,5,28
3w_own_history,WELL-00006_20180620152903,P-PDG,rolling,the scale over the baseline minutes is zero,28,28
3w_own_history,WELL-00006_20180620152903,P-TPT,rolling,the scale over the baseline minutes is zero,1,28
3w_own_history,WELL-00006_20180620152903,T-TPT,rolling,the scale over the baseline minutes is zero,3,28
3w_own_history,WELL-00006_20180620152903,P-PDG,static,the scale over the baseline minutes is zero,31,31
3w_own_history,WELL-00010_20180517000402,P-ANULAR,differenced,no finite minute median over the baseline windows,20,20
3w_own_history,WELL-00010_20180517000402,P-PDG,differenced,no finite minute median over the baseline windows,20,20
3w_own_history,WELL-00010_20180517000402,P-TPT,differenced,no finite minute median over the baseline windows,20,20
3w_own_history,WELL-00010_20180517000402,P-ANULAR,rolling,no finite minute median over the baseline windows,17,17
3w_own_history,WELL-00010_20180517000402,P-PDG,rolling,no finite minute median over the baseline windows,17,17
3w_own_history,WELL-00010_20180517000402,P-TPT,rolling,no finite minute median over the baseline windows,17,17
3w_own_history,WELL-00010_20180517000402,P-ANULAR,static,no finite minute median over the baseline windows,20,20
3w_own_history,WELL-00010_20180517000402,P-PDG,static,no finite minute median over the baseline windows,20,20
3w_own_history,WELL-00010_20180517000402,P-TPT,static,no finite minute median over the baseline windows,20,20
3w_own_history,WELL-00010_20180723134436,P-ANULAR,differenced,no finite minute median over the baseline windows,23,23
3w_own_history,WELL-00010_20180723134436,P-PDG,differenced,no finite minute median over the baseline windows,23,23
3w_own_history,WELL-00010_20180723134436,P-TPT,differenced,no finite minute median over the baseline windows,23,23
3w_own_history,WELL-00010_20180723134436,P-ANULAR,rolling,no finite minute median over the baseline windows,20,20
3w_own_history,WELL-00010_20180723134436,P-PDG,rolling,no finite minute median over the baseline windows,20,20
3w_own_history,WELL-00010_20180723134436,P-TPT,rolling,no finite minute median over the baseline windows,20,20
3w_own_history,WELL-00010_20180723134436,P-ANULAR,static,no finite minute median over the baseline windows,23,23
3w_own_history,WELL-00010_20180723134436,P-PDG,static,no finite minute median over the baseline windows,23,23
3w_own_history,WELL-00010_20180723134436,P-TPT,static,no finite minute median over the baseline windows,23,23
3w_own_history,WELL-00014_20160306070000,P-ANULAR,differenced,the scale over the baseline minutes is zero,9,9
3w_own_history,WELL-00014_20160306070000,P-TPT,differenced,the scale over the baseline minutes is zero,9,9
3w_own_history,WELL-00014_20160306070000,P-ANULAR,rolling,the scale over the baseline minutes is zero,1,6
3w_own_history,WELL-00014_20160306070000,P-ANULAR,static,the scale over the baseline minutes is zero,9,9
3w_own_history,WELL-00019_20120601165020,P-ANULAR,differenced,no finite minute median over the baseline windows,66,66
3w_own_history,WELL-00019_20120601165020,P-ANULAR,rolling,no finite minute median over the baseline windows,63,63
3w_own_history,WELL-00019_20120601165020,P-ANULAR,static,no finite minute median over the baseline windows,66,66
3w_own_history,WELL-00019_20141117190526,P-ANULAR,differenced,no finite minute median over the baseline windows,86,86
3w_own_history,WELL-00019_20141117190526,P-ANULAR,rolling,no finite minute median over the baseline windows,83,83
3w_own_history,WELL-00019_20141117190526,P-JUS-CKGL,rolling,the scale over the baseline minutes is zero,7,83
3w_own_history,WELL-00019_20141117190526,P-MON-CKP,rolling,the scale over the baseline minutes is zero,2,83
3w_own_history,WELL-00019_20141117190526,P-TPT,rolling,the scale over the baseline minutes is zero,32,83
3w_own_history,WELL-00019_20141117190526,T-TPT,rolling,the scale over the baseline minutes is zero,24,83
3w_own_history,WELL-00019_20141117190526,P-ANULAR,static,no finite minute median over the baseline windows,86,86
3w_own_history,WELL-00019_20150614025713,P-ANULAR,differenced,no finite minute median over the baseline windows,45,45
3w_own_history,WELL-00019_20150614025713,P-ANULAR,rolling,no finite minute median over the baseline windows,42,42
3w_own_history,WELL-00019_20150614025713,P-MON-CKP,rolling,the scale over the baseline minutes is zero,2,42
3w_own_history,WELL-00019_20150614025713,P-TPT,rolling,the scale over the baseline minutes is zero,2,42
3w_own_history,WELL-00019_20150614025713,T-TPT,rolling,the scale over the baseline minutes is zero,2,42
3w_own_history,WELL-00019_20150614025713,P-ANULAR,static,no finite minute median over the baseline windows,45,45
3w_own_history,WELL-00019_20170307235203,P-ANULAR,differenced,no finite minute median over the baseline windows,38,38
3w_own_history,WELL-00019_20170307235203,P-ANULAR,rolling,no finite minute median over the baseline windows,35,35
3w_own_history,WELL-00019_20170307235203,P-ANULAR,static,no finite minute median over the baseline windows,38,38
3w_own_history,WELL-00019_20210617032654,P-ANULAR,differenced,no finite minute median over the baseline windows,69,69
3w_own_history,WELL-00019_20210617032654,P-PDG,differenced,the scale over the baseline minutes is zero,69,69
3w_own_history,WELL-00019_20210617032654,P-TPT,differenced,the scale over the baseline minutes is zero,69,69
3w_own_history,WELL-00019_20210617032654,T-TPT,differenced,the scale over the baseline minutes is zero,69,69
3w_own_history,WELL-00019_20210617032654,P-ANULAR,rolling,no finite minute median over the baseline windows,66,66
3w_own_history,WELL-00019_20210617032654,P-MON-CKP,rolling,the scale over the baseline minutes is zero,13,66
3w_own_history,WELL-00019_20210617032654,P-PDG,rolling,the scale over the baseline minutes is zero,66,66
3w_own_history,WELL-00019_20210617032654,P-TPT,rolling,the scale over the baseline minutes is zero,66,66
3w_own_history,WELL-00019_20210617032654,T-TPT,rolling,the scale over the baseline minutes is zero,66,66
3w_own_history,WELL-00019_20210617032654,P-ANULAR,static,no finite minute median over the baseline windows,69,69
3w_own_history,WELL-00019_20210617032654,P-PDG,static,the scale over the baseline minutes is zero,69,69
3w_own_history,WELL-00019_20210617032654,P-TPT,static,the scale over the baseline minutes is zero,69,69
3w_own_history,WELL-00019_20210617032654,T-TPT,static,the scale over the baseline minutes is zero,69,69
3w_own_history,WELL-00020_20140319110000,P-JUS-CKGL,differenced,the scale over the baseline minutes is zero,16,16
3w_own_history,WELL-00020_20140319110000,P-PDG,differenced,the scale over the baseline minutes is zero,16,16
3w_own_history,WELL-00020_20140319110000,P-PDG,rolling,the scale over the baseline minutes is zero,13,13
3w_own_history,WELL-00020_20140319110000,P-PDG,static,the scale over the baseline minutes is zero,16,16
3w_own_history,WELL-00021_20180611011218,P-PDG,differenced,the scale over the baseline minutes is zero,11,11
3w_own_history,WELL-00021_20180611011218,P-PDG,rolling,the scale over the baseline minutes is zero,8,8
3w_own_history,WELL-00021_20180611011218,P-PDG,static,the scale over the baseline minutes is zero,11,11
3w_own_history,WELL-00021_20190403013307,P-PDG,differenced,the scale over the baseline minutes is zero,12,12
3w_own_history,WELL-00021_20190403013307,P-PDG,rolling,the scale over the baseline minutes is zero,9,9
3w_own_history,WELL-00021_20190403013307,P-PDG,static,the scale over the baseline minutes is zero,12,12
3w_own_history,WELL-00022_20180802233838,P-PDG,differenced,the scale over the baseline minutes is zero,83,83
3w_own_history,WELL-00022_20180802233838,P-ANULAR,rolling,the scale over the baseline minutes is zero,1,80
3w_own_history,WELL-00022_20180802233838,P-PDG,rolling,the scale over the baseline minutes is zero,80,80
3w_own_history,WELL-00022_20180802233838,P-PDG,static,the scale over the baseline minutes is zero,83,83
3w_own_history,WELL-00022_20180912025800,P-PDG,differenced,the scale over the baseline minutes is zero,155,155
3w_own_history,WELL-00022_20180912025800,P-PDG,rolling,the scale over the baseline minutes is zero,152,152
3w_own_history,WELL-00022_20180912025800,P-PDG,static,the scale over the baseline minutes is zero,155,155
3w_own_history,WELL-00022_20180919003240,P-PDG,differenced,the scale over the baseline minutes is zero,79,79
3w_own_history,WELL-00022_20180919003240,P-ANULAR,rolling,the scale over the baseline minutes is zero,9,76
3w_own_history,WELL-00022_20180919003240,P-PDG,rolling,the scale over the baseline minutes is zero,76,76
3w_own_history,WELL-00022_20180919003240,P-TPT,rolling,the scale over the baseline minutes is zero,2,76
3w_own_history,WELL-00022_20180919003240,P-PDG,static,the scale over the baseline minutes is zero,79,79
3w_own_history,WELL-00022_20180925003447,P-PDG,differenced,the scale over the baseline minutes is zero,212,212
3w_own_history,WELL-00022_20180925003447,P-ANULAR,rolling,the scale over the baseline minutes is zero,7,209
3w_own_history,WELL-00022_20180925003447,P-PDG,rolling,the scale over the baseline minutes is zero,209,209
3w_own_history,WELL-00022_20180925003447,P-PDG,static,the scale over the baseline minutes is zero,212,212
3w_own_history,WELL-00022_20181007080700,P-PDG,differenced,the scale over the baseline minutes is zero,108,108
3w_own_history,WELL-00022_20181007080700,P-PDG,rolling,the scale over the baseline minutes is zero,105,105
3w_own_history,WELL-00022_20181007080700,P-PDG,static,the scale over the baseline minutes is zero,108,108
3w_own_history,WELL-00022_20181020133850,P-PDG,differenced,the scale over the baseline minutes is zero,48,48
3w_own_history,WELL-00022_20181020133850,P-PDG,rolling,the scale over the baseline minutes is zero,45,45
3w_own_history,WELL-00022_20181020133850,P-PDG,static,the scale over the baseline minutes is zero,48,48
3w_own_history,WELL-00022_20181026005827,P-PDG,differenced,the scale over the baseline minutes is zero,134,134
3w_own_history,WELL-00022_20181026005827,P-JUS-CKGL,rolling,the scale over the baseline minutes is zero,21,131
3w_own_history,WELL-00022_20181026005827,P-PDG,rolling,the scale over the baseline minutes is zero,131,131
3w_own_history,WELL-00022_20181026005827,P-PDG,static,the scale over the baseline minutes is zero,134,134
3w_own_history,WELL-00022_20181101193049,P-PDG,differenced,the scale over the baseline minutes is zero,31,31
3w_own_history,WELL-00022_20181101193049,P-PDG,rolling,the scale over the baseline minutes is zero,28,28
3w_own_history,WELL-00022_20181101193049,P-PDG,static,the scale over the baseline minutes is zero,31,31
3w_own_history,WELL-00023_20180826212652,P-ANULAR,differenced,no finite minute median over the baseline windows,154,154
3w_own_history,WELL-00023_20180826212652,P-PDG,differenced,no finite minute median over the baseline windows,154,154
3w_own_history,WELL-00023_20180826212652,P-TPT,differenced,no finite minute median over the baseline windows,154,154
3w_own_history,WELL-00023_20180826212652,T-TPT,differenced,no finite minute median over the baseline windows,154,154
3w_own_history,WELL-00023_20180826212652,P-ANULAR,rolling,no finite minute median over the baseline windows,151,151
3w_own_history,WELL-00023_20180826212652,P-PDG,rolling,no finite minute median over the baseline windows,151,151
3w_own_history,WELL-00023_20180826212652,P-TPT,rolling,no finite minute median over the baseline windows,151,151
3w_own_history,WELL-00023_20180826212652,T-TPT,rolling,no finite minute median over the baseline windows,151,151
3w_own_history,WELL-00023_20180826212652,P-ANULAR,static,no finite minute median over the baseline windows,154,154
3w_own_history,WELL-00023_20180826212652,P-PDG,static,no finite minute median over the baseline windows,154,154
3w_own_history,WELL-00023_20180826212652,P-TPT,static,no finite minute median over the baseline windows,154,154
3w_own_history,WELL-00023_20180826212652,T-TPT,static,no finite minute median over the baseline windows,154,154
3w_own_history,WELL-00023_20181014121654,P-ANULAR,differenced,no finite minute median over the baseline windows,78,78
3w_own_history,WELL-00023_20181014121654,P-PDG,differenced,no finite minute median over the baseline windows,78,78
3w_own_history,WELL-00023_20181014121654,P-TPT,differenced,no finite minute median over the baseline windows,78,78
3w_own_history,WELL-00023_20181014121654,T-TPT,differenced,the scale over the baseline minutes is zero,78,78
3w_own_history,WELL-00023_20181014121654,P-ANULAR,rolling,no finite minute median over the baseline windows,75,75
3w_own_history,WELL-00023_20181014121654,P-PDG,rolling,no finite minute median over the baseline windows,75,75
3w_own_history,WELL-00023_20181014121654,P-TPT,rolling,no finite minute median over the baseline windows,75,75
3w_own_history,WELL-00023_20181014121654,T-TPT,rolling,the scale over the baseline minutes is zero,75,75
3w_own_history,WELL-00023_20181014121654,P-ANULAR,static,no finite minute median over the baseline windows,78,78
3w_own_history,WELL-00023_20181014121654,P-PDG,static,no finite minute median over the baseline windows,78,78
3w_own_history,WELL-00023_20181014121654,P-TPT,static,no finite minute median over the baseline windows,78,78
3w_own_history,WELL-00023_20181014121654,T-TPT,static,the scale over the baseline minutes is zero,78,78
3w_own_history,WELL-00023_20181019115124,P-ANULAR,differenced,no finite minute median over the baseline windows,134,134
3w_own_history,WELL-00023_20181019115124,P-PDG,differenced,no finite minute median over the baseline windows,134,134
3w_own_history,WELL-00023_20181019115124,P-TPT,differenced,no finite minute median over the baseline windows,134,134
3w_own_history,WELL-00023_20181019115124,T-TPT,differenced,the scale over the baseline minutes is zero,134,134
3w_own_history,WELL-00023_20181019115124,P-ANULAR,rolling,no finite minute median over the baseline windows,131,131
3w_own_history,WELL-00023_20181019115124,P-JUS-CKGL,rolling,the scale over the baseline minutes is zero,8,131
3w_own_history,WELL-00023_20181019115124,P-PDG,rolling,no finite minute median over the baseline windows,131,131
3w_own_history,WELL-00023_20181019115124,P-TPT,rolling,no finite minute median over the baseline windows,131,131
3w_own_history,WELL-00023_20181019115124,T-TPT,rolling,the scale over the baseline minutes is zero,131,131
3w_own_history,WELL-00023_20181019115124,P-ANULAR,static,no finite minute median over the baseline windows,134,134
3w_own_history,WELL-00023_20181019115124,P-PDG,static,no finite minute median over the baseline windows,134,134
3w_own_history,WELL-00023_20181019115124,P-TPT,static,no finite minute median over the baseline windows,134,134
3w_own_history,WELL-00023_20181019115124,T-TPT,static,the scale over the baseline minutes is zero,134,134
3w_own_history,WELL-00023_20181030045054,P-ANULAR,differenced,no finite minute median over the baseline windows,62,62
3w_own_history,WELL-00023_20181030045054,P-PDG,differenced,no finite minute median over the baseline windows,62,62
3w_own_history,WELL-00023_20181030045054,P-TPT,differenced,no finite minute median over the baseline windows,62,62
3w_own_history,WELL-00023_20181030045054,T-TPT,differenced,the scale over the baseline minutes is zero,62,62
3w_own_history,WELL-00023_20181030045054,P-ANULAR,rolling,no finite minute median over the baseline windows,59,59
3w_own_history,WELL-00023_20181030045054,P-JUS-CKGL,rolling,the scale over the baseline minutes is zero,1,59
3w_own_history,WELL-00023_20181030045054,P-PDG,rolling,no finite minute median over the baseline windows,59,59
3w_own_history,WELL-00023_20181030045054,P-TPT,rolling,no finite minute median over the baseline windows,59,59
3w_own_history,WELL-00023_20181030045054,T-TPT,rolling,the scale over the baseline minutes is zero,59,59
3w_own_history,WELL-00023_20181030045054,P-ANULAR,static,no finite minute median over the baseline windows,62,62
3w_own_history,WELL-00023_20181030045054,P-PDG,static,no finite minute median over the baseline windows,62,62
3w_own_history,WELL-00023_20181030045054,P-TPT,static,no finite minute median over the baseline windows,62,62
3w_own_history,WELL-00023_20181030045054,T-TPT,static,the scale over the baseline minutes is zero,62,62
3w_own_history,WELL-00024_20160712123044,P-PDG,differenced,the scale over the baseline minutes is zero,109,109
3w_own_history,WELL-00024_20160712123044,P-ANULAR,rolling,the scale over the baseline minutes is zero,26,106
3w_own_history,WELL-00024_20160712123044,P-JUS-CKGL,rolling,the scale over the baseline minutes is zero,2,106
3w_own_history,WELL-00024_20160712123044,P-PDG,rolling,the scale over the baseline minutes is zero,106,106
3w_own_history,WELL-00024_20160712123044,P-TPT,rolling,the scale over the baseline minutes is zero,30,106
3w_own_history,WELL-00024_20160712123044,T-TPT,rolling,the scale over the baseline minutes is zero,19,106
3w_own_history,WELL-00024_20160712123044,P-PDG,static,the scale over the baseline minutes is zero,109,109
3w_own_history,WELL-00024_20160720230624,P-PDG,differenced,the scale over the baseline minutes is zero,32,32
3w_own_history,WELL-00024_20160720230624,P-TPT,differenced,the scale over the baseline minutes is zero,32,32
3w_own_history,WELL-00024_20160720230624,P-ANULAR,rolling,the scale over the baseline minutes is zero,7,29
3w_own_history,WELL-00024_20160720230624,P-PDG,rolling,the scale over the baseline minutes is zero,29,29
3w_own_history,WELL-00024_20160720230624,P-TPT,rolling,the scale over the baseline minutes is zero,15,29
3w_own_history,WELL-00024_20160720230624,T-TPT,rolling,the scale over the baseline minutes is zero,2,29
3w_own_history,WELL-00024_20160720230624,P-PDG,static,the scale over the baseline minutes is zero,32,32
3w_own_history,WELL-00024_20160720230624,P-TPT,static,the scale over the baseline minutes is zero,32,32
3w_own_history,WELL-00024_20160722105543,P-PDG,differenced,the scale over the baseline minutes is zero,53,53
3w_own_history,WELL-00024_20160722105543,P-ANULAR,rolling,the scale over the baseline minutes is zero,17,50
3w_own_history,WELL-00024_20160722105543,P-PDG,rolling,the scale over the baseline minutes is zero,50,50
3w_own_history,WELL-00024_20160722105543,P-TPT,rolling,the scale over the baseline minutes is zero,13,50
3w_own_history,WELL-00024_20160722105543,T-TPT,rolling,the scale over the baseline minutes is zero,14,50
3w_own_history,WELL-00024_20160722105543,P-PDG,static,the scale over the baseline minutes is zero,53,53
3w_own_history,WELL-00024_20160729172014,P-PDG,differenced,the scale over the baseline minutes is zero,37,37
3w_own_history,WELL-00024_20160729172014,P-ANULAR,rolling,the scale over the baseline minutes is zero,9,34
3w_own_history,WELL-00024_20160729172014,P-PDG,rolling,the scale over the baseline minutes is zero,34,34
3w_own_history,WELL-00024_20160729172014,P-TPT,rolling,the scale over the baseline minutes is zero,9,34
3w_own_history,WELL-00024_20160729172014,T-TPT,rolling,the scale over the baseline minutes is zero,13,34
3w_own_history,WELL-00024_20160729172014,P-PDG,static,the scale over the baseline minutes is zero,37,37
3w_own_history,WELL-00024_20160825100303,P-PDG,differenced,the scale over the baseline minutes is zero,21,21
3w_own_history,WELL-00024_20160825100303,P-ANULAR,rolling,the scale over the baseline minutes is zero,1,18
3w_own_history,WELL-00024_20160825100303,P-PDG,rolling,the scale over the baseline minutes is zero,18,18
3w_own_history,WELL-00024_20160825100303,P-TPT,rolling,the scale over the baseline minutes is zero,3,18
3w_own_history,WELL-00024_20160825100303,T-TPT,rolling,the scale over the baseline minutes is zero,3,18
3w_own_history,WELL-00024_20160825100303,P-ANULAR,static,the scale over the baseline minutes is zero,21,21
3w_own_history,WELL-00024_20160825100303,P-PDG,static,the scale over the baseline minutes is zero,21,21
3w_own_history,WELL-00024_20160825100303,T-TPT,static,the scale over the baseline minutes is zero,21,21
3w_own_history,WELL-00024_20160909220000,P-PDG,differenced,the scale over the baseline minutes is zero,32,32
3w_own_history,WELL-00024_20160909220000,P-TPT,differenced,the scale over the baseline minutes is zero,32,32
3w_own_history,WELL-00024_20160909220000,P-ANULAR,rolling,the scale over the baseline minutes is zero,4,29
3w_own_history,WELL-00024_20160909220000,P-PDG,rolling,the scale over the baseline minutes is zero,29,29
3w_own_history,WELL-00024_20160909220000,P-TPT,rolling,the scale over the baseline minutes is zero,7,29
3w_own_history,WELL-00024_20160909220000,T-TPT,rolling,the scale over the baseline minutes is zero,5,29
3w_own_history,WELL-00024_20160909220000,P-PDG,static,the scale over the baseline minutes is zero,32,32
3w_own_history,WELL-00024_20160909220000,P-TPT,static,the scale over the baseline minutes is zero,32,32
3w_own_history,WELL-00024_20161001112049,P-ANULAR,differenced,the scale over the baseline minutes is zero,50,50
3w_own_history,WELL-00024_20161001112049,P-PDG,differenced,the scale over the baseline minutes is zero,50,50
3w_own_history,WELL-00024_20161001112049,P-TPT,differenced,the scale over the baseline minutes is zero,50,50
3w_own_history,WELL-00024_20161001112049,P-ANULAR,rolling,the scale over the baseline minutes is zero,17,47
3w_own_history,WELL-00024_20161001112049,P-PDG,rolling,the scale over the baseline minutes is zero,47,47
3w_own_history,WELL-00024_20161001112049,P-TPT,rolling,the scale over the baseline minutes is zero,14,47
3w_own_history,WELL-00024_20161001112049,T-TPT,rolling,the scale over the baseline minutes is zero,18,47
3w_own_history,WELL-00024_20161001112049,P-ANULAR,static,the scale over the baseline minutes is zero,50,50
3w_own_history,WELL-00024_20161001112049,P-PDG,static,the scale over the baseline minutes is zero,50,50
3w_own_history,WELL-00024_20161001112049,P-TPT,static,the scale over the baseline minutes is zero,50,50
3w_own_history,WELL-00024_20161026065657,P-ANULAR,differenced,the scale over the baseline minutes is zero,48,48
3w_own_history,WELL-00024_20161026065657,P-PDG,differenced,the scale over the baseline minutes is zero,48,48
3w_own_history,WELL-00024_20161026065657,P-TPT,differenced,the scale over the baseline minutes is zero,48,48
3w_own_history,WELL-00024_20161026065657,P-ANULAR,rolling,the scale over the baseline minutes is zero,10,45
3w_own_history,WELL-00024_20161026065657,P-PDG,rolling,the scale over the baseline minutes is zero,45,45
3w_own_history,WELL-00024_20161026065657,P-TPT,rolling,the scale over the baseline minutes is zero,17,45
3w_own_history,WELL-00024_20161026065657,T-TPT,rolling,the scale over the baseline minutes is zero,7,45
3w_own_history,WELL-00024_20161026065657,P-PDG,static,the scale over the baseline minutes is zero,48,48
3w_own_history,WELL-00025_20200629194141,P-JUS-CKGL,differenced,no finite minute median over the baseline windows,199,199
3w_own_history,WELL-00025_20200629194141,P-JUS-CKGL,rolling,no finite minute median over the baseline windows,196,196
3w_own_history,WELL-00025_20200629194141,P-JUS-CKGL,static,no finite minute median over the baseline windows,199,199
3w_own_history,WELL-00026_20160601130000,P-TPT,differenced,no finite minute median over the baseline windows,51,51
3w_own_history,WELL-00026_20160601130000,T-TPT,differenced,no finite minute median over the baseline windows,51,51
3w_own_history,WELL-00026_20160601130000,P-TPT,rolling,no finite minute median over the baseline windows,48,48
3w_own_history,WELL-00026_20160601130000,T-TPT,rolling,no finite minute median over the baseline windows,48,48
3w_own_history,WELL-00026_20160601130000,P-TPT,static,no finite minute median over the baseline windows,51,51
3w_own_history,WELL-00026_20160601130000,T-TPT,static,no finite minute median over the baseline windows,51,51
3w_own_history,WELL-00026_20170207230000,P-TPT,differenced,no finite minute median over the baseline windows,161,161
3w_own_history,WELL-00026_20170207230000,T-TPT,differenced,no finite minute median over the baseline windows,161,161
3w_own_history,WELL-00026_20170207230000,P-TPT,rolling,no finite minute median over the baseline windows,158,158
3w_own_history,WELL-00026_20170207230000,T-TPT,rolling,no finite minute median over the baseline windows,158,158
3w_own_history,WELL-00026_20170207230000,P-TPT,static,no finite minute median over the baseline windows,161,161
3w_own_history,WELL-00026_20170207230000,T-TPT,static,no finite minute median over the baseline windows,161,161
3w_own_history,WELL-00026_20170608230000,P-TPT,differenced,no finite minute median over the baseline windows,144,144
3w_own_history,WELL-00026_20170608230000,T-TPT,differenced,no finite minute median over the baseline windows,144,144
3w_own_history,WELL-00026_20170608230000,P-TPT,rolling,no finite minute median over the baseline windows,141,141
3w_own_history,WELL-00026_20170608230000,T-TPT,rolling,no finite minute median over the baseline windows,141,141
3w_own_history,WELL-00026_20170608230000,P-TPT,static,no finite minute median over the baseline windows,144,144
3w_own_history,WELL-00026_20170608230000,T-TPT,static,no finite minute median over the baseline windows,144,144
3w_own_history,WELL-00027_20230918170106,P-ANULAR,differenced,no finite minute median over the baseline windows,188,188
3w_own_history,WELL-00027_20230918170106,P-PDG,differenced,no finite minute median over the baseline windows,188,188
3w_own_history,WELL-00027_20230918170106,T-TPT,differenced,the scale over the baseline minutes is zero,188,188
3w_own_history,WELL-00027_20230918170106,P-ANULAR,rolling,no finite minute median over the baseline windows,185,185
3w_own_history,WELL-00027_20230918170106,P-JUS-CKGL,rolling,the scale over the baseline minutes is zero,90,185
3w_own_history,WELL-00027_20230918170106,P-MON-CKP,rolling,the scale over the baseline minutes is zero,43,185
3w_own_history,WELL-00027_20230918170106,P-PDG,rolling,no finite minute median over the baseline windows,185,185
3w_own_history,WELL-00027_20230918170106,T-TPT,rolling,the scale over the baseline minutes is zero,185,185
3w_own_history,WELL-00027_20230918170106,P-ANULAR,static,no finite minute median over the baseline windows,188,188
3w_own_history,WELL-00027_20230918170106,P-PDG,static,no finite minute median over the baseline windows,188,188
3w_own_history,WELL-00027_20230918170106,T-TPT,static,the scale over the baseline minutes is zero,188,188
3w_own_history,WELL-00028_20210617053128,P-PDG,differenced,the scale over the baseline minutes is zero,89,89
3w_own_history,WELL-00028_20210617053128,T-TPT,differenced,no finite minute median over the baseline windows,89,89
3w_own_history,WELL-00028_20210617053128,P-JUS-CKGL,rolling,the scale over the baseline minutes is zero,17,86
3w_own_history,WELL-00028_20210617053128,P-MON-CKP,rolling,the scale over the baseline minutes is zero,24,86
3w_own_history,WELL-00028_20210617053128,P-PDG,rolling,the scale over the baseline minutes is zero,86,86
3w_own_history,WELL-00028_20210617053128,P-TPT,rolling,the scale over the baseline minutes is zero,17,86
3w_own_history,WELL-00028_20210617053128,T-TPT,rolling,no finite minute median over the baseline windows,86,86
3w_own_history,WELL-00028_20210617053128,P-PDG,static,the scale over the baseline minutes is zero,89,89
3w_own_history,WELL-00028_20210617053128,T-TPT,static,no finite minute median over the baseline windows,89,89
3w_own_history,WELL-00029_20201020231724,P-TPT,differenced,the scale over the baseline minutes is zero,39,39
3w_own_history,WELL-00029_20201020231724,P-TPT,rolling,the scale over the baseline minutes is zero,36,36
3w_own_history,WELL-00029_20201020231724,P-TPT,static,the scale over the baseline minutes is zero,39,39
3w_own_history,WELL-00030_20141108012623,P-ANULAR,rolling,the scale over the baseline minutes is zero,19,40
3w_own_history,WELL-00030_20141108012623,P-JUS-CKGL,rolling,the scale over the baseline minutes is zero,13,40
3w_own_history,WELL-00030_20141108012623,P-MON-CKP,rolling,the scale over the baseline minutes is zero,19,40
3w_own_history,WELL-00030_20141108012623,P-TPT,rolling,the scale over the baseline minutes is zero,16,40
3w_own_history,WELL-00030_20141108012623,T-TPT,rolling,the scale over the baseline minutes is zero,16,40
3w_own_history,WELL-00031_20140403170404,P-ANULAR,differenced,no finite minute median over the baseline windows,99,99
3w_own_history,WELL-00031_20140403170404,P-JUS-CKGL,differenced,the scale over the baseline minutes is zero,99,99
3w_own_history,WELL-00031_20140403170404,P-PDG,differenced,no finite minute median over the baseline windows,99,99
3w_own_history,WELL-00031_20140403170404,P-TPT,differenced,the scale over the baseline minutes is zero,99,99
3w_own_history,WELL-00031_20140403170404,T-TPT,differenced,no finite minute median over the baseline windows,99,99
3w_own_history,WELL-00031_20140403170404,P-ANULAR,rolling,no finite minute median over the baseline windows,96,96
3w_own_history,WELL-00031_20140403170404,P-PDG,rolling,no finite minute median over the baseline windows,96,96
3w_own_history,WELL-00031_20140403170404,P-TPT,rolling,the scale over the baseline minutes is zero,96,96
3w_own_history,WELL-00031_20140403170404,T-TPT,rolling,no finite minute median over the baseline windows,96,96
3w_own_history,WELL-00031_20140403170404,P-ANULAR,static,no finite minute median over the baseline windows,99,99
3w_own_history,WELL-00031_20140403170404,P-PDG,static,no finite minute median over the baseline windows,99,99
3w_own_history,WELL-00031_20140403170404,P-TPT,static,the scale over the baseline minutes is zero,99,99
3w_own_history,WELL-00031_20140403170404,T-TPT,static,no finite minute median over the baseline windows,99,99
3w_own_history,WELL-00032_20110830235321,P-ANULAR,differenced,no finite minute median over the baseline windows,36,36
3w_own_history,WELL-00032_20110830235321,P-JUS-CKGL,differenced,the scale over the baseline minutes is zero,36,36
3w_own_history,WELL-00032_20110830235321,P-PDG,differenced,the scale over the baseline minutes is zero,36,36
3w_own_history,WELL-00032_20110830235321,P-TPT,differenced,the scale over the baseline minutes is zero,36,36
3w_own_history,WELL-00032_20110830235321,T-TPT,differenced,the scale over the baseline minutes is zero,36,36
3w_own_history,WELL-00032_20110830235321,P-ANULAR,rolling,no finite minute median over the baseline windows,33,33
3w_own_history,WELL-00032_20110830235321,P-PDG,rolling,the scale over the baseline minutes is zero,33,33
3w_own_history,WELL-00032_20110830235321,T-TPT,rolling,the scale over the baseline minutes is zero,33,33
3w_own_history,WELL-00032_20110830235321,P-ANULAR,static,no finite minute median over the baseline windows,36,36
3w_own_history,WELL-00032_20110830235321,P-PDG,static,the scale over the baseline minutes is zero,36,36
3w_own_history,WELL-00032_20110830235321,T-TPT,static,the scale over the baseline minutes is zero,36,36
3w_own_history,WELL-00033_20190925190420,P-ANULAR,differenced,no finite minute median over the baseline windows,10,10
3w_own_history,WELL-00033_20190925190420,P-PDG,differenced,no finite minute median over the baseline windows,10,10
3w_own_history,WELL-00033_20190925190420,P-TPT,differenced,no finite minute median over the baseline windows,10,10
3w_own_history,WELL-00033_20190925190420,T-TPT,differenced,no finite minute median over the baseline windows,10,10
3w_own_history,WELL-00033_20190925190420,P-ANULAR,rolling,no finite minute median over the baseline windows,7,7
3w_own_history,WELL-00033_20190925190420,P-PDG,rolling,no finite minute median over the baseline windows,7,7
3w_own_history,WELL-00033_20190925190420,P-TPT,rolling,no finite minute median over the baseline windows,7,7
3w_own_history,WELL-00033_20190925190420,T-TPT,rolling,no finite minute median over the baseline windows,7,7
3w_own_history,WELL-00033_20190925190420,P-ANULAR,static,no finite minute median over the baseline windows,10,10
3w_own_history,WELL-00033_20190925190420,P-PDG,static,no finite minute median over the baseline windows,10,10
3w_own_history,WELL-00033_20190925190420,P-TPT,static,no finite minute median over the baseline windows,10,10
3w_own_history,WELL-00033_20190925190420,T-TPT,static,no finite minute median over the baseline windows,10,10
3w_own_history,WELL-00033_20190928210207,P-ANULAR,differenced,no finite minute median over the baseline windows,8,8
3w_own_history,WELL-00033_20190928210207,P-PDG,differenced,no finite minute median over the baseline windows,8,8
3w_own_history,WELL-00033_20190928210207,P-TPT,differenced,no finite minute median over the baseline windows,8,8
3w_own_history,WELL-00033_20190928210207,T-TPT,differenced,no finite minute median over the baseline windows,8,8
3w_own_history,WELL-00033_20190928210207,P-ANULAR,rolling,no finite minute median over the baseline windows,5,5
3w_own_history,WELL-00033_20190928210207,P-PDG,rolling,no finite minute median over the baseline windows,5,5
3w_own_history,WELL-00033_20190928210207,P-TPT,rolling,no finite minute median over the baseline windows,5,5
3w_own_history,WELL-00033_20190928210207,T-TPT,rolling,no finite minute median over the baseline windows,5,5
3w_own_history,WELL-00033_20190928210207,P-ANULAR,static,no finite minute median over the baseline windows,8,8
3w_own_history,WELL-00033_20190928210207,P-PDG,static,no finite minute median over the baseline windows,8,8
3w_own_history,WELL-00033_20190928210207,P-TPT,static,no finite minute median over the baseline windows,8,8
3w_own_history,WELL-00033_20190928210207,T-TPT,static,no finite minute median over the baseline windows,8,8
3w_own_history,WELL-00033_20190930190000,P-ANULAR,differenced,no finite minute median over the baseline windows,7,7
3w_own_history,WELL-00033_20190930190000,P-PDG,differenced,no finite minute median over the baseline windows,7,7
3w_own_history,WELL-00033_20190930190000,P-TPT,differenced,no finite minute median over the baseline windows,7,7
3w_own_history,WELL-00033_20190930190000,T-TPT,differenced,no finite minute median over the baseline windows,7,7
3w_own_history,WELL-00033_20190930190000,P-ANULAR,rolling,no finite minute median over the baseline windows,4,4
3w_own_history,WELL-00033_20190930190000,P-PDG,rolling,no finite minute median over the baseline windows,4,4
3w_own_history,WELL-00033_20190930190000,P-TPT,rolling,no finite minute median over the baseline windows,4,4
3w_own_history,WELL-00033_20190930190000,T-TPT,rolling,no finite minute median over the baseline windows,4,4
3w_own_history,WELL-00033_20190930190000,P-ANULAR,static,no finite minute median over the baseline windows,7,7
3w_own_history,WELL-00033_20190930190000,P-PDG,static,no finite minute median over the baseline windows,7,7
3w_own_history,WELL-00033_20190930190000,P-TPT,static,no finite minute median over the baseline windows,7,7
3w_own_history,WELL-00033_20190930190000,T-TPT,static,no finite minute median over the baseline windows,7,7
3w_own_history,WELL-00034_20190826050146,P-ANULAR,differenced,no finite minute median over the baseline windows,8,8
3w_own_history,WELL-00034_20190826050146,P-PDG,differenced,no finite minute median over the baseline windows,8,8
3w_own_history,WELL-00034_20190826050146,P-TPT,differenced,the scale over the baseline minutes is zero,8,8
3w_own_history,WELL-00034_20190826050146,T-TPT,differenced,no finite minute median over the baseline windows,8,8
3w_own_history,WELL-00034_20190826050146,P-ANULAR,rolling,no finite minute median over the baseline windows,5,5
3w_own_history,WELL-00034_20190826050146,P-PDG,rolling,no finite minute median over the baseline windows,5,5
3w_own_history,WELL-00034_20190826050146,P-TPT,rolling,the scale over the baseline minutes is zero,5,5
3w_own_history,WELL-00034_20190826050146,T-TPT,rolling,no finite minute median over the baseline windows,5,5
3w_own_history,WELL-00034_20190826050146,P-ANULAR,static,no finite minute median over the baseline windows,8,8
3w_own_history,WELL-00034_20190826050146,P-PDG,static,no finite minute median over the baseline windows,8,8
3w_own_history,WELL-00034_20190826050146,P-TPT,static,the scale over the baseline minutes is zero,8,8
3w_own_history,WELL-00034_20190826050146,T-TPT,static,no finite minute median over the baseline windows,8,8
3w_own_history,WELL-00034_20190831210153,P-ANULAR,differenced,no finite minute median over the baseline windows,7,7
3w_own_history,WELL-00034_20190831210153,P-PDG,differenced,no finite minute median over the baseline windows,7,7
3w_own_history,WELL-00034_20190831210153,P-TPT,differenced,the scale over the baseline minutes is zero,7,7
3w_own_history,WELL-00034_20190831210153,T-TPT,differenced,no finite minute median over the baseline windows,7,7
3w_own_history,WELL-00034_20190831210153,P-ANULAR,rolling,no finite minute median over the baseline windows,4,4
3w_own_history,WELL-00034_20190831210153,P-PDG,rolling,no finite minute median over the baseline windows,4,4
3w_own_history,WELL-00034_20190831210153,P-TPT,rolling,the scale over the baseline minutes is zero,4,4
3w_own_history,WELL-00034_20190831210153,T-TPT,rolling,no finite minute median over the baseline windows,4,4
3w_own_history,WELL-00034_20190831210153,P-ANULAR,static,no finite minute median over the baseline windows,7,7
3w_own_history,WELL-00034_20190831210153,P-PDG,static,no finite minute median over the baseline windows,7,7
3w_own_history,WELL-00034_20190831210153,P-TPT,static,the scale over the baseline minutes is zero,7,7
3w_own_history,WELL-00034_20190831210153,T-TPT,static,no finite minute median over the baseline windows,7,7
3w_own_history,WELL-00034_20190901060904,P-ANULAR,differenced,no finite minute median over the baseline windows,22,22
3w_own_history,WELL-00034_20190901060904,P-PDG,differenced,no finite minute median over the baseline windows,22,22
3w_own_history,WELL-00034_20190901060904,P-TPT,differenced,the scale over the baseline minutes is zero,22,22
3w_own_history,WELL-00034_20190901060904,T-TPT,differenced,no finite minute median over the baseline windows,22,22
3w_own_history,WELL-00034_20190901060904,P-ANULAR,rolling,no finite minute median over the baseline windows,19,19
3w_own_history,WELL-00034_20190901060904,P-PDG,rolling,no finite minute median over the baseline windows,19,19
3w_own_history,WELL-00034_20190901060904,P-TPT,rolling,the scale over the baseline minutes is zero,19,19
3w_own_history,WELL-00034_20190901060904,T-TPT,rolling,no finite minute median over the baseline windows,19,19
3w_own_history,WELL-00034_20190901060904,P-ANULAR,static,no finite minute median over the baseline windows,22,22
3w_own_history,WELL-00034_20190901060904,P-PDG,static,no finite minute median over the baseline windows,22,22
3w_own_history,WELL-00034_20190901060904,P-TPT,static,the scale over the baseline minutes is zero,22,22
3w_own_history,WELL-00034_20190901060904,T-TPT,static,no finite minute median over the baseline windows,22,22
3w_own_history,WELL-00035_20190819093245,P-ANULAR,differenced,no finite minute median over the baseline windows,13,13
3w_own_history,WELL-00035_20190819093245,P-PDG,differenced,no finite minute median over the baseline windows,13,13
3w_own_history,WELL-00035_20190819093245,P-TPT,differenced,the scale over the baseline minutes is zero,13,13
3w_own_history,WELL-00035_20190819093245,T-TPT,differenced,no finite minute median over the baseline windows,13,13
3w_own_history,WELL-00035_20190819093245,P-ANULAR,rolling,no finite minute median over the baseline windows,10,10
3w_own_history,WELL-00035_20190819093245,P-PDG,rolling,no finite minute median over the baseline windows,10,10
3w_own_history,WELL-00035_20190819093245,P-TPT,rolling,the scale over the baseline minutes is zero,10,10
3w_own_history,WELL-00035_20190819093245,T-TPT,rolling,no finite minute median over the baseline windows,10,10
3w_own_history,WELL-00035_20190819093245,P-ANULAR,static,no finite minute median over the baseline windows,13,13
3w_own_history,WELL-00035_20190819093245,P-PDG,static,no finite minute median over the baseline windows,13,13
3w_own_history,WELL-00035_20190819093245,P-TPT,static,the scale over the baseline minutes is zero,13,13
3w_own_history,WELL-00035_20190819093245,T-TPT,static,no finite minute median over the baseline windows,13,13
3w_own_history,WELL-00035_20190827090706,P-ANULAR,differenced,no finite minute median over the baseline windows,14,14
3w_own_history,WELL-00035_20190827090706,P-PDG,differenced,no finite minute median over the baseline windows,14,14
3w_own_history,WELL-00035_20190827090706,P-TPT,differenced,the scale over the baseline minutes is zero,14,14
3w_own_history,WELL-00035_20190827090706,T-TPT,differenced,no finite minute median over the baseline windows,14,14
3w_own_history,WELL-00035_20190827090706,P-ANULAR,rolling,no finite minute median over the baseline windows,11,11
3w_own_history,WELL-00035_20190827090706,P-PDG,rolling,no finite minute median over the baseline windows,11,11
3w_own_history,WELL-00035_20190827090706,P-TPT,rolling,the scale over the baseline minutes is zero,11,11
3w_own_history,WELL-00035_20190827090706,T-TPT,rolling,no finite minute median over the baseline windows,11,11
3w_own_history,WELL-00035_20190827090706,P-ANULAR,static,no finite minute median over the baseline windows,14,14
3w_own_history,WELL-00035_20190827090706,P-PDG,static,no finite minute median over the baseline windows,14,14
3w_own_history,WELL-00035_20190827090706,P-TPT,static,the scale over the baseline minutes is zero,14,14
3w_own_history,WELL-00035_20190827090706,T-TPT,static,no finite minute median over the baseline windows,14,14
3w_own_history,WELL-00035_20190925061122,P-ANULAR,differenced,no finite minute median over the baseline windows,31,31
3w_own_history,WELL-00035_20190925061122,P-PDG,differenced,no finite minute median over the baseline windows,31,31
3w_own_history,WELL-00035_20190925061122,P-TPT,differenced,the scale over the baseline minutes is zero,31,31
3w_own_history,WELL-00035_20190925061122,T-TPT,differenced,no finite minute median over the baseline windows,31,31
3w_own_history,WELL-00035_20190925061122,P-ANULAR,rolling,no finite minute median over the baseline windows,28,28
3w_own_history,WELL-00035_20190925061122,P-PDG,rolling,no finite minute median over the baseline windows,28,28
3w_own_history,WELL-00035_20190925061122,P-TPT,rolling,the scale over the baseline minutes is zero,28,28
3w_own_history,WELL-00035_20190925061122,T-TPT,rolling,no finite minute median over the baseline windows,28,28
3w_own_history,WELL-00035_20190925061122,P-ANULAR,static,no finite minute median over the baseline windows,31,31
3w_own_history,WELL-00035_20190925061122,P-PDG,static,no finite minute median over the baseline windows,31,31
3w_own_history,WELL-00035_20190925061122,P-TPT,static,the scale over the baseline minutes is zero,31,31
3w_own_history,WELL-00035_20190925061122,T-TPT,static,no finite minute median over the baseline windows,31,31
3w_own_history,WELL-00037_20181011071238,P-ANULAR,differenced,no finite minute median over the baseline windows,7,7
3w_own_history,WELL-00037_20181011071238,P-TPT,differenced,the scale over the baseline minutes is zero,7,7
3w_own_history,WELL-00037_20181011071238,T-TPT,differenced,the scale over the baseline minutes is zero,7,7
3w_own_history,WELL-00037_20181011071238,P-ANULAR,rolling,no finite minute median over the baseline windows,4,4
3w_own_history,WELL-00037_20181011071238,P-TPT,rolling,the scale over the baseline minutes is zero,4,4
3w_own_history,WELL-00037_20181011071238,T-TPT,rolling,the scale over the baseline minutes is zero,2,4
3w_own_history,WELL-00037_20181011071238,P-ANULAR,static,no finite minute median over the baseline windows,7,7
3w_own_history,WELL-00037_20181011071238,P-TPT,static,the scale over the baseline minutes is zero,7,7
3w_own_history,WELL-00037_20190924213000,P-ANULAR,differenced,no finite minute median over the baseline windows,7,7
3w_own_history,WELL-00037_20190924213000,P-PDG,differenced,no finite minute median over the baseline windows,7,7
3w_own_history,WELL-00037_20190924213000,P-TPT,differenced,the scale over the baseline minutes is zero,7,7
3w_own_history,WELL-00037_20190924213000,P-ANULAR,rolling,no finite minute median over the baseline windows,4,4
3w_own_history,WELL-00037_20190924213000,P-PDG,rolling,no finite minute median over the baseline windows,4,4
3w_own_history,WELL-00037_20190924213000,P-TPT,rolling,the scale over the baseline minutes is zero,4,4
3w_own_history,WELL-00037_20190924213000,P-ANULAR,static,no finite minute median over the baseline windows,7,7
3w_own_history,WELL-00037_20190924213000,P-PDG,static,no finite minute median over the baseline windows,7,7
3w_own_history,WELL-00037_20190924213000,P-TPT,static,the scale over the baseline minutes is zero,7,7
3w_own_history,WELL-00038_20190924212924,P-ANULAR,differenced,no finite minute median over the baseline windows,8,8
3w_own_history,WELL-00038_20190924212924,P-ANULAR,rolling,no finite minute median over the baseline windows,5,5
3w_own_history,WELL-00038_20190924212924,P-TPT,rolling,the scale over the baseline minutes is zero,4,5
3w_own_history,WELL-00038_20190924212924,P-ANULAR,static,no finite minute median over the baseline windows,8,8
3w_own_history,WELL-00038_20190925093222,P-ANULAR,differenced,no finite minute median over the baseline windows,25,25
3w_own_history,WELL-00038_20190925093222,P-TPT,differenced,the scale over the baseline minutes is zero,25,25
3w_own_history,WELL-00038_20190925093222,P-ANULAR,rolling,no finite minute median over the baseline windows,22,22
3w_own_history,WELL-00038_20190925093222,P-TPT,rolling,the scale over the baseline minutes is zero,14,22
3w_own_history,WELL-00038_20190925093222,P-ANULAR,static,no finite minute median over the baseline windows,25,25
3w_own_history,WELL-00038_20190925093222,P-TPT,static,the scale over the baseline minutes is zero,25,25
3w_own_history,WELL-00039_20190924200204,P-PDG,differenced,the scale over the baseline minutes is zero,10,10
3w_own_history,WELL-00039_20190924200204,P-TPT,differenced,the scale over the baseline minutes is zero,10,10
3w_own_history,WELL-00039_20190924200204,T-TPT,differenced,the scale over the baseline minutes is zero,10,10
3w_own_history,WELL-00039_20190924200204,P-PDG,rolling,the scale over the baseline minutes is zero,7,7
3w_own_history,WELL-00039_20190924200204,P-TPT,rolling,the scale over the baseline minutes is zero,7,7
3w_own_history,WELL-00039_20190924200204,T-TPT,rolling,the scale over the baseline minutes is zero,7,7
3w_own_history,WELL-00039_20190924200204,P-PDG,static,the scale over the baseline minutes is zero,10,10
3w_own_history,WELL-00039_20190924200204,P-TPT,static,the scale over the baseline minutes is zero,10,10
3w_own_history,WELL-00039_20190924200204,T-TPT,static,the scale over the baseline minutes is zero,10,10
3w_own_history,WELL-00040_20181013160242,P-PDG,differenced,the scale over the baseline minutes is zero,8,8
3w_own_history,WELL-00040_20181013160242,P-TPT,differenced,the scale over the baseline minutes is zero,8,8
3w_own_history,WELL-00040_20181013160242,T-TPT,differenced,the scale over the baseline minutes is zero,8,8
3w_own_history,WELL-00040_20181013160242,P-PDG,rolling,the scale over the baseline minutes is zero,5,5
3w_own_history,WELL-00040_20181013160242,P-TPT,rolling,the scale over the baseline minutes is zero,5,5
3w_own_history,WELL-00040_20181013160242,T-TPT,rolling,the scale over the baseline minutes is zero,5,5
3w_own_history,WELL-00040_20181013160242,P-PDG,static,the scale over the baseline minutes is zero,8,8
3w_own_history,WELL-00040_20181013160242,P-TPT,static,the scale over the baseline minutes is zero,8,8
3w_own_history,WELL-00040_20181013160242,T-TPT,static,the scale over the baseline minutes is zero,8,8
3w_own_history,WELL-00041_20181013160201,P-TPT,differenced,the scale over the baseline minutes is zero,8,8
3w_own_history,WELL-00041_20181013160201,T-TPT,differenced,the scale over the baseline minutes is zero,8,8
3w_own_history,WELL-00041_20181013160201,P-TPT,rolling,the scale over the baseline minutes is zero,5,5
3w_own_history,WELL-00041_20181013160201,T-TPT,rolling,the scale over the baseline minutes is zero,5,5
3w_own_history,WELL-00041_20181013160201,P-TPT,static,the scale over the baseline minutes is zero,8,8
3w_own_history,WELL-00041_20181013160201,T-TPT,static,the scale over the baseline minutes is zero,8,8
3w_own_history,WELL-00041_20190819163753,P-MON-CKP,rolling,the scale over the baseline minutes is zero,2,36
3w_own_history,WELL-00041_20190822143519,P-PDG,differenced,the scale over the baseline minutes is zero,26,26
3w_own_history,WELL-00041_20190822143519,P-TPT,differenced,the scale over the baseline minutes is zero,26,26
3w_own_history,WELL-00041_20190822143519,T-TPT,differenced,the scale over the baseline minutes is zero,26,26
3w_own_history,WELL-00041_20190822143519,P-PDG,rolling,the scale over the baseline minutes is zero,12,23
3w_own_history,WELL-00041_20190822143519,P-TPT,rolling,the scale over the baseline minutes is zero,12,23
3w_own_history,WELL-00041_20190822143519,T-TPT,rolling,the scale over the baseline minutes is zero,12,23
3w_own_history,WELL-00041_20190822143519,P-PDG,static,the scale over the baseline minutes is zero,26,26
3w_own_history,WELL-00041_20190822143519,P-TPT,static,the scale over the baseline minutes is zero,26,26
3w_own_history,WELL-00041_20190822143519,T-TPT,static,the scale over the baseline minutes is zero,26,26
3w_own_history,WELL-00041_20190906051807,P-MON-CKP,differenced,the scale over the baseline minutes is zero,50,50
3w_own_history,WELL-00041_20190917161232,P-MON-CKP,rolling,the scale over the baseline minutes is zero,2,49
3w_own_history,WELL-00042_20141217142745,P-JUS-CKGL,differenced,the scale over the baseline minutes is zero,9,9
skab,other__1,Pressure,differenced,the scale over the baseline minutes is zero,14,14
skab,other__1,Pressure,rolling,the scale over the baseline minutes is zero,11,11
skab,other__1,Volume Flow RateRMS,rolling,the scale over the baseline minutes is zero,6,11
skab,other__1,Pressure,static,the scale over the baseline minutes is zero,14,14
skab,other__1,Volume Flow RateRMS,static,the scale over the baseline minutes is zero,14,14
skab,other__10,Pressure,differenced,the scale over the baseline minutes is zero,24,24
skab,other__10,Pressure,rolling,the scale over the baseline minutes is zero,21,21
skab,other__10,Volume Flow RateRMS,rolling,the scale over the baseline minutes is zero,9,21
skab,other__10,Pressure,static,the scale over the baseline minutes is zero,24,24
skab,other__11,Pressure,differenced,the scale over the baseline minutes is zero,21,21
skab,other__11,Pressure,rolling,the scale over the baseline minutes is zero,18,18
skab,other__11,Volume Flow RateRMS,rolling,the scale over the baseline minutes is zero,14,18
skab,other__11,Pressure,static,the scale over the baseline minutes is zero,21,21
skab,other__11,Volume Flow RateRMS,static,the scale over the baseline minutes is zero,21,21
skab,other__12,Pressure,differenced,the scale over the baseline minutes is zero,21,21
skab,other__12,Pressure,rolling,the scale over the baseline minutes is zero,18,18
skab,other__12,Volume Flow RateRMS,rolling,the scale over the baseline minutes is zero,7,18
skab,other__12,Pressure,static,the scale over the baseline minutes is zero,21,21
skab,other__12,Volume Flow RateRMS,static,the scale over the baseline minutes is zero,21,21
skab,other__13,Pressure,differenced,the scale over the baseline minutes is zero,19,19
skab,other__13,Pressure,rolling,the scale over the baseline minutes is zero,16,16
skab,other__13,Volume Flow RateRMS,rolling,the scale over the baseline minutes is zero,3,16
skab,other__13,Pressure,static,the scale over the baseline minutes is zero,19,19
skab,other__14,Pressure,differenced,the scale over the baseline minutes is zero,16,16
skab,other__14,Volume Flow RateRMS,differenced,the scale over the baseline minutes is zero,16,16
skab,other__14,Pressure,rolling,the scale over the baseline minutes is zero,13,13
skab,other__14,Volume Flow RateRMS,rolling,the scale over the baseline minutes is zero,6,13
skab,other__14,Pressure,static,the scale over the baseline minutes is zero,16,16
skab,other__14,Volume Flow RateRMS,static,the scale over the baseline minutes is zero,16,16
skab,other__2,Accelerometer1RMS,differenced,the scale over the baseline minutes is zero,18,18
skab,other__2,Accelerometer2RMS,differenced,the scale over the baseline minutes is zero,18,18
skab,other__2,Current,differenced,the scale over the baseline minutes is zero,18,18
skab,other__2,Pressure,differenced,the scale over the baseline minutes is zero,18,18
skab,other__2,Temperature,differenced,the scale over the baseline minutes is zero,18,18
skab,other__2,Thermocouple,differenced,the scale over the baseline minutes is zero,18,18
skab,other__2,Voltage,differenced,the scale over the baseline minutes is zero,18,18
skab,other__2,Volume Flow RateRMS,differenced,the scale over the baseline minutes is zero,18,18
skab,other__2,Accelerometer1RMS,rolling,the scale over the baseline minutes is zero,3,15
skab,other__2,Accelerometer2RMS,rolling,the scale over the baseline minutes is zero,3,15
skab,other__2,Current,rolling,the scale over the baseline minutes is zero,3,15
skab,other__2,Pressure,rolling,the scale over the baseline minutes is zero,15,15
skab,other__2,Temperature,rolling,the scale over the baseline minutes is zero,3,15
skab,other__2,Thermocouple,rolling,the scale over the baseline minutes is zero,3,15
skab,other__2,Voltage,rolling,the scale over the baseline minutes is zero,3,15
skab,other__2,Volume Flow RateRMS,rolling,the scale over the baseline minutes is zero,11,15
skab,other__2,Pressure,static,the scale over the baseline minutes is zero,18,18
skab,other__3,Pressure,differenced,the scale over the baseline minutes is zero,20,20
skab,other__3,Pressure,rolling,the scale over the baseline minutes is zero,17,17
skab,other__3,Volume Flow RateRMS,rolling,the scale over the baseline minutes is zero,11,17
skab,other__3,Pressure,static,the scale over the baseline minutes is zero,20,20
skab,other__3,Volume Flow RateRMS,static,the scale over the baseline minutes is zero,20,20
skab,other__4,Pressure,differenced,the scale over the baseline minutes is zero,21,21
skab,other__4,Pressure,rolling,the scale over the baseline minutes is zero,18,18
skab,other__4,Volume Flow RateRMS,rolling,the scale over the baseline minutes is zero,12,18
skab,other__4,Pressure,static,the scale over the baseline minutes is zero,21,21
skab,other__5,Pressure,differenced,the scale over the baseline minutes is zero,21,21
skab,other__5,Pressure,rolling,the scale over the baseline minutes is zero,18,18
skab,other__5,Volume Flow RateRMS,rolling,the scale over the baseline minutes is zero,13,18
skab,other__5,Pressure,static,the scale over the baseline minutes is zero,21,21
skab,other__5,Volume Flow RateRMS,static,the scale over the baseline minutes is zero,21,21
skab,other__6,Pressure,differenced,the scale over the baseline minutes is zero,21,21
skab,other__6,Pressure,rolling,the scale over the baseline minutes is zero,18,18
skab,other__6,Volume Flow RateRMS,rolling,the scale over the baseline minutes is zero,16,18
skab,other__6,Pressure,static,the scale over the baseline minutes is zero,21,21
skab,other__6,Volume Flow RateRMS,static,the scale over the baseline minutes is zero,21,21
skab,other__7,Pressure,differenced,the scale over the baseline minutes is zero,20,20
skab,other__7,Volume Flow RateRMS,differenced,the scale over the baseline minutes is zero,20,20
skab,other__7,Pressure,rolling,the scale over the baseline minutes is zero,17,17
skab,other__7,Thermocouple,rolling,the scale over the baseline minutes is zero,1,17
skab,other__7,Volume Flow RateRMS,rolling,the scale over the baseline minutes is zero,9,17
skab,other__7,Pressure,static,the scale over the baseline minutes is zero,20,20
skab,other__7,Volume Flow RateRMS,static,the scale over the baseline minutes is zero,20,20
skab,other__8,Pressure,differenced,the scale over the baseline minutes is zero,21,21
skab,other__8,Pressure,rolling,the scale over the baseline minutes is zero,18,18
skab,other__8,Volume Flow RateRMS,rolling,the scale over the baseline minutes is zero,11,18
skab,other__8,Pressure,static,the scale over the baseline minutes is zero,21,21
skab,other__8,Volume Flow RateRMS,static,the scale over the baseline minutes is zero,21,21
skab,other__9,Pressure,differenced,the scale over the baseline minutes is zero,20,20
skab,other__9,Pressure,rolling,the scale over the baseline minutes is zero,17,17
skab,other__9,Volume Flow RateRMS,rolling,the scale over the baseline minutes is zero,11,17
skab,other__9,Pressure,static,the scale over the baseline minutes is zero,20,20
skab,other__9,Volume Flow RateRMS,static,the scale over the baseline minutes is zero,20,20
skab,valve1__0,Pressure,differenced,the scale over the baseline minutes is zero,20,20
skab,valve1__0,Volume Flow RateRMS,differenced,the scale over the baseline minutes is zero,20,20
skab,valve1__0,Pressure,rolling,the scale over the baseline minutes is zero,17,17
skab,valve1__0,Volume Flow RateRMS,rolling,the scale over the baseline minutes is zero,15,17
skab,valve1__0,Pressure,static,the scale over the baseline minutes is zero,20,20
skab,valve1__0,Volume Flow RateRMS,static,the scale over the baseline minutes is zero,20,20
skab,valve1__1,Pressure,differenced,the scale over the baseline minutes is zero,21,21
skab,valve1__1,Volume Flow RateRMS,differenced,the scale over the baseline minutes is zero,21,21
skab,valve1__1,Pressure,rolling,the scale over the baseline minutes is zero,18,18
skab,valve1__1,Volume Flow RateRMS,rolling,the scale over the baseline minutes is zero,9,18
skab,valve1__1,Pressure,static,the scale over the baseline minutes is zero,21,21
skab,valve1__1,Volume Flow RateRMS,static,the scale over the baseline minutes is zero,21,21
skab,valve1__10,Pressure,differenced,the scale over the baseline minutes is zero,20,20
skab,valve1__10,Pressure,rolling,the scale over the baseline minutes is zero,17,17
skab,valve1__10,Volume Flow RateRMS,rolling,the scale over the baseline minutes is zero,12,17
skab,valve1__10,Pressure,static,the scale over the baseline minutes is zero,20,20
skab,valve1__11,Pressure,differenced,the scale over the baseline minutes is zero,21,21
skab,valve1__11,Volume Flow RateRMS,differenced,the scale over the baseline minutes is zero,21,21
skab,valve1__11,Pressure,rolling,the scale over the baseline minutes is zero,18,18
skab,valve1__11,Volume Flow RateRMS,rolling,the scale over the baseline minutes is zero,14,18
skab,valve1__11,Pressure,static,the scale over the baseline minutes is zero,21,21
skab,valve1__11,Volume Flow RateRMS,static,the scale over the baseline minutes is zero,21,21
skab,valve1__12,Pressure,differenced,the scale over the baseline minutes is zero,21,21
skab,valve1__12,Pressure,rolling,the scale over the baseline minutes is zero,18,18
skab,valve1__12,Volume Flow RateRMS,rolling,the scale over the baseline minutes is zero,16,18
skab,valve1__12,Pressure,static,the scale over the baseline minutes is zero,21,21
skab,valve1__12,Volume Flow RateRMS,static,the scale over the baseline minutes is zero,21,21
skab,valve1__13,Pressure,differenced,the scale over the baseline minutes is zero,20,20
skab,valve1__13,Pressure,rolling,the scale over the baseline minutes is zero,17,17
skab,valve1__13,Volume Flow RateRMS,rolling,the scale over the baseline minutes is zero,8,17
skab,valve1__13,Pressure,static,the scale over the baseline minutes is zero,20,20
skab,valve1__13,Volume Flow RateRMS,static,the scale over the baseline minutes is zero,20,20
skab,valve1__14,Pressure,differenced,the scale over the baseline minutes is zero,20,20
skab,valve1__14,Pressure,rolling,the scale over the baseline minutes is zero,17,17
skab,valve1__14,Volume Flow RateRMS,rolling,the scale over the baseline minutes is zero,11,17
skab,valve1__14,Pressure,static,the scale over the baseline minutes is zero,20,20
skab,valve1__14,Volume Flow RateRMS,static,the scale over the baseline minutes is zero,20,20
skab,valve1__15,Pressure,differenced,the scale over the baseline minutes is zero,21,21
skab,valve1__15,Pressure,rolling,the scale over the baseline minutes is zero,18,18
skab,valve1__15,Thermocouple,rolling,the scale over the baseline minutes is zero,2,18
skab,valve1__15,Volume Flow RateRMS,rolling,the scale over the baseline minutes is zero,10,18
skab,valve1__15,Pressure,static,the scale over the baseline minutes is zero,21,21
skab,valve1__15,Volume Flow RateRMS,static,the scale over the baseline minutes is zero,21,21
skab,valve1__2,Pressure,differenced,the scale over the baseline minutes is zero,20,20
skab,valve1__2,Pressure,rolling,the scale over the baseline minutes is zero,17,17
skab,valve1__2,Volume Flow RateRMS,rolling,the scale over the baseline minutes is zero,12,17
skab,valve1__2,Pressure,static,the scale over the baseline minutes is zero,20,20
skab,valve1__3,Pressure,differenced,the scale over the baseline minutes is zero,21,21
skab,valve1__3,Volume Flow RateRMS,differenced,the scale over the baseline minutes is zero,21,21
skab,valve1__3,Pressure,rolling,the scale over the baseline minutes is zero,18,18
skab,valve1__3,Volume Flow RateRMS,rolling,the scale over the baseline minutes is zero,16,18
skab,valve1__3,Pressure,static,the scale over the baseline minutes is zero,21,21
skab,valve1__3,Volume Flow RateRMS,static,the scale over the baseline minutes is zero,21,21
skab,valve1__4,Pressure,differenced,the scale over the baseline minutes is zero,20,20
skab,valve1__4,Volume Flow RateRMS,differenced,the scale over the baseline minutes is zero,20,20
skab,valve1__4,Pressure,rolling,the scale over the baseline minutes is zero,17,17
skab,valve1__4,Volume Flow RateRMS,rolling,the scale over the baseline minutes is zero,11,17
skab,valve1__4,Pressure,static,the scale over the baseline minutes is zero,20,20
skab,valve1__4,Volume Flow RateRMS,static,the scale over the baseline minutes is zero,20,20
skab,valve1__5,Pressure,differenced,the scale over the baseline minutes is zero,20,20
skab,valve1__5,Volume Flow RateRMS,differenced,the scale over the baseline minutes is zero,20,20
skab,valve1__5,Pressure,rolling,the scale over the baseline minutes is zero,17,17
skab,valve1__5,Volume Flow RateRMS,rolling,the scale over the baseline minutes is zero,11,17
skab,valve1__5,Pressure,static,the scale over the baseline minutes is zero,20,20
skab,valve1__5,Volume Flow RateRMS,static,the scale over the baseline minutes is zero,20,20
skab,valve1__6,Pressure,differenced,the scale over the baseline minutes is zero,20,20
skab,valve1__6,Volume Flow RateRMS,differenced,the scale over the baseline minutes is zero,20,20
skab,valve1__6,Pressure,rolling,the scale over the baseline minutes is zero,17,17
skab,valve1__6,Volume Flow RateRMS,rolling,the scale over the baseline minutes is zero,12,17
skab,valve1__6,Pressure,static,the scale over the baseline minutes is zero,20,20
skab,valve1__6,Volume Flow RateRMS,static,the scale over the baseline minutes is zero,20,20
skab,valve1__7,Pressure,differenced,the scale over the baseline minutes is zero,21,21
skab,valve1__7,Pressure,rolling,the scale over the baseline minutes is zero,18,18
skab,valve1__7,Volume Flow RateRMS,rolling,the scale over the baseline minutes is zero,12,18
skab,valve1__7,Pressure,static,the scale over the baseline minutes is zero,21,21
skab,valve1__8,Pressure,differenced,the scale over the baseline minutes is zero,20,20
skab,valve1__8,Volume Flow RateRMS,differenced,the scale over the baseline minutes is zero,20,20
skab,valve1__8,Pressure,rolling,the scale over the baseline minutes is zero,17,17
skab,valve1__8,Volume Flow RateRMS,rolling,the scale over the baseline minutes is zero,13,17
skab,valve1__8,Pressure,static,the scale over the baseline minutes is zero,20,20
skab,valve1__8,Volume Flow RateRMS,static,the scale over the baseline minutes is zero,20,20
skab,valve1__9,Pressure,differenced,the scale over the baseline minutes is zero,21,21
skab,valve1__9,Volume Flow RateRMS,differenced,the scale over the baseline minutes is zero,21,21
skab,valve1__9,Pressure,rolling,the scale over the baseline minutes is zero,18,18
skab,valve1__9,Volume Flow RateRMS,rolling,the scale over the baseline minutes is zero,13,18
skab,valve1__9,Pressure,static,the scale over the baseline minutes is zero,21,21
skab,valve1__9,Volume Flow RateRMS,static,the scale over the baseline minutes is zero,21,21
skab,valve2__0,Pressure,differenced,the scale over the baseline minutes is zero,20,20
skab,valve2__0,Pressure,rolling,the scale over the baseline minutes is zero,17,17
skab,valve2__0,Volume Flow RateRMS,rolling,the scale over the baseline minutes is zero,11,17
skab,valve2__0,Pressure,static,the scale over the baseline minutes is zero,20,20
skab,valve2__0,Volume Flow RateRMS,static,the scale over the baseline minutes is zero,20,20
skab,valve2__1,Pressure,differenced,the scale over the baseline minutes is zero,21,21
skab,valve2__1,Volume Flow RateRMS,differenced,the scale over the baseline minutes is zero,21,21
skab,valve2__1,Pressure,rolling,the scale over the baseline minutes is zero,18,18
skab,valve2__1,Thermocouple,rolling,the scale over the baseline minutes is zero,2,18
skab,valve2__1,Volume Flow RateRMS,rolling,the scale over the baseline minutes is zero,14,18
skab,valve2__1,Pressure,static,the scale over the baseline minutes is zero,21,21
skab,valve2__1,Volume Flow RateRMS,static,the scale over the baseline minutes is zero,21,21
skab,valve2__2,Pressure,differenced,the scale over the baseline minutes is zero,20,20
skab,valve2__2,Volume Flow RateRMS,differenced,the scale over the baseline minutes is zero,20,20
skab,valve2__2,Pressure,rolling,the scale over the baseline minutes is zero,17,17
skab,valve2__2,Volume Flow RateRMS,rolling,the scale over the baseline minutes is zero,12,17
skab,valve2__2,Pressure,static,the scale over the baseline minutes is zero,20,20
skab,valve2__2,Volume Flow RateRMS,static,the scale over the baseline minutes is zero,20,20
skab,valve2__3,Pressure,differenced,the scale over the baseline minutes is zero,18,18
skab,valve2__3,Volume Flow RateRMS,differenced,the scale over the baseline minutes is zero,18,18
skab,valve2__3,Pressure,rolling,the scale over the baseline minutes is zero,15,15
skab,valve2__3,Volume Flow RateRMS,rolling,the scale over the baseline minutes is zero,14,15
skab,valve2__3,Pressure,static,the scale over the baseline minutes is zero,18,18
skab,valve2__3,Volume Flow RateRMS,static,the scale over the baseline minutes is zero,18,18
skab_anomaly_free,anomaly-free__anomaly-free,Pressure,differenced,the scale over the baseline minutes is zero,167,167
skab_anomaly_free,anomaly-free__anomaly-free,Pressure,rolling,the scale over the baseline minutes is zero,164,164
skab_anomaly_free,anomaly-free__anomaly-free,Volume Flow RateRMS,rolling,the scale over the baseline minutes is zero,113,164
skab_anomaly_free,anomaly-free__anomaly-free,Pressure,static,the scale over the baseline minutes is zero,167,167
