bed,block,washout,adjustment,arm,reason,n_units,n_units_total
3w,15,0,raw,randomization,no_spread,2420,12912
3w,15,0,raw,randomization,too_few,3160,12912
3w,15,0,raw,block_t,no_spread,2420,12912
3w,15,0,raw,block_t,too_few,3160,12912
3w,15,0,raw,hac,no_spread,2420,12912
3w,15,0,raw,hac,too_few,3160,12912
3w,15,0,raw,ewc,no_spread,2420,12912
3w,15,0,raw,ewc,too_few,3160,12912
3w,15,0,raw,naive,no_spread,2420,12912
3w,15,0,raw,naive,too_few,3160,12912
3w,15,0,raw,prepost_hac,no_spread,668,3228
3w,15,0,raw,prepost_hac,too_few,790,3228
3w,15,0,raw,prepost_ewc,no_spread,668,3228
3w,15,0,raw,prepost_ewc,too_few,790,3228
3w,15,0,adjusted,randomization,no_covariate,232,12912
3w,15,0,adjusted,randomization,no_spread,2420,12912
3w,15,0,adjusted,randomization,too_few,3160,12912
3w,15,0,adjusted,block_t,no_covariate,232,12912
3w,15,0,adjusted,block_t,no_spread,2420,12912
3w,15,0,adjusted,block_t,too_few,3160,12912
3w,15,0,adjusted,hac,no_covariate,232,12912
3w,15,0,adjusted,hac,no_spread,2420,12912
3w,15,0,adjusted,hac,too_few,3160,12912
3w,15,0,adjusted,ewc,no_covariate,232,12912
3w,15,0,adjusted,ewc,no_spread,2420,12912
3w,15,0,adjusted,ewc,too_few,3160,12912
3w,15,0,adjusted,naive,no_covariate,232,12912
3w,15,0,adjusted,naive,no_spread,2420,12912
3w,15,0,adjusted,naive,too_few,3160,12912
3w,15,0,adjusted,prepost_hac,covariate_outside,1352,3228
3w,15,0,adjusted,prepost_hac,no_covariate,58,3228
3w,15,0,adjusted,prepost_hac,no_spread,667,3228
3w,15,0,adjusted,prepost_hac,too_few,790,3228
3w,15,0,adjusted,prepost_ewc,covariate_outside,1352,3228
3w,15,0,adjusted,prepost_ewc,no_covariate,58,3228
3w,15,0,adjusted,prepost_ewc,no_spread,667,3228
3w,15,0,adjusted,prepost_ewc,too_few,790,3228
3w,15,5,raw,randomization,no_spread,2436,12912
3w,15,5,raw,randomization,too_few,3160,12912
3w,15,5,raw,block_t,no_spread,2436,12912
3w,15,5,raw,block_t,too_few,3160,12912
3w,15,5,raw,hac,no_spread,2436,12912
3w,15,5,raw,hac,too_few,3160,12912
3w,15,5,raw,ewc,no_spread,2436,12912
3w,15,5,raw,ewc,too_few,3160,12912
3w,15,5,raw,naive,no_spread,2436,12912
3w,15,5,raw,naive,too_few,3160,12912
3w,15,5,raw,prepost_hac,no_spread,687,3228
3w,15,5,raw,prepost_hac,too_few,790,3228
3w,15,5,raw,prepost_ewc,no_spread,687,3228
3w,15,5,raw,prepost_ewc,too_few,790,3228
3w,15,5,adjusted,randomization,no_covariate,232,12912
3w,15,5,adjusted,randomization,no_spread,2436,12912
3w,15,5,adjusted,randomization,too_few,3160,12912
3w,15,5,adjusted,block_t,no_covariate,232,12912
3w,15,5,adjusted,block_t,no_spread,2436,12912
3w,15,5,adjusted,block_t,too_few,3160,12912
3w,15,5,adjusted,hac,no_covariate,232,12912
3w,15,5,adjusted,hac,no_spread,2436,12912
3w,15,5,adjusted,hac,too_few,3160,12912
3w,15,5,adjusted,ewc,no_covariate,232,12912
3w,15,5,adjusted,ewc,no_spread,2436,12912
3w,15,5,adjusted,ewc,too_few,3160,12912
3w,15,5,adjusted,naive,no_covariate,232,12912
3w,15,5,adjusted,naive,no_spread,2436,12912
3w,15,5,adjusted,naive,too_few,3160,12912
3w,15,5,adjusted,prepost_hac,covariate_outside,1363,3228
3w,15,5,adjusted,prepost_hac,no_covariate,58,3228
3w,15,5,adjusted,prepost_hac,no_spread,686,3228
3w,15,5,adjusted,prepost_hac,too_few,790,3228
3w,15,5,adjusted,prepost_ewc,covariate_outside,1363,3228
3w,15,5,adjusted,prepost_ewc,no_covariate,58,3228
3w,15,5,adjusted,prepost_ewc,no_spread,686,3228
3w,15,5,adjusted,prepost_ewc,too_few,790,3228
3w,15,12,raw,randomization,no_spread,2452,12912
3w,15,12,raw,randomization,too_few,3160,12912
3w,15,12,raw,block_t,no_spread,2452,12912
3w,15,12,raw,block_t,too_few,3160,12912
3w,15,12,raw,hac,no_spread,2452,12912
3w,15,12,raw,hac,too_few,3160,12912
3w,15,12,raw,ewc,no_spread,2452,12912
3w,15,12,raw,ewc,too_few,3160,12912
3w,15,12,raw,naive,no_spread,2452,12912
3w,15,12,raw,naive,too_few,3160,12912
3w,15,12,raw,prepost_hac,no_spread,683,3228
3w,15,12,raw,prepost_hac,too_few,790,3228
3w,15,12,raw,prepost_ewc,no_spread,683,3228
3w,15,12,raw,prepost_ewc,too_few,790,3228
3w,15,12,adjusted,randomization,no_covariate,232,12912
3w,15,12,adjusted,randomization,no_spread,2452,12912
3w,15,12,adjusted,randomization,too_few,3160,12912
3w,15,12,adjusted,randomization,too_many_covariates,192,12912
3w,15,12,adjusted,block_t,no_covariate,232,12912
3w,15,12,adjusted,block_t,no_spread,2452,12912
3w,15,12,adjusted,block_t,too_few,3160,12912
3w,15,12,adjusted,block_t,too_many_covariates,192,12912
3w,15,12,adjusted,hac,no_covariate,232,12912
3w,15,12,adjusted,hac,no_spread,2452,12912
3w,15,12,adjusted,hac,too_few,3160,12912
3w,15,12,adjusted,hac,too_many_covariates,192,12912
3w,15,12,adjusted,ewc,no_covariate,232,12912
3w,15,12,adjusted,ewc,no_spread,2452,12912
3w,15,12,adjusted,ewc,too_few,3160,12912
3w,15,12,adjusted,ewc,too_many_covariates,192,12912
3w,15,12,adjusted,naive,no_covariate,232,12912
3w,15,12,adjusted,naive,no_spread,2452,12912
3w,15,12,adjusted,naive,too_few,3160,12912
3w,15,12,adjusted,naive,too_many_covariates,192,12912
3w,15,12,adjusted,prepost_hac,covariate_outside,1371,3228
3w,15,12,adjusted,prepost_hac,no_covariate,58,3228
3w,15,12,adjusted,prepost_hac,no_spread,682,3228
3w,15,12,adjusted,prepost_hac,too_few,790,3228
3w,15,12,adjusted,prepost_ewc,covariate_outside,1371,3228
3w,15,12,adjusted,prepost_ewc,no_covariate,58,3228
3w,15,12,adjusted,prepost_ewc,no_spread,682,3228
3w,15,12,adjusted,prepost_ewc,too_few,790,3228
3w,30,0,raw,randomization,no_spread,2420,12912
3w,30,0,raw,randomization,too_few,3160,12912
3w,30,0,raw,block_t,no_spread,2420,12912
3w,30,0,raw,block_t,too_few,3160,12912
3w,30,0,raw,hac,no_spread,2420,12912
3w,30,0,raw,hac,too_few,3160,12912
3w,30,0,raw,ewc,no_spread,2420,12912
3w,30,0,raw,ewc,too_few,3160,12912
3w,30,0,raw,naive,no_spread,2420,12912
3w,30,0,raw,naive,too_few,3160,12912
3w,30,0,raw,prepost_hac,no_spread,668,3228
3w,30,0,raw,prepost_hac,too_few,790,3228
3w,30,0,raw,prepost_ewc,no_spread,668,3228
3w,30,0,raw,prepost_ewc,too_few,790,3228
3w,30,0,adjusted,randomization,no_covariate,232,12912
3w,30,0,adjusted,randomization,no_spread,2420,12912
3w,30,0,adjusted,randomization,too_few,3160,12912
3w,30,0,adjusted,block_t,no_covariate,232,12912
3w,30,0,adjusted,block_t,no_spread,2420,12912
3w,30,0,adjusted,block_t,too_few,3160,12912
3w,30,0,adjusted,hac,no_covariate,232,12912
3w,30,0,adjusted,hac,no_spread,2420,12912
3w,30,0,adjusted,hac,too_few,3160,12912
3w,30,0,adjusted,ewc,no_covariate,232,12912
3w,30,0,adjusted,ewc,no_spread,2420,12912
3w,30,0,adjusted,ewc,too_few,3160,12912
3w,30,0,adjusted,naive,no_covariate,232,12912
3w,30,0,adjusted,naive,no_spread,2420,12912
3w,30,0,adjusted,naive,too_few,3160,12912
3w,30,0,adjusted,prepost_hac,covariate_outside,1352,3228
3w,30,0,adjusted,prepost_hac,no_covariate,58,3228
3w,30,0,adjusted,prepost_hac,no_spread,667,3228
3w,30,0,adjusted,prepost_hac,too_few,790,3228
3w,30,0,adjusted,prepost_ewc,covariate_outside,1352,3228
3w,30,0,adjusted,prepost_ewc,no_covariate,58,3228
3w,30,0,adjusted,prepost_ewc,no_spread,667,3228
3w,30,0,adjusted,prepost_ewc,too_few,790,3228
3w,30,9,raw,randomization,no_spread,2460,12912
3w,30,9,raw,randomization,too_few,3160,12912
3w,30,9,raw,block_t,no_spread,2460,12912
3w,30,9,raw,block_t,too_few,3160,12912
3w,30,9,raw,hac,no_spread,2460,12912
3w,30,9,raw,hac,too_few,3160,12912
3w,30,9,raw,ewc,no_spread,2460,12912
3w,30,9,raw,ewc,too_few,3160,12912
3w,30,9,raw,naive,no_spread,2460,12912
3w,30,9,raw,naive,too_few,3160,12912
3w,30,9,raw,prepost_hac,no_spread,686,3228
3w,30,9,raw,prepost_hac,too_few,790,3228
3w,30,9,raw,prepost_ewc,no_spread,686,3228
3w,30,9,raw,prepost_ewc,too_few,790,3228
3w,30,9,adjusted,randomization,no_covariate,232,12912
3w,30,9,adjusted,randomization,no_spread,2460,12912
3w,30,9,adjusted,randomization,too_few,3160,12912
3w,30,9,adjusted,block_t,no_covariate,232,12912
3w,30,9,adjusted,block_t,no_spread,2460,12912
3w,30,9,adjusted,block_t,too_few,3160,12912
3w,30,9,adjusted,hac,no_covariate,232,12912
3w,30,9,adjusted,hac,no_spread,2460,12912
3w,30,9,adjusted,hac,too_few,3160,12912
3w,30,9,adjusted,ewc,no_covariate,232,12912
3w,30,9,adjusted,ewc,no_spread,2460,12912
3w,30,9,adjusted,ewc,too_few,3160,12912
3w,30,9,adjusted,naive,no_covariate,232,12912
3w,30,9,adjusted,naive,no_spread,2460,12912
3w,30,9,adjusted,naive,too_few,3160,12912
3w,30,9,adjusted,prepost_hac,covariate_outside,1370,3228
3w,30,9,adjusted,prepost_hac,no_covariate,58,3228
3w,30,9,adjusted,prepost_hac,no_spread,685,3228
3w,30,9,adjusted,prepost_hac,too_few,790,3228
3w,30,9,adjusted,prepost_ewc,covariate_outside,1370,3228
3w,30,9,adjusted,prepost_ewc,no_covariate,58,3228
3w,30,9,adjusted,prepost_ewc,no_spread,685,3228
3w,30,9,adjusted,prepost_ewc,too_few,790,3228
3w,30,23,raw,randomization,no_spread,2492,12912
3w,30,23,raw,randomization,too_few,3160,12912
3w,30,23,raw,block_t,no_spread,2492,12912
3w,30,23,raw,block_t,too_few,3160,12912
3w,30,23,raw,hac,no_spread,2492,12912
3w,30,23,raw,hac,too_few,3160,12912
3w,30,23,raw,ewc,no_spread,2492,12912
3w,30,23,raw,ewc,too_few,3160,12912
3w,30,23,raw,naive,no_spread,2492,12912
3w,30,23,raw,naive,too_few,3160,12912
3w,30,23,raw,prepost_hac,no_spread,699,3228
3w,30,23,raw,prepost_hac,too_few,790,3228
3w,30,23,raw,prepost_ewc,no_spread,699,3228
3w,30,23,raw,prepost_ewc,too_few,790,3228
3w,30,23,adjusted,randomization,no_covariate,232,12912
3w,30,23,adjusted,randomization,no_spread,2484,12912
3w,30,23,adjusted,randomization,too_few,3160,12912
3w,30,23,adjusted,block_t,no_covariate,232,12912
3w,30,23,adjusted,block_t,no_spread,2484,12912
3w,30,23,adjusted,block_t,too_few,3160,12912
3w,30,23,adjusted,hac,no_covariate,232,12912
3w,30,23,adjusted,hac,no_spread,2484,12912
3w,30,23,adjusted,hac,too_few,3160,12912
3w,30,23,adjusted,ewc,no_covariate,232,12912
3w,30,23,adjusted,ewc,no_spread,2484,12912
3w,30,23,adjusted,ewc,too_few,3160,12912
3w,30,23,adjusted,naive,no_covariate,232,12912
3w,30,23,adjusted,naive,no_spread,2484,12912
3w,30,23,adjusted,naive,too_few,3160,12912
3w,30,23,adjusted,prepost_hac,covariate_outside,1403,3228
3w,30,23,adjusted,prepost_hac,no_covariate,58,3228
3w,30,23,adjusted,prepost_hac,no_spread,698,3228
3w,30,23,adjusted,prepost_hac,too_few,790,3228
3w,30,23,adjusted,prepost_ewc,covariate_outside,1403,3228
3w,30,23,adjusted,prepost_ewc,no_covariate,58,3228
3w,30,23,adjusted,prepost_ewc,no_spread,698,3228
3w,30,23,adjusted,prepost_ewc,too_few,790,3228
3w,60,0,raw,randomization,design_too_small,12912,12912
3w,60,0,raw,block_t,design_too_small,12912,12912
3w,60,0,raw,hac,design_too_small,12912,12912
3w,60,0,raw,ewc,design_too_small,12912,12912
3w,60,0,raw,naive,design_too_small,12912,12912
3w,60,0,raw,prepost_hac,design_too_small,3228,3228
3w,60,0,raw,prepost_ewc,design_too_small,3228,3228
3w,60,0,adjusted,randomization,design_too_small,12912,12912
3w,60,0,adjusted,block_t,design_too_small,12912,12912
3w,60,0,adjusted,hac,design_too_small,12912,12912
3w,60,0,adjusted,ewc,design_too_small,12912,12912
3w,60,0,adjusted,naive,design_too_small,12912,12912
3w,60,0,adjusted,prepost_hac,design_too_small,3228,3228
3w,60,0,adjusted,prepost_ewc,design_too_small,3228,3228
3w,60,18,raw,randomization,design_too_small,12912,12912
3w,60,18,raw,block_t,design_too_small,12912,12912
3w,60,18,raw,hac,design_too_small,12912,12912
3w,60,18,raw,ewc,design_too_small,12912,12912
3w,60,18,raw,naive,design_too_small,12912,12912
3w,60,18,raw,prepost_hac,design_too_small,3228,3228
3w,60,18,raw,prepost_ewc,design_too_small,3228,3228
3w,60,18,adjusted,randomization,design_too_small,12912,12912
3w,60,18,adjusted,block_t,design_too_small,12912,12912
3w,60,18,adjusted,hac,design_too_small,12912,12912
3w,60,18,adjusted,ewc,design_too_small,12912,12912
3w,60,18,adjusted,naive,design_too_small,12912,12912
3w,60,18,adjusted,prepost_hac,design_too_small,3228,3228
3w,60,18,adjusted,prepost_ewc,design_too_small,3228,3228
3w,60,45,raw,randomization,design_too_small,12912,12912
3w,60,45,raw,block_t,design_too_small,12912,12912
3w,60,45,raw,hac,design_too_small,12912,12912
3w,60,45,raw,ewc,design_too_small,12912,12912
3w,60,45,raw,naive,design_too_small,12912,12912
3w,60,45,raw,prepost_hac,design_too_small,3228,3228
3w,60,45,raw,prepost_ewc,design_too_small,3228,3228
3w,60,45,adjusted,randomization,design_too_small,12912,12912
3w,60,45,adjusted,block_t,design_too_small,12912,12912
3w,60,45,adjusted,hac,design_too_small,12912,12912
3w,60,45,adjusted,ewc,design_too_small,12912,12912
3w,60,45,adjusted,naive,design_too_small,12912,12912
3w,60,45,adjusted,prepost_hac,design_too_small,3228,3228
3w,60,45,adjusted,prepost_ewc,design_too_small,3228,3228
tep,40,0,adjusted,prepost_hac,too_many_covariates,5200,5200
tep,40,0,adjusted,prepost_ewc,too_many_covariates,5200,5200
tep,40,12,adjusted,prepost_hac,too_many_covariates,5200,5200
tep,40,12,adjusted,prepost_ewc,too_many_covariates,5200,5200
tep,40,30,adjusted,randomization,too_many_covariates,52000,52000
tep,40,30,adjusted,block_t,too_many_covariates,52000,52000
tep,40,30,adjusted,hac,too_many_covariates,52000,52000
tep,40,30,adjusted,ewc,too_many_covariates,52000,52000
tep,40,30,adjusted,naive,too_many_covariates,52000,52000
tep,40,30,adjusted,prepost_hac,too_many_covariates,5200,5200
tep,40,30,adjusted,prepost_ewc,too_many_covariates,5200,5200
tep,80,0,adjusted,prepost_hac,too_many_covariates,5200,5200
tep,80,0,adjusted,prepost_ewc,too_many_covariates,5200,5200
tep,80,24,adjusted,prepost_hac,too_many_covariates,5200,5200
tep,80,24,adjusted,prepost_ewc,too_many_covariates,5200,5200
tep,80,60,adjusted,randomization,too_many_covariates,52000,52000
tep,80,60,adjusted,block_t,too_many_covariates,52000,52000
tep,80,60,adjusted,hac,too_many_covariates,52000,52000
tep,80,60,adjusted,ewc,too_many_covariates,52000,52000
tep,80,60,adjusted,naive,too_many_covariates,52000,52000
tep,80,60,adjusted,prepost_hac,too_many_covariates,5200,5200
tep,80,60,adjusted,prepost_ewc,too_many_covariates,5200,5200
turbine,144,0,adjusted,prepost_hac,covariate_outside,1,2
turbine,144,0,adjusted,prepost_ewc,covariate_outside,1,2
turbine,144,44,adjusted,prepost_hac,covariate_outside,1,2
turbine,144,44,adjusted,prepost_ewc,covariate_outside,1,2
turbine,144,108,adjusted,prepost_hac,covariate_outside,1,2
turbine,144,108,adjusted,prepost_ewc,covariate_outside,1,2
turbine,432,0,adjusted,prepost_hac,covariate_outside,1,2
turbine,432,0,adjusted,prepost_ewc,covariate_outside,1,2
turbine,432,130,adjusted,prepost_hac,covariate_outside,1,2
turbine,432,130,adjusted,prepost_ewc,covariate_outside,1,2
turbine,432,324,adjusted,prepost_hac,covariate_outside,1,2
turbine,432,324,adjusted,prepost_ewc,covariate_outside,1,2
skab,300,0,raw,randomization,no_spread,500,4000
skab,300,0,raw,block_t,no_spread,500,4000
skab,300,0,raw,hac,no_spread,500,4000
skab,300,0,raw,ewc,no_spread,500,4000
skab,300,0,raw,naive,no_spread,500,4000
skab,300,0,raw,prepost_hac,no_spread,1,8
skab,300,0,raw,prepost_ewc,no_spread,1,8
skab,300,0,adjusted,randomization,no_spread,500,4000
skab,300,0,adjusted,block_t,no_spread,500,4000
skab,300,0,adjusted,hac,no_spread,500,4000
skab,300,0,adjusted,ewc,no_spread,500,4000
skab,300,0,adjusted,naive,no_spread,500,4000
skab,300,0,adjusted,prepost_hac,covariate_outside,6,8
skab,300,0,adjusted,prepost_hac,no_spread,1,8
skab,300,0,adjusted,prepost_ewc,covariate_outside,6,8
skab,300,0,adjusted,prepost_ewc,no_spread,1,8
skab,300,90,raw,randomization,no_spread,500,4000
skab,300,90,raw,block_t,no_spread,500,4000
skab,300,90,raw,hac,no_spread,500,4000
skab,300,90,raw,ewc,no_spread,500,4000
skab,300,90,raw,naive,no_spread,500,4000
skab,300,90,raw,prepost_hac,no_spread,1,8
skab,300,90,raw,prepost_ewc,no_spread,1,8
skab,300,90,adjusted,randomization,no_spread,500,4000
skab,300,90,adjusted,block_t,no_spread,500,4000
skab,300,90,adjusted,hac,no_spread,500,4000
skab,300,90,adjusted,ewc,no_spread,500,4000
skab,300,90,adjusted,naive,no_spread,500,4000
skab,300,90,adjusted,prepost_hac,covariate_outside,6,8
skab,300,90,adjusted,prepost_hac,no_spread,1,8
skab,300,90,adjusted,prepost_ewc,covariate_outside,6,8
skab,300,90,adjusted,prepost_ewc,no_spread,1,8
skab,300,225,raw,randomization,no_spread,500,4000
skab,300,225,raw,block_t,no_spread,500,4000
skab,300,225,raw,hac,no_spread,500,4000
skab,300,225,raw,ewc,no_spread,500,4000
skab,300,225,raw,naive,no_spread,500,4000
skab,300,225,raw,prepost_hac,no_spread,1,8
skab,300,225,raw,prepost_ewc,no_spread,1,8
skab,300,225,adjusted,randomization,no_spread,500,4000
skab,300,225,adjusted,block_t,no_spread,500,4000
skab,300,225,adjusted,hac,no_spread,500,4000
skab,300,225,adjusted,ewc,no_spread,500,4000
skab,300,225,adjusted,naive,no_spread,500,4000
skab,300,225,adjusted,prepost_hac,covariate_outside,6,8
skab,300,225,adjusted,prepost_hac,no_spread,1,8
skab,300,225,adjusted,prepost_ewc,covariate_outside,6,8
skab,300,225,adjusted,prepost_ewc,no_spread,1,8
skab,600,0,raw,randomization,no_spread,500,4000
skab,600,0,raw,block_t,no_spread,500,4000
skab,600,0,raw,hac,no_spread,500,4000
skab,600,0,raw,ewc,no_spread,500,4000
skab,600,0,raw,naive,no_spread,500,4000
skab,600,0,raw,prepost_hac,no_spread,1,8
skab,600,0,raw,prepost_ewc,no_spread,1,8
skab,600,0,adjusted,randomization,no_spread,500,4000
skab,600,0,adjusted,block_t,no_spread,500,4000
skab,600,0,adjusted,hac,no_spread,500,4000
skab,600,0,adjusted,ewc,no_spread,500,4000
skab,600,0,adjusted,naive,no_spread,500,4000
skab,600,0,adjusted,prepost_hac,covariate_outside,6,8
skab,600,0,adjusted,prepost_hac,no_spread,1,8
skab,600,0,adjusted,prepost_ewc,covariate_outside,6,8
skab,600,0,adjusted,prepost_ewc,no_spread,1,8
skab,600,180,raw,randomization,no_spread,500,4000
skab,600,180,raw,block_t,no_spread,500,4000
skab,600,180,raw,hac,no_spread,500,4000
skab,600,180,raw,ewc,no_spread,500,4000
skab,600,180,raw,naive,no_spread,500,4000
skab,600,180,raw,prepost_hac,no_spread,1,8
skab,600,180,raw,prepost_ewc,no_spread,1,8
skab,600,180,adjusted,randomization,no_spread,500,4000
skab,600,180,adjusted,block_t,no_spread,500,4000
skab,600,180,adjusted,hac,no_spread,500,4000
skab,600,180,adjusted,ewc,no_spread,500,4000
skab,600,180,adjusted,naive,no_spread,500,4000
skab,600,180,adjusted,prepost_hac,covariate_outside,6,8
skab,600,180,adjusted,prepost_hac,no_spread,1,8
skab,600,180,adjusted,prepost_ewc,covariate_outside,6,8
skab,600,180,adjusted,prepost_ewc,no_spread,1,8
skab,600,450,raw,randomization,no_spread,500,4000
skab,600,450,raw,block_t,no_spread,500,4000
skab,600,450,raw,hac,no_spread,500,4000
skab,600,450,raw,ewc,no_spread,500,4000
skab,600,450,raw,naive,no_spread,500,4000
skab,600,450,raw,prepost_hac,no_spread,1,8
skab,600,450,raw,prepost_ewc,no_spread,1,8
skab,600,450,adjusted,randomization,no_spread,500,4000
skab,600,450,adjusted,block_t,no_spread,500,4000
skab,600,450,adjusted,hac,no_spread,500,4000
skab,600,450,adjusted,ewc,no_spread,500,4000
skab,600,450,adjusted,naive,no_spread,500,4000
skab,600,450,adjusted,prepost_hac,covariate_outside,6,8
skab,600,450,adjusted,prepost_hac,no_spread,1,8
skab,600,450,adjusted,prepost_ewc,covariate_outside,6,8
skab,600,450,adjusted,prepost_ewc,no_spread,1,8
