bed,block,block_label,k,n_records,n_assignments,enumerated,min_p,refusal
3w,15,15 min,16,538,12870,False,0.001,
3w,30,30 min,8,538,70,True,0.0286,
3w,60,1 h,4,538,6,True,0.3333,design_too_small
tep,40,2 h,24,100,2.704e+06,False,0.001,
tep,80,4 h,12,100,924,True,0.0022,
turbine,144,1 d,212,1,3.603e+62,False,0.001,
turbine,144,1 d,414,1,1.658e+123,False,0.001,
turbine,432,3 d,70,1,1.122e+20,False,0.001,
turbine,432,3 d,138,1,2.362e+40,False,0.001,
skab,300,5 min,32,1,6.011e+08,False,0.001,
skab,600,10 min,16,1,12870,False,0.001,
