bed,block,tau,washout,washout_rule,delta,adjustment,n_units,mean_bias,mcse
3w,15,0.0,0,ceil(3 tau),0.1,raw,7332,-0.0196,0.0293
3w,15,0.0,0,ceil(3 tau),0.1,adjusted,7100,0.0025,0.0091
3w,15,0.0,0,ceil(3 tau),0.25,raw,7332,-0.0196,0.0293
3w,15,0.0,0,ceil(3 tau),0.25,adjusted,7100,0.0025,0.0091
3w,15,0.0,0,ceil(3 tau),0.5,raw,7332,-0.0196,0.0293
3w,15,0.0,0,ceil(3 tau),0.5,adjusted,7100,0.0025,0.0091
3w,15,1.5,0,0,0.1,raw,7332,-0.027,0.0293
3w,15,1.5,0,0,0.1,adjusted,7100,-0.0059,0.0091
3w,15,1.5,0,0,0.25,raw,7332,-0.0383,0.0293
3w,15,1.5,0,0,0.25,adjusted,7100,-0.0185,0.0091
3w,15,1.5,0,0,0.5,raw,7332,-0.0569,0.0293
3w,15,1.5,0,0,0.5,adjusted,7100,-0.0394,0.0091
3w,15,1.5,5,ceil(3 tau),0.1,raw,7316,-0.0251,0.0317
3w,15,1.5,5,ceil(3 tau),0.1,adjusted,7084,0.0063,0.0116
3w,15,1.5,5,ceil(3 tau),0.25,raw,7316,-0.0257,0.0317
3w,15,1.5,5,ceil(3 tau),0.25,adjusted,7084,0.0056,0.0116
3w,15,1.5,5,ceil(3 tau),0.5,raw,7316,-0.0267,0.0317
3w,15,1.5,5,ceil(3 tau),0.5,adjusted,7084,0.0045,0.0116
3w,15,3.75,0,0,0.1,raw,7332,-0.0423,0.0293
3w,15,3.75,0,0,0.1,adjusted,7100,-0.0227,0.0091
3w,15,3.75,0,0,0.25,raw,7332,-0.0764,0.0293
3w,15,3.75,0,0,0.25,adjusted,7100,-0.0605,0.0091
3w,15,3.75,0,0,0.5,raw,7332,-0.1333,0.0293
3w,15,3.75,0,0,0.5,adjusted,7100,-0.1235,0.0091
3w,15,3.75,12,ceil(3 tau),0.1,raw,7300,-0.0014,0.0266
3w,15,3.75,12,ceil(3 tau),0.1,adjusted,6876,0.0212,0.0223
3w,15,3.75,12,ceil(3 tau),0.25,raw,7300,-0.0053,0.0266
3w,15,3.75,12,ceil(3 tau),0.25,adjusted,6876,0.0169,0.0223
3w,15,3.75,12,ceil(3 tau),0.5,raw,7300,-0.0118,0.0266
3w,15,3.75,12,ceil(3 tau),0.5,adjusted,6876,0.0098,0.0223
3w,30,0.0,0,ceil(3 tau),0.1,raw,7332,0.0232,0.035
3w,30,0.0,0,ceil(3 tau),0.1,adjusted,7100,-0.006,0.0118
3w,30,0.0,0,ceil(3 tau),0.25,raw,7332,0.0232,0.035
3w,30,0.0,0,ceil(3 tau),0.25,adjusted,7100,-0.006,0.0118
3w,30,0.0,0,ceil(3 tau),0.5,raw,7332,0.0232,0.035
3w,30,0.0,0,ceil(3 tau),0.5,adjusted,7100,-0.006,0.0118
3w,30,3.0,0,0,0.1,raw,7332,0.0136,0.035
3w,30,3.0,0,0,0.1,adjusted,7100,-0.0176,0.0118
3w,30,3.0,0,0,0.25,raw,7332,-0.0006,0.035
3w,30,3.0,0,0,0.25,adjusted,7100,-0.0349,0.0118
3w,30,3.0,0,0,0.5,raw,7332,-0.0244,0.035
3w,30,3.0,0,0,0.5,adjusted,7100,-0.0637,0.0118
3w,30,3.0,9,ceil(3 tau),0.1,raw,7292,0.0282,0.0385
3w,30,3.0,9,ceil(3 tau),0.1,adjusted,7060,0.0005,0.0122
3w,30,3.0,9,ceil(3 tau),0.25,raw,7292,0.0272,0.0385
3w,30,3.0,9,ceil(3 tau),0.25,adjusted,7060,-0.0007,0.0122
3w,30,3.0,9,ceil(3 tau),0.5,raw,7292,0.0255,0.0385
3w,30,3.0,9,ceil(3 tau),0.5,adjusted,7060,-0.0027,0.0122
3w,30,7.5,0,0,0.1,raw,7332,-0.0027,0.035
3w,30,7.5,0,0,0.1,adjusted,7100,-0.0363,0.0118
3w,30,7.5,0,0,0.25,raw,7332,-0.0416,0.035
3w,30,7.5,0,0,0.25,adjusted,7100,-0.0817,0.0118
3w,30,7.5,0,0,0.5,raw,7332,-0.1063,0.035
3w,30,7.5,0,0,0.5,adjusted,7100,-0.1574,0.0118
3w,30,7.5,23,ceil(3 tau),0.1,raw,7260,0.0072,0.0344
3w,30,7.5,23,ceil(3 tau),0.1,adjusted,7036,0.0011,0.0136
3w,30,7.5,23,ceil(3 tau),0.25,raw,7260,0.0024,0.0344
3w,30,7.5,23,ceil(3 tau),0.25,adjusted,7036,-0.0042,0.0136
3w,30,7.5,23,ceil(3 tau),0.5,raw,7260,-0.0055,0.0344
3w,30,7.5,23,ceil(3 tau),0.5,adjusted,7036,-0.0132,0.0136
3w,60,0.0,0,ceil(3 tau),0.1,raw,0,,
3w,60,0.0,0,ceil(3 tau),0.1,adjusted,0,,
3w,60,0.0,0,ceil(3 tau),0.25,raw,0,,
3w,60,0.0,0,ceil(3 tau),0.25,adjusted,0,,
3w,60,0.0,0,ceil(3 tau),0.5,raw,0,,
3w,60,0.0,0,ceil(3 tau),0.5,adjusted,0,,
3w,60,6.0,0,0,0.1,raw,0,,
3w,60,6.0,0,0,0.1,adjusted,0,,
3w,60,6.0,0,0,0.25,raw,0,,
3w,60,6.0,0,0,0.25,adjusted,0,,
3w,60,6.0,0,0,0.5,raw,0,,
3w,60,6.0,0,0,0.5,adjusted,0,,
3w,60,6.0,18,ceil(3 tau),0.1,raw,0,,
3w,60,6.0,18,ceil(3 tau),0.1,adjusted,0,,
3w,60,6.0,18,ceil(3 tau),0.25,raw,0,,
3w,60,6.0,18,ceil(3 tau),0.25,adjusted,0,,
3w,60,6.0,18,ceil(3 tau),0.5,raw,0,,
3w,60,6.0,18,ceil(3 tau),0.5,adjusted,0,,
3w,60,15.0,0,0,0.1,raw,0,,
3w,60,15.0,0,0,0.1,adjusted,0,,
3w,60,15.0,0,0,0.25,raw,0,,
3w,60,15.0,0,0,0.25,adjusted,0,,
3w,60,15.0,0,0,0.5,raw,0,,
3w,60,15.0,0,0,0.5,adjusted,0,,
3w,60,15.0,45,ceil(3 tau),0.1,raw,0,,
3w,60,15.0,45,ceil(3 tau),0.1,adjusted,0,,
3w,60,15.0,45,ceil(3 tau),0.25,raw,0,,
3w,60,15.0,45,ceil(3 tau),0.25,adjusted,0,,
3w,60,15.0,45,ceil(3 tau),0.5,raw,0,,
3w,60,15.0,45,ceil(3 tau),0.5,adjusted,0,,
tep,40,0.0,0,ceil(3 tau),0.1,raw,52000,0.0006,0.0008
tep,40,0.0,0,ceil(3 tau),0.1,adjusted,52000,-0.0003,0.0003
tep,40,0.0,0,ceil(3 tau),0.25,raw,52000,0.0006,0.0008
tep,40,0.0,0,ceil(3 tau),0.25,adjusted,52000,-0.0003,0.0003
tep,40,0.0,0,ceil(3 tau),0.5,raw,52000,0.0006,0.0008
tep,40,0.0,0,ceil(3 tau),0.5,adjusted,52000,-0.0003,0.0003
tep,40,4.0,0,0,0.1,raw,52000,-0.0084,0.0008
tep,40,4.0,0,0,0.1,adjusted,52000,-0.0105,0.0003
tep,40,4.0,0,0,0.25,raw,52000,-0.0221,0.0009
tep,40,4.0,0,0,0.25,adjusted,52000,-0.0257,0.0004
tep,40,4.0,0,0,0.5,raw,52000,-0.0448,0.0009
tep,40,4.0,0,0,0.5,adjusted,52000,-0.051,0.0005
tep,40,4.0,12,ceil(3 tau),0.1,raw,52000,0.0007,0.001
tep,40,4.0,12,ceil(3 tau),0.1,adjusted,52000,-0.0009,0.0004
tep,40,4.0,12,ceil(3 tau),0.25,raw,52000,-0.0003,0.001
tep,40,4.0,12,ceil(3 tau),0.25,adjusted,52000,-0.0019,0.0004
tep,40,4.0,12,ceil(3 tau),0.5,raw,52000,-0.0019,0.001
tep,40,4.0,12,ceil(3 tau),0.5,adjusted,52000,-0.0036,0.0004
tep,40,10.0,0,0,0.1,raw,52000,-0.0234,0.0009
tep,40,10.0,0,0,0.1,adjusted,52000,-0.026,0.0004
tep,40,10.0,0,0,0.25,raw,52000,-0.0596,0.0009
tep,40,10.0,0,0,0.25,adjusted,52000,-0.0645,0.0005
tep,40,10.0,0,0,0.5,raw,52000,-0.1198,0.0011
tep,40,10.0,0,0,0.5,adjusted,52000,-0.1288,0.0009
tep,40,10.0,30,ceil(3 tau),0.1,raw,52000,-0.0003,0.0012
tep,40,10.0,30,ceil(3 tau),0.1,adjusted,0,,
tep,40,10.0,30,ceil(3 tau),0.25,raw,52000,-0.0049,0.0012
tep,40,10.0,30,ceil(3 tau),0.25,adjusted,0,,
tep,40,10.0,30,ceil(3 tau),0.5,raw,52000,-0.0126,0.0012
tep,40,10.0,30,ceil(3 tau),0.5,adjusted,0,,
tep,80,0.0,0,ceil(3 tau),0.1,raw,52000,0.0009,0.0007
tep,80,0.0,0,ceil(3 tau),0.1,adjusted,52000,-0.0002,0.0003
tep,80,0.0,0,ceil(3 tau),0.25,raw,52000,0.0009,0.0007
tep,80,0.0,0,ceil(3 tau),0.25,adjusted,52000,-0.0002,0.0003
tep,80,0.0,0,ceil(3 tau),0.5,raw,52000,0.0009,0.0007
tep,80,0.0,0,ceil(3 tau),0.5,adjusted,52000,-0.0002,0.0003
tep,80,8.0,0,0,0.1,raw,52000,-0.0093,0.0008
tep,80,8.0,0,0,0.1,adjusted,52000,-0.0114,0.0003
tep,80,8.0,0,0,0.25,raw,52000,-0.0246,0.0008
tep,80,8.0,0,0,0.25,adjusted,52000,-0.0281,0.0004
tep,80,8.0,0,0,0.5,raw,52000,-0.0501,0.0009
tep,80,8.0,0,0,0.5,adjusted,52000,-0.0559,0.0006
tep,80,8.0,24,ceil(3 tau),0.1,raw,52000,0.0008,0.001
tep,80,8.0,24,ceil(3 tau),0.1,adjusted,52000,-0.0006,0.0004
tep,80,8.0,24,ceil(3 tau),0.25,raw,52000,-0.0002,0.001
tep,80,8.0,24,ceil(3 tau),0.25,adjusted,52000,-0.0017,0.0004
tep,80,8.0,24,ceil(3 tau),0.5,raw,52000,-0.0021,0.001
tep,80,8.0,24,ceil(3 tau),0.5,adjusted,52000,-0.0036,0.0004
tep,80,20.0,0,0,0.1,raw,52000,-0.0251,0.0008
tep,80,20.0,0,0,0.1,adjusted,52000,-0.0271,0.0004
tep,80,20.0,0,0,0.25,raw,52000,-0.0641,0.0009
tep,80,20.0,0,0,0.25,adjusted,52000,-0.0675,0.0007
tep,80,20.0,0,0,0.5,raw,52000,-0.1292,0.0013
tep,80,20.0,0,0,0.5,adjusted,52000,-0.1347,0.0013
tep,80,20.0,60,ceil(3 tau),0.1,raw,52000,-0.0008,0.0015
tep,80,20.0,60,ceil(3 tau),0.1,adjusted,0,,
tep,80,20.0,60,ceil(3 tau),0.25,raw,52000,-0.0058,0.0015
tep,80,20.0,60,ceil(3 tau),0.25,adjusted,0,,
tep,80,20.0,60,ceil(3 tau),0.5,raw,52000,-0.0142,0.0015
tep,80,20.0,60,ceil(3 tau),0.5,adjusted,0,,
turbine,144,0.0,0,ceil(3 tau),0.1,raw,500,0.0018,0.0034
turbine,144,0.0,0,ceil(3 tau),0.1,adjusted,500,0.0003,0.0006
turbine,144,0.0,0,ceil(3 tau),0.25,raw,500,0.0018,0.0034
turbine,144,0.0,0,ceil(3 tau),0.25,adjusted,500,0.0003,0.0006
turbine,144,0.0,0,ceil(3 tau),0.5,raw,500,0.0018,0.0034
turbine,144,0.0,0,ceil(3 tau),0.5,adjusted,500,0.0003,0.0006
turbine,144,14.4,0,0,0.1,raw,500,-0.0078,0.0034
turbine,144,14.4,0,0,0.1,adjusted,500,-0.0093,0.0006
turbine,144,14.4,0,0,0.25,raw,500,-0.0221,0.0034
turbine,144,14.4,0,0,0.25,adjusted,500,-0.0238,0.0006
turbine,144,14.4,0,0,0.5,raw,500,-0.0461,0.0034
turbine,144,14.4,0,0,0.5,adjusted,500,-0.0479,0.0006
turbine,144,14.4,44,ceil(3 tau),0.1,raw,500,0.0019,0.0037
turbine,144,14.4,44,ceil(3 tau),0.1,adjusted,500,0.0,0.0006
turbine,144,14.4,44,ceil(3 tau),0.25,raw,500,0.001,0.0037
turbine,144,14.4,44,ceil(3 tau),0.25,adjusted,500,-0.0009,0.0006
turbine,144,14.4,44,ceil(3 tau),0.5,raw,500,-0.0005,0.0037
turbine,144,14.4,44,ceil(3 tau),0.5,adjusted,500,-0.0024,0.0006
turbine,144,36.0,0,0,0.1,raw,500,-0.0219,0.0034
turbine,144,36.0,0,0,0.1,adjusted,500,-0.0236,0.0006
turbine,144,36.0,0,0,0.25,raw,500,-0.0576,0.0034
turbine,144,36.0,0,0,0.25,adjusted,500,-0.0594,0.0006
turbine,144,36.0,0,0,0.5,raw,500,-0.117,0.0034
turbine,144,36.0,0,0,0.5,adjusted,500,-0.1192,0.0007
turbine,144,36.0,108,ceil(3 tau),0.1,raw,500,0.0001,0.0044
turbine,144,36.0,108,ceil(3 tau),0.1,adjusted,500,-0.0015,0.0008
turbine,144,36.0,108,ceil(3 tau),0.25,raw,500,-0.0041,0.0044
turbine,144,36.0,108,ceil(3 tau),0.25,adjusted,500,-0.0058,0.0008
turbine,144,36.0,108,ceil(3 tau),0.5,raw,500,-0.0112,0.0044
turbine,144,36.0,108,ceil(3 tau),0.5,adjusted,500,-0.0129,0.0008
turbine,432,0.0,0,ceil(3 tau),0.1,raw,500,-0.0012,0.0043
turbine,432,0.0,0,ceil(3 tau),0.1,adjusted,500,0.0,0.0007
turbine,432,0.0,0,ceil(3 tau),0.25,raw,500,-0.0012,0.0043
turbine,432,0.0,0,ceil(3 tau),0.25,adjusted,500,0.0,0.0007
turbine,432,0.0,0,ceil(3 tau),0.5,raw,500,-0.0012,0.0043
turbine,432,0.0,0,ceil(3 tau),0.5,adjusted,500,0.0,0.0007
turbine,432,43.2,0,0,0.1,raw,500,-0.0106,0.0043
turbine,432,43.2,0,0,0.1,adjusted,500,-0.0095,0.0007
turbine,432,43.2,0,0,0.25,raw,500,-0.0247,0.0043
turbine,432,43.2,0,0,0.25,adjusted,500,-0.0238,0.0007
turbine,432,43.2,0,0,0.5,raw,500,-0.0481,0.0043
turbine,432,43.2,0,0,0.5,adjusted,500,-0.0475,0.0008
turbine,432,43.2,130,ceil(3 tau),0.1,raw,500,-0.0021,0.0046
turbine,432,43.2,130,ceil(3 tau),0.1,adjusted,500,-0.0006,0.0007
turbine,432,43.2,130,ceil(3 tau),0.25,raw,500,-0.0031,0.0046
turbine,432,43.2,130,ceil(3 tau),0.25,adjusted,500,-0.0016,0.0007
turbine,432,43.2,130,ceil(3 tau),0.5,raw,500,-0.0048,0.0046
turbine,432,43.2,130,ceil(3 tau),0.5,adjusted,500,-0.0033,0.0007
turbine,432,108.0,0,0,0.1,raw,500,-0.0248,0.0043
turbine,432,108.0,0,0,0.1,adjusted,500,-0.0239,0.0007
turbine,432,108.0,0,0,0.25,raw,500,-0.0603,0.0043
turbine,432,108.0,0,0,0.25,adjusted,500,-0.0597,0.0008
turbine,432,108.0,0,0,0.5,raw,500,-0.1194,0.0044
turbine,432,108.0,0,0,0.5,adjusted,500,-0.1194,0.001
turbine,432,108.0,324,ceil(3 tau),0.1,raw,500,0.0001,0.0059
turbine,432,108.0,324,ceil(3 tau),0.1,adjusted,500,-0.001,0.0011
turbine,432,108.0,324,ceil(3 tau),0.25,raw,500,-0.0044,0.0059
turbine,432,108.0,324,ceil(3 tau),0.25,adjusted,500,-0.0056,0.0011
turbine,432,108.0,324,ceil(3 tau),0.5,raw,500,-0.012,0.0059
turbine,432,108.0,324,ceil(3 tau),0.5,adjusted,500,-0.0132,0.0011
skab,300,0.0,0,ceil(3 tau),0.1,raw,3500,0.0004,0.0031
skab,300,0.0,0,ceil(3 tau),0.1,adjusted,3500,0.0009,0.0017
skab,300,0.0,0,ceil(3 tau),0.25,raw,3500,0.0004,0.0031
skab,300,0.0,0,ceil(3 tau),0.25,adjusted,3500,0.0009,0.0017
skab,300,0.0,0,ceil(3 tau),0.5,raw,3500,0.0004,0.0031
skab,300,0.0,0,ceil(3 tau),0.5,adjusted,3500,0.0009,0.0017
skab,300,30.0,0,0,0.1,raw,3500,-0.0098,0.0031
skab,300,30.0,0,0,0.1,adjusted,3500,-0.01,0.0017
skab,300,30.0,0,0,0.25,raw,3500,-0.0251,0.0031
skab,300,30.0,0,0,0.25,adjusted,3500,-0.0263,0.0017
skab,300,30.0,0,0,0.5,raw,3500,-0.0506,0.0032
skab,300,30.0,0,0,0.5,adjusted,3500,-0.0534,0.0017
skab,300,30.0,90,ceil(3 tau),0.1,raw,3500,-0.0004,0.0032
skab,300,30.0,90,ceil(3 tau),0.1,adjusted,3500,-0.0001,0.0017
skab,300,30.0,90,ceil(3 tau),0.25,raw,3500,-0.0015,0.0032
skab,300,30.0,90,ceil(3 tau),0.25,adjusted,3500,-0.0013,0.0017
skab,300,30.0,90,ceil(3 tau),0.5,raw,3500,-0.0033,0.0032
skab,300,30.0,90,ceil(3 tau),0.5,adjusted,3500,-0.0032,0.0017
skab,300,75.0,0,0,0.1,raw,3500,-0.0249,0.0031
skab,300,75.0,0,0,0.1,adjusted,3500,-0.026,0.0017
skab,300,75.0,0,0,0.25,raw,3500,-0.063,0.0032
skab,300,75.0,0,0,0.25,adjusted,3500,-0.0664,0.0017
skab,300,75.0,0,0,0.5,raw,3500,-0.1263,0.0033
skab,300,75.0,0,0,0.5,adjusted,3500,-0.1337,0.0019
skab,300,75.0,225,ceil(3 tau),0.1,raw,3500,-0.0031,0.004
skab,300,75.0,225,ceil(3 tau),0.1,adjusted,3500,-0.0034,0.0019
skab,300,75.0,225,ceil(3 tau),0.25,raw,3500,-0.008,0.004
skab,300,75.0,225,ceil(3 tau),0.25,adjusted,3500,-0.0086,0.0019
skab,300,75.0,225,ceil(3 tau),0.5,raw,3500,-0.0161,0.004
skab,300,75.0,225,ceil(3 tau),0.5,adjusted,3500,-0.0172,0.0019
skab,600,0.0,0,ceil(3 tau),0.1,raw,3500,0.0008,0.0039
skab,600,0.0,0,ceil(3 tau),0.1,adjusted,3500,0.0002,0.0023
skab,600,0.0,0,ceil(3 tau),0.25,raw,3500,0.0008,0.0039
skab,600,0.0,0,ceil(3 tau),0.25,adjusted,3500,0.0002,0.0023
skab,600,0.0,0,ceil(3 tau),0.5,raw,3500,0.0008,0.0039
skab,600,0.0,0,ceil(3 tau),0.5,adjusted,3500,0.0002,0.0023
skab,600,60.0,0,0,0.1,raw,3500,-0.0098,0.004
skab,600,60.0,0,0,0.1,adjusted,3500,-0.0118,0.0023
skab,600,60.0,0,0,0.25,raw,3500,-0.0258,0.004
skab,600,60.0,0,0,0.25,adjusted,3500,-0.0299,0.0024
skab,600,60.0,0,0,0.5,raw,3500,-0.0524,0.0041
skab,600,60.0,0,0,0.5,adjusted,3500,-0.0601,0.0024
skab,600,60.0,180,ceil(3 tau),0.1,raw,3500,-0.0003,0.0042
skab,600,60.0,180,ceil(3 tau),0.1,adjusted,3500,-0.0008,0.0026
skab,600,60.0,180,ceil(3 tau),0.25,raw,3500,-0.0015,0.0042
skab,600,60.0,180,ceil(3 tau),0.25,adjusted,3500,-0.002,0.0026
skab,600,60.0,180,ceil(3 tau),0.5,raw,3500,-0.0034,0.0042
skab,600,60.0,180,ceil(3 tau),0.5,adjusted,3500,-0.0041,0.0026
skab,600,150.0,0,0,0.1,raw,3500,-0.0255,0.004
skab,600,150.0,0,0,0.1,adjusted,3500,-0.0291,0.0023
skab,600,150.0,0,0,0.25,raw,3500,-0.065,0.0041
skab,600,150.0,0,0,0.25,adjusted,3500,-0.0731,0.0024
skab,600,150.0,0,0,0.5,raw,3500,-0.1308,0.0044
skab,600,150.0,0,0,0.5,adjusted,3500,-0.1464,0.0027
skab,600,150.0,450,ceil(3 tau),0.1,raw,3500,-0.0035,0.0044
skab,600,150.0,450,ceil(3 tau),0.1,adjusted,3500,-0.0041,0.0025
skab,600,150.0,450,ceil(3 tau),0.25,raw,3500,-0.0086,0.0044
skab,600,150.0,450,ceil(3 tau),0.25,adjusted,3500,-0.0097,0.0025
skab,600,150.0,450,ceil(3 tau),0.5,raw,3500,-0.017,0.0044
skab,600,150.0,450,ceil(3 tau),0.5,adjusted,3500,-0.0188,0.0025
