tool,design,window_key,score
mad,onset-aligned,0,0.899873
mad,onset-aligned,1,0.0295966
mad,onset-aligned,2,0.899873
mad,onset-aligned,3,36.1739
mad,onset-aligned,4,2805.04
mad,onset-aligned,5,4247.27
mad,onset-aligned,6,0.895233
mad,onset-aligned,7,0.674491
mad,onset-aligned,8,0.900139
mad,onset-aligned,9,1.79782
mad,onset-aligned,10,3.5932
mad,onset-aligned,11,4.49088
mad,onset-aligned,12,0.674491
mad,onset-aligned,13,1.41496
mad,onset-aligned,14,0.84919
mad,onset-aligned,15,1.44772
mad,onset-aligned,16,3.30409
mad,onset-aligned,17,1.52368
mad,onset-aligned,18,1.58177
mad,onset-aligned,19,0.376044
mad,onset-aligned,20,0.899452
mad,onset-aligned,21,1.79877
mad,onset-aligned,22,3.59728
mad,onset-aligned,23,5.33624
mad,onset-aligned,24,0.899351
mad,onset-aligned,25,0.0512271
mad,onset-aligned,26,0.899291
mad,onset-aligned,27,1.79867
mad,onset-aligned,28,3.96157
mad,onset-aligned,29,11.6695
mad,onset-aligned,30,3.56307
mad,onset-aligned,31,0.896475
mad,onset-aligned,32,1.21383
mad,onset-aligned,33,2.95581
mad,onset-aligned,34,7.1496
mad,onset-aligned,35,9.2465
mad,onset-aligned,36,0.899687
mad,onset-aligned,37,0.178934
mad,onset-aligned,38,1.50781
mad,onset-aligned,39,2.57633
mad,onset-aligned,40,5.76843
mad,onset-aligned,41,7.72707
mad,onset-aligned,42,0.540756
mad,onset-aligned,43,0.867199
mad,onset-aligned,44,0.517523
mad,onset-aligned,45,0.837671
mad,onset-aligned,46,107.739
mad,onset-aligned,47,176.952
mad,onset-aligned,48,0.546851
mad,onset-aligned,49,0.387256
mad,onset-aligned,50,0.774548
mad,onset-aligned,51,1.24762
mad,onset-aligned,52,117.829
mad,onset-aligned,53,538.94
mad,onset-aligned,54,0.633269
mad,onset-aligned,55,1.45834
mad,onset-aligned,56,0.825764
mad,onset-aligned,57,0.638536
mad,onset-aligned,58,64.9601
mad,onset-aligned,59,74.0449
mad,onset-aligned,60,0.0247038
mad,onset-aligned,61,0.0611815
mad,onset-aligned,62,0.0450393
mad,onset-aligned,63,0.449844
mad,onset-aligned,64,167.802
mad,onset-aligned,65,212.479
mad,onset-aligned,66,1.00789
mad,onset-aligned,67,1.15015
mad,onset-aligned,68,0.833495
mad,onset-aligned,69,2.84152
mad,onset-aligned,70,2.30216
mad,onset-aligned,71,14.7511
mad,onset-aligned,72,0.516645
mad,onset-aligned,73,0.486919
mad,onset-aligned,74,5.19726
mad,onset-aligned,75,10.3606
mad,onset-aligned,76,22.4362
mad,onset-aligned,77,32.0349
mad,onset-aligned,78,0.690348
mad,onset-aligned,79,0.268366
mad,onset-aligned,80,1.01202
mad,onset-aligned,81,21.9619
mad,onset-aligned,82,21.9619
mad,onset-aligned,83,21.9629
mad,onset-aligned,84,1.39653
mad,onset-aligned,85,1.05848
mad,onset-aligned,86,12.4256
mad,onset-aligned,87,13.1785
mad,onset-aligned,88,12.5514
mad,onset-aligned,89,20.8652
mad,onset-aligned,90,0.674491
mad,onset-aligned,91,0.544543
mad,onset-aligned,92,1.34949
mad,onset-aligned,93,10.2968
mad,onset-aligned,94,5.90344
mad,onset-aligned,95,4.08186
mad,onset-aligned,96,2.18835
mad,onset-aligned,97,2.36072
mad,onset-aligned,98,1.01156
mad,onset-aligned,99,1.37024
mad,onset-aligned,100,1.73463
mad,onset-aligned,101,3.20008
mad,onset-aligned,102,1.49063
mad,onset-aligned,103,0.133105
mad,onset-aligned,104,2.2498
mad,onset-aligned,105,2.58555
mad,onset-aligned,106,0.696974
mad,onset-aligned,107,4.15427
mad,onset-aligned,108,1.06252
mad,onset-aligned,109,0.481779
mad,onset-aligned,110,0.78483
mad,onset-aligned,111,0.931949
mad,onset-aligned,112,2.32272
mad,onset-aligned,113,2.8293
mad,onset-aligned,114,0.674491
mad,onset-aligned,115,0.673148
mad,onset-aligned,116,1.31966
mad,onset-aligned,117,4.72202
mad,onset-aligned,118,25.0735
mad,onset-aligned,119,36.9504
mad,onset-aligned,120,5.39651
mad,onset-aligned,121,5.73376
mad,onset-aligned,122,10.5572
mad,onset-aligned,123,11.0968
mad,onset-aligned,124,11.613
mad,onset-aligned,125,11.3549
mad,onset-aligned,126,1.12003
mad,onset-aligned,127,0.107045
mad,onset-aligned,128,0.702024
mad,onset-aligned,129,1.02608
mad,onset-aligned,130,1.0182
mad,onset-aligned,131,0.819152
mad,onset-aligned,132,0.813474
mad,onset-aligned,133,0.14224
mad,onset-aligned,134,0.87766
mad,onset-aligned,135,2.087
mad,onset-aligned,136,9.28638
mad,onset-aligned,137,12.2008
mad,onset-aligned,138,0.680785
mad,onset-aligned,139,1.03912
mad,onset-aligned,140,0.114345
mad,onset-aligned,141,3.35204
mad,onset-aligned,142,5.17516
mad,onset-aligned,143,5.73159
mad,onset-aligned,144,0.179865
mad,onset-aligned,145,0.0449661
mad,onset-aligned,146,0.179865
mad,onset-aligned,147,0.213859
mad,onset-aligned,148,1.25904
mad,onset-aligned,149,1.66374
mad,onset-aligned,150,0.563549
mad,onset-aligned,151,2.22767
mad,onset-aligned,152,1.33531
mad,onset-aligned,153,2.22767
mad,onset-aligned,154,2.12008
mad,onset-aligned,155,2.12008
mad,onset-aligned,156,0.890781
mad,onset-aligned,157,0.224642
mad,onset-aligned,158,0.842937
mad,onset-aligned,159,1.73924
mad,onset-aligned,160,2.72217
mad,onset-aligned,161,3.41464
mad,onset-aligned,162,2.66196
mad,onset-aligned,163,0.192648
mad,onset-aligned,164,0.773506
mad,onset-aligned,165,2.40788
mad,onset-aligned,166,4.33721
mad,onset-aligned,167,6.58197
mad,onset-aligned,168,1.07118
mad,onset-aligned,169,0.269735
mad,onset-aligned,170,1.06048
mad,onset-aligned,171,1.06048
mad,onset-aligned,172,1.85145
mad,onset-aligned,173,1.81414
mad,onset-aligned,174,0.875403
mad,onset-aligned,175,0.742135
mad,onset-aligned,176,2.2919
mad,onset-aligned,177,4.81278
mad,onset-aligned,178,4.45057
mad,onset-aligned,179,3.48144
mad,onset-aligned,180,1.50556
mad,onset-aligned,181,0.0285146
mad,onset-aligned,182,1.48351
mad,onset-aligned,183,2.83187
mad,onset-aligned,184,4.4499
mad,onset-aligned,185,4.31476
mad,onset-aligned,186,0.289067
mad,onset-aligned,187,0.124453
mad,onset-aligned,188,0.0963558
mad,onset-aligned,189,0.385423
mad,onset-aligned,190,0.674491
mad,onset-aligned,191,0.674491
mad,onset-aligned,192,0.674491
mad,onset-aligned,193,0.454228
mad,onset-aligned,194,0.704069
mad,onset-aligned,195,0.704069
mad,onset-aligned,196,0.647087
mad,onset-aligned,197,0.741051
mad,onset-aligned,198,0.268619
mad,onset-aligned,199,0.299969
mad,onset-aligned,200,0.24465
mad,onset-aligned,201,0.791798
mad,onset-aligned,202,223.882
mad,onset-aligned,203,390.928
mad,onset-aligned,204,0.178042
mad,onset-aligned,205,0.997179
mad,onset-aligned,206,0.6227
mad,onset-aligned,207,1.35415
mad,onset-aligned,208,1.68623
mad,onset-aligned,209,4.36963
mad,onset-aligned,210,1.72242
mad,onset-aligned,211,0.391308
mad,onset-aligned,212,0.798062
mad,onset-aligned,213,0.597259
mad,onset-aligned,214,0.975939
mad,onset-aligned,215,1.35413
mad,onset-aligned,216,3.82087
mad,onset-aligned,217,0.486869
mad,onset-aligned,218,0.88055
mad,onset-aligned,219,0.639934
mad,onset-aligned,220,2.80656
mad,onset-aligned,221,4.61203
mad,onset-aligned,222,0.800541
mad,onset-aligned,223,0.341477
mad,onset-aligned,224,0.930033
mad,onset-aligned,225,1.25088
mad,onset-aligned,226,96.2158
mad,onset-aligned,227,106.446
mad,onset-aligned,228,1.48399
mad,onset-aligned,229,0.289067
mad,onset-aligned,230,0.685579
mad,onset-aligned,231,1.34904
mad,onset-aligned,232,168.116
mad,onset-aligned,233,112.303
mad,onset-aligned,234,0.398271
mad,onset-aligned,235,0.646677
mad,onset-aligned,236,0.269622
mad,onset-aligned,237,0.32263
mad,onset-aligned,238,1639.14
mad,onset-aligned,239,1678.21
mad,onset-aligned,240,0.578941
mad,onset-aligned,241,0.572448
mad,onset-aligned,242,1.58226
mad,onset-aligned,243,0.555731
mad,onset-aligned,244,31.6941
mad,onset-aligned,245,33.1052
mad,onset-aligned,246,0.896967
mad,onset-aligned,247,0.252075
mad,onset-aligned,248,0.904029
mad,onset-aligned,249,1.801
mad,onset-aligned,250,796.581
mad,onset-aligned,251,871.961
mad,onset-aligned,252,0.900118
mad,onset-aligned,253,0.00079727
mad,onset-aligned,254,0.899321
mad,onset-aligned,255,2.98578
mad,onset-aligned,256,1608.3
mad,onset-aligned,257,3000.69
mad,onset-aligned,258,0.157231
mad,onset-aligned,259,0.380703
mad,onset-aligned,260,0.628097
mad,onset-aligned,261,1.34447
mad,onset-aligned,262,2.5629
mad,onset-aligned,263,2.85848
mad,onset-aligned,264,1.22589
mad,onset-aligned,265,0.502036
mad,onset-aligned,266,0.606314
mad,onset-aligned,267,0.318513
mad,onset-aligned,268,3.16853
mad,onset-aligned,269,5.35061
mad,onset-aligned,270,3.67165
mad,onset-aligned,271,0.80144
mad,onset-aligned,272,0.663737
mad,onset-aligned,273,1.68313
mad,onset-aligned,274,3.58218
mad,onset-aligned,275,9.56579
mad,onset-aligned,276,1.76257
mad,onset-aligned,277,0.687538
mad,onset-aligned,278,2.10139
mad,onset-aligned,279,2.76476
mad,onset-aligned,280,6.62803
mad,onset-aligned,281,11.8412
mad,onset-aligned,282,3.20251
mad,onset-aligned,283,0.765339
mad,onset-aligned,284,1.22302
mad,onset-aligned,285,1.0923
mad,onset-aligned,286,1.5947
mad,onset-aligned,287,2.52053
spc,onset-aligned,0,65
spc,onset-aligned,1,66
spc,onset-aligned,2,72
spc,onset-aligned,3,142
spc,onset-aligned,4,176
spc,onset-aligned,5,190
spc,onset-aligned,6,71
spc,onset-aligned,7,111
spc,onset-aligned,8,132
spc,onset-aligned,9,132
spc,onset-aligned,10,127
spc,onset-aligned,11,141
spc,onset-aligned,12,11
spc,onset-aligned,13,13
spc,onset-aligned,14,15
spc,onset-aligned,15,17
spc,onset-aligned,16,58
spc,onset-aligned,17,23
spc,onset-aligned,18,136
spc,onset-aligned,19,126
spc,onset-aligned,20,120
spc,onset-aligned,21,119
spc,onset-aligned,22,295
spc,onset-aligned,23,362
spc,onset-aligned,24,63
spc,onset-aligned,25,69
spc,onset-aligned,26,64
spc,onset-aligned,27,63
spc,onset-aligned,28,121
spc,onset-aligned,29,187
spc,onset-aligned,30,273
spc,onset-aligned,31,177
spc,onset-aligned,32,146
spc,onset-aligned,33,184
spc,onset-aligned,34,256
spc,onset-aligned,35,314
spc,onset-aligned,36,134
spc,onset-aligned,37,139
spc,onset-aligned,38,139
spc,onset-aligned,39,156
spc,onset-aligned,40,252
spc,onset-aligned,41,302
spc,onset-aligned,42,97
spc,onset-aligned,43,103
spc,onset-aligned,44,91
spc,onset-aligned,45,87
spc,onset-aligned,46,459
spc,onset-aligned,47,380
spc,onset-aligned,48,50
spc,onset-aligned,49,31
spc,onset-aligned,50,38
spc,onset-aligned,51,49
spc,onset-aligned,52,514
spc,onset-aligned,53,447
spc,onset-aligned,54,33
spc,onset-aligned,55,57
spc,onset-aligned,56,39
spc,onset-aligned,57,36
spc,onset-aligned,58,115
spc,onset-aligned,59,81
spc,onset-aligned,60,0
spc,onset-aligned,61,1
spc,onset-aligned,62,1
spc,onset-aligned,63,1
spc,onset-aligned,64,122
spc,onset-aligned,65,143
spc,onset-aligned,66,35
spc,onset-aligned,67,17
spc,onset-aligned,68,47
spc,onset-aligned,69,50
spc,onset-aligned,70,78
spc,onset-aligned,71,93
spc,onset-aligned,72,24
spc,onset-aligned,73,45
spc,onset-aligned,74,71
spc,onset-aligned,75,93
spc,onset-aligned,76,137
spc,onset-aligned,77,171
spc,onset-aligned,78,34
spc,onset-aligned,79,31
spc,onset-aligned,80,23
spc,onset-aligned,81,97
spc,onset-aligned,82,85
spc,onset-aligned,83,98
spc,onset-aligned,84,67
spc,onset-aligned,85,80
spc,onset-aligned,86,68
spc,onset-aligned,87,156
spc,onset-aligned,88,99
spc,onset-aligned,89,86
spc,onset-aligned,90,10
spc,onset-aligned,91,15
spc,onset-aligned,92,57
spc,onset-aligned,93,148
spc,onset-aligned,94,140
spc,onset-aligned,95,109
spc,onset-aligned,96,70
spc,onset-aligned,97,87
spc,onset-aligned,98,63
spc,onset-aligned,99,34
spc,onset-aligned,100,48
spc,onset-aligned,101,71
spc,onset-aligned,102,25
spc,onset-aligned,103,39
spc,onset-aligned,104,15
spc,onset-aligned,105,21
spc,onset-aligned,106,61
spc,onset-aligned,107,107
spc,onset-aligned,108,19
spc,onset-aligned,109,13
spc,onset-aligned,110,17
spc,onset-aligned,111,12
spc,onset-aligned,112,9
spc,onset-aligned,113,9
spc,onset-aligned,114,15
spc,onset-aligned,115,18
spc,onset-aligned,116,22
spc,onset-aligned,117,45
spc,onset-aligned,118,122
spc,onset-aligned,119,129
spc,onset-aligned,120,75
spc,onset-aligned,121,70
spc,onset-aligned,122,80
spc,onset-aligned,123,109
spc,onset-aligned,124,151
spc,onset-aligned,125,225
spc,onset-aligned,126,49
spc,onset-aligned,127,37
spc,onset-aligned,128,13
spc,onset-aligned,129,22
spc,onset-aligned,130,19
spc,onset-aligned,131,3
spc,onset-aligned,132,20
spc,onset-aligned,133,36
spc,onset-aligned,134,24
spc,onset-aligned,135,67
spc,onset-aligned,136,119
spc,onset-aligned,137,103
spc,onset-aligned,138,40
spc,onset-aligned,139,29
spc,onset-aligned,140,23
spc,onset-aligned,141,82
spc,onset-aligned,142,87
spc,onset-aligned,143,80
spc,onset-aligned,144,4
spc,onset-aligned,145,4
spc,onset-aligned,146,4
spc,onset-aligned,147,4
spc,onset-aligned,148,14
spc,onset-aligned,149,12
spc,onset-aligned,150,14
spc,onset-aligned,151,51
spc,onset-aligned,152,59
spc,onset-aligned,153,8
spc,onset-aligned,154,62
spc,onset-aligned,155,34
spc,onset-aligned,156,4
spc,onset-aligned,157,3
spc,onset-aligned,158,4
spc,onset-aligned,159,12
spc,onset-aligned,160,28
spc,onset-aligned,161,55
spc,onset-aligned,162,44
spc,onset-aligned,163,38
spc,onset-aligned,164,36
spc,onset-aligned,165,53
spc,onset-aligned,166,161
spc,onset-aligned,167,178
spc,onset-aligned,168,5
spc,onset-aligned,169,5
spc,onset-aligned,170,7
spc,onset-aligned,171,4
spc,onset-aligned,172,12
spc,onset-aligned,173,10
spc,onset-aligned,174,16
spc,onset-aligned,175,8
spc,onset-aligned,176,8
spc,onset-aligned,177,69
spc,onset-aligned,178,73
spc,onset-aligned,179,68
spc,onset-aligned,180,43
spc,onset-aligned,181,20
spc,onset-aligned,182,54
spc,onset-aligned,183,31
spc,onset-aligned,184,122
spc,onset-aligned,185,131
spc,onset-aligned,186,1
spc,onset-aligned,187,1
spc,onset-aligned,188,1
spc,onset-aligned,189,0
spc,onset-aligned,190,4
spc,onset-aligned,191,8
spc,onset-aligned,192,5
spc,onset-aligned,193,2
spc,onset-aligned,194,8
spc,onset-aligned,195,12
spc,onset-aligned,196,7
spc,onset-aligned,197,8
spc,onset-aligned,198,56
spc,onset-aligned,199,41
spc,onset-aligned,200,45
spc,onset-aligned,201,58
spc,onset-aligned,202,465
spc,onset-aligned,203,393
spc,onset-aligned,204,19
spc,onset-aligned,205,15
spc,onset-aligned,206,24
spc,onset-aligned,207,12
spc,onset-aligned,208,16
spc,onset-aligned,209,69
spc,onset-aligned,210,19
spc,onset-aligned,211,31
spc,onset-aligned,212,26
spc,onset-aligned,213,27
spc,onset-aligned,214,26
spc,onset-aligned,215,14
spc,onset-aligned,216,44
spc,onset-aligned,217,14
spc,onset-aligned,218,14
spc,onset-aligned,219,19
spc,onset-aligned,220,39
spc,onset-aligned,221,102
spc,onset-aligned,222,26
spc,onset-aligned,223,37
spc,onset-aligned,224,40
spc,onset-aligned,225,32
spc,onset-aligned,226,241
spc,onset-aligned,227,253
spc,onset-aligned,228,5
spc,onset-aligned,229,10
spc,onset-aligned,230,10
spc,onset-aligned,231,11
spc,onset-aligned,232,209
spc,onset-aligned,233,216
spc,onset-aligned,234,7
spc,onset-aligned,235,29
spc,onset-aligned,236,5
spc,onset-aligned,237,10
spc,onset-aligned,238,442
spc,onset-aligned,239,476
spc,onset-aligned,240,135
spc,onset-aligned,241,83
spc,onset-aligned,242,198
spc,onset-aligned,243,136
spc,onset-aligned,244,412
spc,onset-aligned,245,374
spc,onset-aligned,246,72
spc,onset-aligned,247,79
spc,onset-aligned,248,79
spc,onset-aligned,249,75
spc,onset-aligned,250,222
spc,onset-aligned,251,232
spc,onset-aligned,252,168
spc,onset-aligned,253,171
spc,onset-aligned,254,168
spc,onset-aligned,255,198
spc,onset-aligned,256,340
spc,onset-aligned,257,348
spc,onset-aligned,258,63
spc,onset-aligned,259,67
spc,onset-aligned,260,66
spc,onset-aligned,261,70
spc,onset-aligned,262,98
spc,onset-aligned,263,72
spc,onset-aligned,264,32
spc,onset-aligned,265,35
spc,onset-aligned,266,36
spc,onset-aligned,267,38
spc,onset-aligned,268,76
spc,onset-aligned,269,126
spc,onset-aligned,270,133
spc,onset-aligned,271,80
spc,onset-aligned,272,61
spc,onset-aligned,273,47
spc,onset-aligned,274,112
spc,onset-aligned,275,136
spc,onset-aligned,276,174
spc,onset-aligned,277,151
spc,onset-aligned,278,137
spc,onset-aligned,279,173
spc,onset-aligned,280,427
spc,onset-aligned,281,469
spc,onset-aligned,282,266
spc,onset-aligned,283,229
spc,onset-aligned,284,239
spc,onset-aligned,285,231
spc,onset-aligned,286,169
spc,onset-aligned,287,158
mspc_t2,onset-aligned,0,0.0056708
mspc_t2,onset-aligned,1,0.00567759
mspc_t2,onset-aligned,2,0.00565937
mspc_t2,onset-aligned,3,138.827
mspc_t2,onset-aligned,4,126161
mspc_t2,onset-aligned,5,517690
mspc_t2,onset-aligned,6,0.00575757
mspc_t2,onset-aligned,7,0.00577541
mspc_t2,onset-aligned,8,0.00548886
mspc_t2,onset-aligned,9,0.00524132
mspc_t2,onset-aligned,10,8.09532
mspc_t2,onset-aligned,11,2.45751
mspc_t2,onset-aligned,18,0.00426942
mspc_t2,onset-aligned,19,0.00397835
mspc_t2,onset-aligned,20,0.0038681
mspc_t2,onset-aligned,21,0.00377966
mspc_t2,onset-aligned,22,138.987
mspc_t2,onset-aligned,23,458.872
mspc_t2,onset-aligned,30,0.003782
mspc_t2,onset-aligned,31,0.00408857
mspc_t2,onset-aligned,32,0.00424701
mspc_t2,onset-aligned,33,0.00428373
mspc_t2,onset-aligned,34,0.00461261
mspc_t2,onset-aligned,35,0.0049294
mspc_t2,onset-aligned,36,0.00385078
mspc_t2,onset-aligned,37,0.00401295
mspc_t2,onset-aligned,38,0.00425223
mspc_t2,onset-aligned,39,51.1353
mspc_t2,onset-aligned,40,1601.48
mspc_t2,onset-aligned,41,3268.96
mspc_t2,onset-aligned,66,0.000281411
mspc_t2,onset-aligned,67,0.000290205
mspc_t2,onset-aligned,68,0.000253348
mspc_t2,onset-aligned,69,0.000256701
mspc_t2,onset-aligned,70,0.000260339
mspc_t2,onset-aligned,71,0.000236986
mspc_t2,onset-aligned,72,0.000279819
mspc_t2,onset-aligned,73,0.000272843
mspc_t2,onset-aligned,74,0.000272336
mspc_t2,onset-aligned,75,0.000319121
mspc_t2,onset-aligned,76,0.000407441
mspc_t2,onset-aligned,77,0.00132311
mspc_t2,onset-aligned,78,0.0015665
mspc_t2,onset-aligned,79,0.00157431
mspc_t2,onset-aligned,80,0.00143848
mspc_t2,onset-aligned,81,5.13286
mspc_t2,onset-aligned,82,3.93246
mspc_t2,onset-aligned,83,4.1603
mspc_t2,onset-aligned,84,0.00135434
mspc_t2,onset-aligned,85,0.00156407
mspc_t2,onset-aligned,86,0.00166098
mspc_t2,onset-aligned,87,6.3246
mspc_t2,onset-aligned,88,4.07379
mspc_t2,onset-aligned,89,0.0561982
mspc_t2,onset-aligned,90,0.00139452
mspc_t2,onset-aligned,91,0.00147889
mspc_t2,onset-aligned,92,0.00170599
mspc_t2,onset-aligned,93,4.3769
mspc_t2,onset-aligned,94,0.013351
mspc_t2,onset-aligned,95,4.38296
mspc_t2,onset-aligned,96,0.00168788
mspc_t2,onset-aligned,97,0.00150999
mspc_t2,onset-aligned,98,0.00138153
mspc_t2,onset-aligned,99,21.821
mspc_t2,onset-aligned,100,83.0225
mspc_t2,onset-aligned,101,1.58502
mspc_t2,onset-aligned,102,0.00170795
mspc_t2,onset-aligned,103,0.00148316
mspc_t2,onset-aligned,104,0.00138827
mspc_t2,onset-aligned,105,0.0460223
mspc_t2,onset-aligned,106,0.0149352
mspc_t2,onset-aligned,107,0.0134503
mspc_t2,onset-aligned,108,0.00168167
mspc_t2,onset-aligned,109,0.00151208
mspc_t2,onset-aligned,110,0.00138567
mspc_t2,onset-aligned,111,0.00134625
mspc_t2,onset-aligned,112,0.0012335
mspc_t2,onset-aligned,113,0.00116351
mspc_t2,onset-aligned,114,0.00139125
mspc_t2,onset-aligned,115,0.00147561
mspc_t2,onset-aligned,116,0.00171252
mspc_t2,onset-aligned,117,0.00220567
mspc_t2,onset-aligned,118,0.00221392
mspc_t2,onset-aligned,119,0.00215165
mspc_t2,onset-aligned,120,0.00165556
mspc_t2,onset-aligned,121,0.00152208
mspc_t2,onset-aligned,122,0.00140154
mspc_t2,onset-aligned,123,3.45984
mspc_t2,onset-aligned,124,0.861831
mspc_t2,onset-aligned,125,4.69304
mspc_t2,onset-aligned,150,0.00114245
mspc_t2,onset-aligned,151,0.00111502
mspc_t2,onset-aligned,152,0.00108194
mspc_t2,onset-aligned,153,23.4885
mspc_t2,onset-aligned,154,101.873
mspc_t2,onset-aligned,156,0.00108093
mspc_t2,onset-aligned,157,0.00110124
mspc_t2,onset-aligned,158,0.00115775
mspc_t2,onset-aligned,159,42.7735
mspc_t2,onset-aligned,160,66.9926
mspc_t2,onset-aligned,161,74.9485
mspc_t2,onset-aligned,162,0.00117517
mspc_t2,onset-aligned,163,0.0011119
mspc_t2,onset-aligned,164,0.0010529
mspc_t2,onset-aligned,165,11.2727
mspc_t2,onset-aligned,166,45.7344
mspc_t2,onset-aligned,167,53.6462
mspc_t2,onset-aligned,168,0.00118522
mspc_t2,onset-aligned,169,0.00111602
mspc_t2,onset-aligned,170,0.00103873
mspc_t2,onset-aligned,171,0.00101951
mspc_t2,onset-aligned,172,0.00101046
mspc_t2,onset-aligned,173,0.000990505
mspc_t2,onset-aligned,174,0.00117032
mspc_t2,onset-aligned,175,0.00114105
mspc_t2,onset-aligned,176,0.00102862
mspc_t2,onset-aligned,177,0.000997603
mspc_t2,onset-aligned,178,0.00101196
mspc_t2,onset-aligned,179,0.00109694
mspc_t2,onset-aligned,180,0.00119119
mspc_t2,onset-aligned,181,0.00110729
mspc_t2,onset-aligned,182,0.00104151
mspc_t2,onset-aligned,183,0.000967821
mspc_t2,onset-aligned,184,0.000825335
mspc_t2,onset-aligned,185,0.000864069
mspc_t2,onset-aligned,186,0.00112538
mspc_t2,onset-aligned,187,0.00110479
mspc_t2,onset-aligned,188,0.00110907
mspc_t2,onset-aligned,189,9.61897
mspc_t2,onset-aligned,190,34.1775
mspc_t2,onset-aligned,191,34.7572
mspc_t2,onset-aligned,234,0.00398595
mspc_t2,onset-aligned,235,0.00411293
mspc_t2,onset-aligned,236,0.00401699
mspc_t2,onset-aligned,237,0.00407749
mspc_t2,onset-aligned,238,1.37059
mspc_t2,onset-aligned,239,0.261481
mspc_t2,onset-aligned,240,0.00404747
mspc_t2,onset-aligned,241,0.00407843
mspc_t2,onset-aligned,242,0.00399113
mspc_t2,onset-aligned,243,0.0040507
mspc_t2,onset-aligned,244,0.00361093
mspc_t2,onset-aligned,245,0.00358818
mspc_t2,onset-aligned,264,0.00155756
mspc_t2,onset-aligned,265,0.00147513
mspc_t2,onset-aligned,266,0.00154509
mspc_t2,onset-aligned,267,0.00153654
mspc_t2,onset-aligned,268,0.00193915
mspc_t2,onset-aligned,269,0.00218191
mspc_t2,onset-aligned,270,0.00111785
mspc_t2,onset-aligned,271,0.00111214
mspc_t2,onset-aligned,272,0.00110779
mspc_t2,onset-aligned,273,0.00109818
mspc_t2,onset-aligned,274,0.00109595
mspc_t2,onset-aligned,275,0.00112131
mspc_t2,onset-aligned,276,0.00539797
mspc_t2,onset-aligned,277,0.00564747
mspc_t2,onset-aligned,278,0.00597649
mspc_t2,onset-aligned,279,0.0062068
mspc_t2,onset-aligned,280,0.00735206
mspc_t2,onset-aligned,281,0.00908064
mspc_t2,onset-aligned,282,0.00595559
mspc_t2,onset-aligned,283,0.00541726
mspc_t2,onset-aligned,284,0.00564909
mspc_t2,onset-aligned,285,0.00573425
mspc_t2,onset-aligned,286,0.00594393
mspc_t2,onset-aligned,287,0.00617672
mspc_spe,onset-aligned,0,2.47677
mspc_spe,onset-aligned,1,0.839154
mspc_spe,onset-aligned,2,2.69888
mspc_spe,onset-aligned,3,2490.31
mspc_spe,onset-aligned,4,1.29691e+07
mspc_spe,onset-aligned,5,3.1238e+07
mspc_spe,onset-aligned,6,2.24452
mspc_spe,onset-aligned,7,1.96326
mspc_spe,onset-aligned,8,1.80677
mspc_spe,onset-aligned,9,60.6038
mspc_spe,onset-aligned,10,26.3702
mspc_spe,onset-aligned,11,32.4695
mspc_spe,onset-aligned,18,3.41391
mspc_spe,onset-aligned,19,0.75121
mspc_spe,onset-aligned,20,1.98274
mspc_spe,onset-aligned,21,8.84479
mspc_spe,onset-aligned,22,92.3389
mspc_spe,onset-aligned,23,329.343
mspc_spe,onset-aligned,30,2.31232
mspc_spe,onset-aligned,31,4.24922
mspc_spe,onset-aligned,32,2.58927
mspc_spe,onset-aligned,33,40.8241
mspc_spe,onset-aligned,34,105.189
mspc_spe,onset-aligned,35,163.219
mspc_spe,onset-aligned,36,3.2078
mspc_spe,onset-aligned,37,3.24473
mspc_spe,onset-aligned,38,2.70058
mspc_spe,onset-aligned,39,551.299
mspc_spe,onset-aligned,40,16974.6
mspc_spe,onset-aligned,41,34756.6
mspc_spe,onset-aligned,66,242.474
mspc_spe,onset-aligned,67,298.41
mspc_spe,onset-aligned,68,240.421
mspc_spe,onset-aligned,69,188.46
mspc_spe,onset-aligned,70,445.381
mspc_spe,onset-aligned,71,1224.04
mspc_spe,onset-aligned,72,240.025
mspc_spe,onset-aligned,73,233.978
mspc_spe,onset-aligned,74,307.298
mspc_spe,onset-aligned,75,421.966
mspc_spe,onset-aligned,76,717.087
mspc_spe,onset-aligned,77,970.015
mspc_spe,onset-aligned,78,3.3792
mspc_spe,onset-aligned,79,1.34407
mspc_spe,onset-aligned,80,2.0968
mspc_spe,onset-aligned,81,37.1534
mspc_spe,onset-aligned,82,50.868
mspc_spe,onset-aligned,83,51.7604
mspc_spe,onset-aligned,84,2.58491
mspc_spe,onset-aligned,85,2.26727
mspc_spe,onset-aligned,86,1.96898
mspc_spe,onset-aligned,87,612.78
mspc_spe,onset-aligned,88,4076.04
mspc_spe,onset-aligned,89,1635.35
mspc_spe,onset-aligned,90,2.15876
mspc_spe,onset-aligned,91,2.68786
mspc_spe,onset-aligned,92,1.97624
mspc_spe,onset-aligned,93,300.1
mspc_spe,onset-aligned,94,134.858
mspc_spe,onset-aligned,95,30.9564
mspc_spe,onset-aligned,96,2.05489
mspc_spe,onset-aligned,97,1.92486
mspc_spe,onset-aligned,98,2.84102
mspc_spe,onset-aligned,99,63.3715
mspc_spe,onset-aligned,100,153.73
mspc_spe,onset-aligned,101,70.6322
mspc_spe,onset-aligned,102,1.85476
mspc_spe,onset-aligned,103,2.40701
mspc_spe,onset-aligned,104,2.56028
mspc_spe,onset-aligned,105,35.2701
mspc_spe,onset-aligned,106,43.3799
mspc_spe,onset-aligned,107,12.5759
mspc_spe,onset-aligned,108,2.62309
mspc_spe,onset-aligned,109,2.21952
mspc_spe,onset-aligned,110,1.97852
mspc_spe,onset-aligned,111,11.6527
mspc_spe,onset-aligned,112,33.7194
mspc_spe,onset-aligned,113,28.3215
mspc_spe,onset-aligned,114,1.86383
mspc_spe,onset-aligned,115,1.99985
mspc_spe,onset-aligned,116,2.90697
mspc_spe,onset-aligned,117,58.4903
mspc_spe,onset-aligned,118,2340.31
mspc_spe,onset-aligned,119,5948.27
mspc_spe,onset-aligned,120,1.75356
mspc_spe,onset-aligned,121,1.53791
mspc_spe,onset-aligned,122,3.53041
mspc_spe,onset-aligned,123,172.978
mspc_spe,onset-aligned,124,531.716
mspc_spe,onset-aligned,125,382.574
mspc_spe,onset-aligned,150,3.17763
mspc_spe,onset-aligned,151,6.82183
mspc_spe,onset-aligned,152,7.16208
mspc_spe,onset-aligned,153,104.989
mspc_spe,onset-aligned,154,1413.7
mspc_spe,onset-aligned,156,2.57519
mspc_spe,onset-aligned,157,4.56731
mspc_spe,onset-aligned,158,10.7707
mspc_spe,onset-aligned,159,97.5613
mspc_spe,onset-aligned,160,159.605
mspc_spe,onset-aligned,161,188.312
mspc_spe,onset-aligned,162,9.25896
mspc_spe,onset-aligned,163,4.32591
mspc_spe,onset-aligned,164,4.02676
mspc_spe,onset-aligned,165,2.33398e+07
mspc_spe,onset-aligned,166,378854
mspc_spe,onset-aligned,167,7.03431e+07
mspc_spe,onset-aligned,168,9.77338
mspc_spe,onset-aligned,169,3.31038
mspc_spe,onset-aligned,170,4.82844
mspc_spe,onset-aligned,171,14.9498
mspc_spe,onset-aligned,172,45.3181
mspc_spe,onset-aligned,173,30.2505
mspc_spe,onset-aligned,174,5.02642
mspc_spe,onset-aligned,175,8.94336
mspc_spe,onset-aligned,176,3.94177
mspc_spe,onset-aligned,177,108.261
mspc_spe,onset-aligned,178,157.386
mspc_spe,onset-aligned,179,39.6201
mspc_spe,onset-aligned,180,11.0017
mspc_spe,onset-aligned,181,3.22595
mspc_spe,onset-aligned,182,3.68347
mspc_spe,onset-aligned,183,14.2139
mspc_spe,onset-aligned,184,66.109
mspc_spe,onset-aligned,185,63.6435
mspc_spe,onset-aligned,186,6.14609
mspc_spe,onset-aligned,187,5.71868
mspc_spe,onset-aligned,188,5.94772
mspc_spe,onset-aligned,189,93.3298
mspc_spe,onset-aligned,190,99.9056
mspc_spe,onset-aligned,191,156.085
mspc_spe,onset-aligned,234,2.9526
mspc_spe,onset-aligned,235,2.93474
mspc_spe,onset-aligned,236,3.26586
mspc_spe,onset-aligned,237,26.2139
mspc_spe,onset-aligned,238,2.13262e+07
mspc_spe,onset-aligned,239,2.41792e+07
mspc_spe,onset-aligned,240,3.60473
mspc_spe,onset-aligned,241,2.40498
mspc_spe,onset-aligned,242,3.14407
mspc_spe,onset-aligned,243,3.84392
mspc_spe,onset-aligned,244,55.4572
mspc_spe,onset-aligned,245,473.631
mspc_spe,onset-aligned,264,1.39176
mspc_spe,onset-aligned,265,1.52878
mspc_spe,onset-aligned,266,0.901446
mspc_spe,onset-aligned,267,25.9427
mspc_spe,onset-aligned,268,85.6154
mspc_spe,onset-aligned,269,87.3417
mspc_spe,onset-aligned,270,8.17878
mspc_spe,onset-aligned,271,3.16269
mspc_spe,onset-aligned,272,6.57226
mspc_spe,onset-aligned,273,17.0048
mspc_spe,onset-aligned,274,19.2188
mspc_spe,onset-aligned,275,32.3966
mspc_spe,onset-aligned,276,4.14746
mspc_spe,onset-aligned,277,1.25934
mspc_spe,onset-aligned,278,3.60953
mspc_spe,onset-aligned,279,69.109
mspc_spe,onset-aligned,280,223.656
mspc_spe,onset-aligned,281,169.908
mspc_spe,onset-aligned,282,4.46752
mspc_spe,onset-aligned,283,1.77346
mspc_spe,onset-aligned,284,2.77295
mspc_spe,onset-aligned,285,5.49283
mspc_spe,onset-aligned,286,9.4912
mspc_spe,onset-aligned,287,12.2127
iforest,onset-aligned,0,-0.1739
iforest,onset-aligned,1,-0.15968
iforest,onset-aligned,2,-0.150214
iforest,onset-aligned,3,0.187456
iforest,onset-aligned,4,0.222095
iforest,onset-aligned,5,0.225523
iforest,onset-aligned,6,-0.165859
iforest,onset-aligned,7,-0.168696
iforest,onset-aligned,8,-0.171868
iforest,onset-aligned,9,0.0520299
iforest,onset-aligned,10,0.068403
iforest,onset-aligned,11,0.031621
iforest,onset-aligned,12,-0.174412
iforest,onset-aligned,13,-0.180816
iforest,onset-aligned,14,-0.170275
iforest,onset-aligned,15,0.093193
iforest,onset-aligned,16,0.107089
iforest,onset-aligned,17,0.093193
iforest,onset-aligned,18,-0.149503
iforest,onset-aligned,19,-0.167461
iforest,onset-aligned,20,-0.153209
iforest,onset-aligned,21,-0.0686512
iforest,onset-aligned,22,0.28905
iforest,onset-aligned,23,0.342673
iforest,onset-aligned,24,-0.176284
iforest,onset-aligned,25,-0.167594
iforest,onset-aligned,26,-0.161279
iforest,onset-aligned,27,0.0840944
iforest,onset-aligned,28,0.330306
iforest,onset-aligned,29,0.342673
iforest,onset-aligned,30,-0.157444
iforest,onset-aligned,31,-0.16826
iforest,onset-aligned,32,-0.161196
iforest,onset-aligned,33,-0.0768417
iforest,onset-aligned,34,0.00376634
iforest,onset-aligned,35,0.0969452
iforest,onset-aligned,36,-0.169949
iforest,onset-aligned,37,-0.165493
iforest,onset-aligned,38,-0.16627
iforest,onset-aligned,39,0.331993
iforest,onset-aligned,40,0.341533
iforest,onset-aligned,41,0.341533
iforest,onset-aligned,42,-0.182557
iforest,onset-aligned,43,-0.174469
iforest,onset-aligned,44,-0.186014
iforest,onset-aligned,45,-0.130353
iforest,onset-aligned,46,0.180896
iforest,onset-aligned,47,0.185087
iforest,onset-aligned,48,-0.177046
iforest,onset-aligned,49,-0.175192
iforest,onset-aligned,50,-0.178711
iforest,onset-aligned,51,-0.0329121
iforest,onset-aligned,52,0.196726
iforest,onset-aligned,53,0.233598
iforest,onset-aligned,54,-0.173744
iforest,onset-aligned,55,-0.169738
iforest,onset-aligned,56,-0.171442
iforest,onset-aligned,57,-0.109947
iforest,onset-aligned,58,0.187142
iforest,onset-aligned,59,0.187142
iforest,onset-aligned,60,-0.179855
iforest,onset-aligned,61,-0.179403
iforest,onset-aligned,62,-0.172916
iforest,onset-aligned,63,-0.0885618
iforest,onset-aligned,64,0.215317
iforest,onset-aligned,65,0.231401
iforest,onset-aligned,66,-0.177147
iforest,onset-aligned,67,-0.18148
iforest,onset-aligned,68,-0.166824
iforest,onset-aligned,69,-0.0417378
iforest,onset-aligned,70,0.00750794
iforest,onset-aligned,71,0.0360714
iforest,onset-aligned,72,-0.179235
iforest,onset-aligned,73,-0.179072
iforest,onset-aligned,74,-0.176139
iforest,onset-aligned,75,-0.073819
iforest,onset-aligned,76,-0.0310839
iforest,onset-aligned,77,0.0836382
iforest,onset-aligned,78,-0.173668
iforest,onset-aligned,79,-0.168966
iforest,onset-aligned,80,-0.155565
iforest,onset-aligned,81,0.0429736
iforest,onset-aligned,82,0.05723
iforest,onset-aligned,83,0.0851336
iforest,onset-aligned,84,-0.171223
iforest,onset-aligned,85,-0.170253
iforest,onset-aligned,86,-0.166164
iforest,onset-aligned,87,-0.046517
iforest,onset-aligned,88,0.00942445
iforest,onset-aligned,89,0.0162597
iforest,onset-aligned,90,-0.164817
iforest,onset-aligned,91,-0.175979
iforest,onset-aligned,92,-0.153857
iforest,onset-aligned,93,0.0473957
iforest,onset-aligned,94,-0.00442337
iforest,onset-aligned,95,0.0371497
iforest,onset-aligned,96,-0.166899
iforest,onset-aligned,97,-0.168176
iforest,onset-aligned,98,-0.175457
iforest,onset-aligned,99,-0.0827385
iforest,onset-aligned,100,0.0615114
iforest,onset-aligned,101,-0.0408121
iforest,onset-aligned,102,-0.175128
iforest,onset-aligned,103,-0.171002
iforest,onset-aligned,104,-0.159741
iforest,onset-aligned,105,-0.0148406
iforest,onset-aligned,106,0.0100857
iforest,onset-aligned,107,0.00903284
iforest,onset-aligned,108,-0.164473
iforest,onset-aligned,109,-0.165774
iforest,onset-aligned,110,-0.169872
iforest,onset-aligned,111,-0.0834665
iforest,onset-aligned,112,-0.014789
iforest,onset-aligned,113,0.0317511
iforest,onset-aligned,114,-0.170595
iforest,onset-aligned,115,-0.165025
iforest,onset-aligned,116,-0.164045
iforest,onset-aligned,117,-0.0175279
iforest,onset-aligned,118,0.106129
iforest,onset-aligned,119,0.108183
iforest,onset-aligned,120,-0.165553
iforest,onset-aligned,121,-0.175421
iforest,onset-aligned,122,-0.171771
iforest,onset-aligned,123,-0.0244033
iforest,onset-aligned,124,-0.0655951
iforest,onset-aligned,125,-0.0370653
iforest,onset-aligned,126,-0.163119
iforest,onset-aligned,127,-0.180816
iforest,onset-aligned,128,-0.155768
iforest,onset-aligned,129,0.013523
iforest,onset-aligned,130,-0.0845814
iforest,onset-aligned,131,0.0244043
iforest,onset-aligned,132,-0.15994
iforest,onset-aligned,133,-0.179489
iforest,onset-aligned,134,-0.161932
iforest,onset-aligned,135,0.0140003
iforest,onset-aligned,136,0.19916
iforest,onset-aligned,137,0.0514406
iforest,onset-aligned,138,-0.159656
iforest,onset-aligned,139,-0.16148
iforest,onset-aligned,140,-0.174645
iforest,onset-aligned,141,0.0240399
iforest,onset-aligned,142,0.0416099
iforest,onset-aligned,143,-0.00784819
iforest,onset-aligned,144,-0.171246
iforest,onset-aligned,145,-0.163062
iforest,onset-aligned,146,-0.180077
iforest,onset-aligned,147,-0.0932241
iforest,onset-aligned,148,-0.0192384
iforest,onset-aligned,149,-0.0291021
iforest,onset-aligned,150,-0.167157
iforest,onset-aligned,151,-0.184568
iforest,onset-aligned,152,-0.168163
iforest,onset-aligned,153,-0.0946193
iforest,onset-aligned,154,0.0735365
iforest,onset-aligned,155,0.219313
iforest,onset-aligned,156,-0.184526
iforest,onset-aligned,157,-0.188887
iforest,onset-aligned,158,-0.170741
iforest,onset-aligned,159,0.05436
iforest,onset-aligned,160,0.0754426
iforest,onset-aligned,161,0.134878
iforest,onset-aligned,162,-0.184308
iforest,onset-aligned,163,-0.184681
iforest,onset-aligned,164,-0.16826
iforest,onset-aligned,165,-0.00962691
iforest,onset-aligned,166,0.0743082
iforest,onset-aligned,167,0.0593522
iforest,onset-aligned,168,-0.183712
iforest,onset-aligned,169,-0.172519
iforest,onset-aligned,170,-0.176306
iforest,onset-aligned,171,-0.151702
iforest,onset-aligned,172,-0.101893
iforest,onset-aligned,173,-0.0819497
iforest,onset-aligned,174,-0.178441
iforest,onset-aligned,175,-0.177762
iforest,onset-aligned,176,-0.160859
iforest,onset-aligned,177,0.0208062
iforest,onset-aligned,178,-0.047561
iforest,onset-aligned,179,-0.0844087
iforest,onset-aligned,180,-0.174868
iforest,onset-aligned,181,-0.17307
iforest,onset-aligned,182,-0.175639
iforest,onset-aligned,183,-0.0828918
iforest,onset-aligned,184,-0.0669571
iforest,onset-aligned,185,-0.046417
iforest,onset-aligned,186,-0.177405
iforest,onset-aligned,187,-0.176522
iforest,onset-aligned,188,-0.179526
iforest,onset-aligned,189,-0.0738308
iforest,onset-aligned,190,0.0926581
iforest,onset-aligned,191,0.0787526
iforest,onset-aligned,192,-0.184627
iforest,onset-aligned,193,-0.16928
iforest,onset-aligned,194,-0.170265
iforest,onset-aligned,195,-0.00332519
iforest,onset-aligned,196,-0.0168602
iforest,onset-aligned,197,0.022759
iforest,onset-aligned,198,-0.170936
iforest,onset-aligned,199,-0.181525
iforest,onset-aligned,200,-0.170048
iforest,onset-aligned,201,-0.013501
iforest,onset-aligned,202,0.168264
iforest,onset-aligned,203,0.180033
iforest,onset-aligned,204,-0.167767
iforest,onset-aligned,205,-0.173333
iforest,onset-aligned,206,-0.171326
iforest,onset-aligned,207,-0.071638
iforest,onset-aligned,208,-0.0695584
iforest,onset-aligned,209,0.0145824
iforest,onset-aligned,210,-0.168026
iforest,onset-aligned,211,-0.175918
iforest,onset-aligned,212,-0.167239
iforest,onset-aligned,213,-0.122583
iforest,onset-aligned,214,-0.132394
iforest,onset-aligned,215,-0.0701218
iforest,onset-aligned,216,-0.168154
iforest,onset-aligned,217,-0.177143
iforest,onset-aligned,218,-0.170897
iforest,onset-aligned,219,-0.0947493
iforest,onset-aligned,220,-0.0500874
iforest,onset-aligned,221,0.00833359
iforest,onset-aligned,222,-0.172101
iforest,onset-aligned,223,-0.174902
iforest,onset-aligned,224,-0.163778
iforest,onset-aligned,225,-0.102753
iforest,onset-aligned,226,0.137485
iforest,onset-aligned,227,0.139007
iforest,onset-aligned,228,-0.171865
iforest,onset-aligned,229,-0.165429
iforest,onset-aligned,230,-0.175273
iforest,onset-aligned,231,0.0220397
iforest,onset-aligned,232,0.255571
iforest,onset-aligned,233,0.242391
iforest,onset-aligned,234,-0.142965
iforest,onset-aligned,235,-0.167575
iforest,onset-aligned,236,-0.161469
iforest,onset-aligned,237,0.0287165
iforest,onset-aligned,238,0.272321
iforest,onset-aligned,239,0.299999
iforest,onset-aligned,240,-0.161986
iforest,onset-aligned,241,-0.160321
iforest,onset-aligned,242,-0.15149
iforest,onset-aligned,243,-0.0843743
iforest,onset-aligned,244,0.18226
iforest,onset-aligned,245,0.19516
iforest,onset-aligned,246,-0.178916
iforest,onset-aligned,247,-0.18961
iforest,onset-aligned,248,-0.175348
iforest,onset-aligned,249,-0.153768
iforest,onset-aligned,250,0.307513
iforest,onset-aligned,251,0.31575
iforest,onset-aligned,252,-0.169923
iforest,onset-aligned,253,-0.189322
iforest,onset-aligned,254,-0.154419
iforest,onset-aligned,255,-0.0418994
iforest,onset-aligned,256,0.227762
iforest,onset-aligned,257,0.242605
iforest,onset-aligned,258,-0.168513
iforest,onset-aligned,259,-0.178687
iforest,onset-aligned,260,-0.168762
iforest,onset-aligned,261,-0.0654517
iforest,onset-aligned,262,0.00811294
iforest,onset-aligned,263,-0.0263645
iforest,onset-aligned,264,-0.174286
iforest,onset-aligned,265,-0.173856
iforest,onset-aligned,266,-0.175782
iforest,onset-aligned,267,-0.0764733
iforest,onset-aligned,268,-0.0440943
iforest,onset-aligned,269,-0.0298827
iforest,onset-aligned,270,-0.181941
iforest,onset-aligned,271,-0.180797
iforest,onset-aligned,272,-0.185439
iforest,onset-aligned,273,-0.114602
iforest,onset-aligned,274,-0.0600543
iforest,onset-aligned,275,0.0199613
iforest,onset-aligned,276,-0.169794
iforest,onset-aligned,277,-0.179927
iforest,onset-aligned,278,-0.16445
iforest,onset-aligned,279,-0.05637
iforest,onset-aligned,280,0.239531
iforest,onset-aligned,281,0.261377
iforest,onset-aligned,282,-0.169449
iforest,onset-aligned,283,-0.176943
iforest,onset-aligned,284,-0.168543
iforest,onset-aligned,285,-0.156509
iforest,onset-aligned,286,-0.0280782
iforest,onset-aligned,287,-0.0292701
clock,onset-aligned,0,8
clock,onset-aligned,1,9
clock,onset-aligned,2,10
clock,onset-aligned,3,11
clock,onset-aligned,4,13
clock,onset-aligned,5,14
clock,onset-aligned,6,5
clock,onset-aligned,7,6
clock,onset-aligned,8,7
clock,onset-aligned,9,8
clock,onset-aligned,10,10
clock,onset-aligned,11,11
clock,onset-aligned,12,0
clock,onset-aligned,13,1
clock,onset-aligned,14,2
clock,onset-aligned,15,3
clock,onset-aligned,16,5
clock,onset-aligned,17,6
clock,onset-aligned,18,11
clock,onset-aligned,19,12
clock,onset-aligned,20,13
clock,onset-aligned,21,14
clock,onset-aligned,22,16
clock,onset-aligned,23,17
clock,onset-aligned,24,7
clock,onset-aligned,25,8
clock,onset-aligned,26,9
clock,onset-aligned,27,10
clock,onset-aligned,28,12
clock,onset-aligned,29,13
clock,onset-aligned,30,1
clock,onset-aligned,31,2
clock,onset-aligned,32,3
clock,onset-aligned,33,4
clock,onset-aligned,34,6
clock,onset-aligned,35,7
clock,onset-aligned,36,0
clock,onset-aligned,37,1
clock,onset-aligned,38,2
clock,onset-aligned,39,3
clock,onset-aligned,40,5
clock,onset-aligned,41,6
clock,onset-aligned,42,24
clock,onset-aligned,43,25
clock,onset-aligned,44,26
clock,onset-aligned,45,27
clock,onset-aligned,46,29
clock,onset-aligned,47,30
clock,onset-aligned,48,7
clock,onset-aligned,49,8
clock,onset-aligned,50,9
clock,onset-aligned,51,10
clock,onset-aligned,52,12
clock,onset-aligned,53,13
clock,onset-aligned,54,10
clock,onset-aligned,55,11
clock,onset-aligned,56,12
clock,onset-aligned,57,13
clock,onset-aligned,58,15
clock,onset-aligned,59,16
clock,onset-aligned,60,10
clock,onset-aligned,61,11
clock,onset-aligned,62,12
clock,onset-aligned,63,13
clock,onset-aligned,64,15
clock,onset-aligned,65,16
clock,onset-aligned,66,0
clock,onset-aligned,67,1
clock,onset-aligned,68,2
clock,onset-aligned,69,3
clock,onset-aligned,70,5
clock,onset-aligned,71,6
clock,onset-aligned,72,3
clock,onset-aligned,73,4
clock,onset-aligned,74,5
clock,onset-aligned,75,6
clock,onset-aligned,76,8
clock,onset-aligned,77,9
clock,onset-aligned,78,18
clock,onset-aligned,79,19
clock,onset-aligned,80,20
clock,onset-aligned,81,21
clock,onset-aligned,82,23
clock,onset-aligned,83,24
clock,onset-aligned,84,3
clock,onset-aligned,85,4
clock,onset-aligned,86,5
clock,onset-aligned,87,6
clock,onset-aligned,88,8
clock,onset-aligned,89,9
clock,onset-aligned,90,5
clock,onset-aligned,91,6
clock,onset-aligned,92,7
clock,onset-aligned,93,8
clock,onset-aligned,94,10
clock,onset-aligned,95,11
clock,onset-aligned,96,9
clock,onset-aligned,97,10
clock,onset-aligned,98,11
clock,onset-aligned,99,12
clock,onset-aligned,100,14
clock,onset-aligned,101,15
clock,onset-aligned,102,17
clock,onset-aligned,103,18
clock,onset-aligned,104,19
clock,onset-aligned,105,20
clock,onset-aligned,106,22
clock,onset-aligned,107,23
clock,onset-aligned,108,5
clock,onset-aligned,109,6
clock,onset-aligned,110,7
clock,onset-aligned,111,8
clock,onset-aligned,112,10
clock,onset-aligned,113,11
clock,onset-aligned,114,24
clock,onset-aligned,115,25
clock,onset-aligned,116,26
clock,onset-aligned,117,27
clock,onset-aligned,118,29
clock,onset-aligned,119,30
clock,onset-aligned,120,2
clock,onset-aligned,121,3
clock,onset-aligned,122,4
clock,onset-aligned,123,5
clock,onset-aligned,124,7
clock,onset-aligned,125,8
clock,onset-aligned,126,4
clock,onset-aligned,127,5
clock,onset-aligned,128,6
clock,onset-aligned,129,7
clock,onset-aligned,130,9
clock,onset-aligned,131,10
clock,onset-aligned,132,14
clock,onset-aligned,133,15
clock,onset-aligned,134,16
clock,onset-aligned,135,17
clock,onset-aligned,136,19
clock,onset-aligned,137,20
clock,onset-aligned,138,14
clock,onset-aligned,139,15
clock,onset-aligned,140,16
clock,onset-aligned,141,17
clock,onset-aligned,142,19
clock,onset-aligned,143,20
clock,onset-aligned,144,2
clock,onset-aligned,145,3
clock,onset-aligned,146,4
clock,onset-aligned,147,5
clock,onset-aligned,148,7
clock,onset-aligned,149,8
clock,onset-aligned,150,3
clock,onset-aligned,151,4
clock,onset-aligned,152,5
clock,onset-aligned,153,6
clock,onset-aligned,154,8
clock,onset-aligned,155,9
clock,onset-aligned,156,7
clock,onset-aligned,157,8
clock,onset-aligned,158,9
clock,onset-aligned,159,10
clock,onset-aligned,160,12
clock,onset-aligned,161,13
clock,onset-aligned,162,5
clock,onset-aligned,163,6
clock,onset-aligned,164,7
clock,onset-aligned,165,8
clock,onset-aligned,166,10
clock,onset-aligned,167,11
clock,onset-aligned,168,0
clock,onset-aligned,169,1
clock,onset-aligned,170,2
clock,onset-aligned,171,3
clock,onset-aligned,172,5
clock,onset-aligned,173,6
clock,onset-aligned,174,5
clock,onset-aligned,175,6
clock,onset-aligned,176,7
clock,onset-aligned,177,8
clock,onset-aligned,178,10
clock,onset-aligned,179,11
clock,onset-aligned,180,14
clock,onset-aligned,181,15
clock,onset-aligned,182,16
clock,onset-aligned,183,17
clock,onset-aligned,184,19
clock,onset-aligned,185,20
clock,onset-aligned,186,1
clock,onset-aligned,187,2
clock,onset-aligned,188,3
clock,onset-aligned,189,4
clock,onset-aligned,190,6
clock,onset-aligned,191,7
clock,onset-aligned,192,2
clock,onset-aligned,193,3
clock,onset-aligned,194,4
clock,onset-aligned,195,5
clock,onset-aligned,196,7
clock,onset-aligned,197,8
clock,onset-aligned,198,19
clock,onset-aligned,199,20
clock,onset-aligned,200,21
clock,onset-aligned,201,22
clock,onset-aligned,202,24
clock,onset-aligned,203,25
clock,onset-aligned,204,1
clock,onset-aligned,205,2
clock,onset-aligned,206,3
clock,onset-aligned,207,4
clock,onset-aligned,208,6
clock,onset-aligned,209,7
clock,onset-aligned,210,32
clock,onset-aligned,211,33
clock,onset-aligned,212,34
clock,onset-aligned,213,35
clock,onset-aligned,214,37
clock,onset-aligned,215,38
clock,onset-aligned,216,61
clock,onset-aligned,217,62
clock,onset-aligned,218,63
clock,onset-aligned,219,64
clock,onset-aligned,220,66
clock,onset-aligned,221,67
clock,onset-aligned,222,9
clock,onset-aligned,223,10
clock,onset-aligned,224,11
clock,onset-aligned,225,12
clock,onset-aligned,226,14
clock,onset-aligned,227,15
clock,onset-aligned,228,8
clock,onset-aligned,229,9
clock,onset-aligned,230,10
clock,onset-aligned,231,11
clock,onset-aligned,232,13
clock,onset-aligned,233,14
clock,onset-aligned,234,11
clock,onset-aligned,235,12
clock,onset-aligned,236,13
clock,onset-aligned,237,14
clock,onset-aligned,238,16
clock,onset-aligned,239,17
clock,onset-aligned,240,4
clock,onset-aligned,241,5
clock,onset-aligned,242,6
clock,onset-aligned,243,7
clock,onset-aligned,244,9
clock,onset-aligned,245,10
clock,onset-aligned,246,3
clock,onset-aligned,247,4
clock,onset-aligned,248,5
clock,onset-aligned,249,6
clock,onset-aligned,250,8
clock,onset-aligned,251,9
clock,onset-aligned,252,6
clock,onset-aligned,253,7
clock,onset-aligned,254,8
clock,onset-aligned,255,9
clock,onset-aligned,256,11
clock,onset-aligned,257,12
clock,onset-aligned,258,0
clock,onset-aligned,259,1
clock,onset-aligned,260,2
clock,onset-aligned,261,3
clock,onset-aligned,262,5
clock,onset-aligned,263,6
clock,onset-aligned,264,0
clock,onset-aligned,265,1
clock,onset-aligned,266,2
clock,onset-aligned,267,3
clock,onset-aligned,268,5
clock,onset-aligned,269,6
clock,onset-aligned,270,0
clock,onset-aligned,271,1
clock,onset-aligned,272,2
clock,onset-aligned,273,3
clock,onset-aligned,274,5
clock,onset-aligned,275,6
clock,onset-aligned,276,1
clock,onset-aligned,277,2
clock,onset-aligned,278,3
clock,onset-aligned,279,4
clock,onset-aligned,280,6
clock,onset-aligned,281,7
clock,onset-aligned,282,0
clock,onset-aligned,283,1
clock,onset-aligned,284,2
clock,onset-aligned,285,3
clock,onset-aligned,286,5
clock,onset-aligned,287,6
clock_flat,onset-aligned,0,13
clock_flat,onset-aligned,1,13
clock_flat,onset-aligned,2,13
clock_flat,onset-aligned,3,13
clock_flat,onset-aligned,4,13
clock_flat,onset-aligned,5,13
clock_flat,onset-aligned,6,10
clock_flat,onset-aligned,7,10
clock_flat,onset-aligned,8,10
clock_flat,onset-aligned,9,10
clock_flat,onset-aligned,10,10
clock_flat,onset-aligned,11,10
clock_flat,onset-aligned,12,5
clock_flat,onset-aligned,13,5
clock_flat,onset-aligned,14,5
clock_flat,onset-aligned,15,5
clock_flat,onset-aligned,16,5
clock_flat,onset-aligned,17,5
clock_flat,onset-aligned,18,16
clock_flat,onset-aligned,19,16
clock_flat,onset-aligned,20,16
clock_flat,onset-aligned,21,16
clock_flat,onset-aligned,22,16
clock_flat,onset-aligned,23,16
clock_flat,onset-aligned,24,12
clock_flat,onset-aligned,25,12
clock_flat,onset-aligned,26,12
clock_flat,onset-aligned,27,12
clock_flat,onset-aligned,28,12
clock_flat,onset-aligned,29,12
clock_flat,onset-aligned,30,6
clock_flat,onset-aligned,31,6
clock_flat,onset-aligned,32,6
clock_flat,onset-aligned,33,6
clock_flat,onset-aligned,34,6
clock_flat,onset-aligned,35,6
clock_flat,onset-aligned,36,5
clock_flat,onset-aligned,37,5
clock_flat,onset-aligned,38,5
clock_flat,onset-aligned,39,5
clock_flat,onset-aligned,40,5
clock_flat,onset-aligned,41,5
clock_flat,onset-aligned,42,29
clock_flat,onset-aligned,43,29
clock_flat,onset-aligned,44,29
clock_flat,onset-aligned,45,29
clock_flat,onset-aligned,46,29
clock_flat,onset-aligned,47,29
clock_flat,onset-aligned,48,12
clock_flat,onset-aligned,49,12
clock_flat,onset-aligned,50,12
clock_flat,onset-aligned,51,12
clock_flat,onset-aligned,52,12
clock_flat,onset-aligned,53,12
clock_flat,onset-aligned,54,15
clock_flat,onset-aligned,55,15
clock_flat,onset-aligned,56,15
clock_flat,onset-aligned,57,15
clock_flat,onset-aligned,58,15
clock_flat,onset-aligned,59,15
clock_flat,onset-aligned,60,15
clock_flat,onset-aligned,61,15
clock_flat,onset-aligned,62,15
clock_flat,onset-aligned,63,15
clock_flat,onset-aligned,64,15
clock_flat,onset-aligned,65,15
clock_flat,onset-aligned,66,5
clock_flat,onset-aligned,67,5
clock_flat,onset-aligned,68,5
clock_flat,onset-aligned,69,5
clock_flat,onset-aligned,70,5
clock_flat,onset-aligned,71,5
clock_flat,onset-aligned,72,8
clock_flat,onset-aligned,73,8
clock_flat,onset-aligned,74,8
clock_flat,onset-aligned,75,8
clock_flat,onset-aligned,76,8
clock_flat,onset-aligned,77,8
clock_flat,onset-aligned,78,23
clock_flat,onset-aligned,79,23
clock_flat,onset-aligned,80,23
clock_flat,onset-aligned,81,23
clock_flat,onset-aligned,82,23
clock_flat,onset-aligned,83,23
clock_flat,onset-aligned,84,8
clock_flat,onset-aligned,85,8
clock_flat,onset-aligned,86,8
clock_flat,onset-aligned,87,8
clock_flat,onset-aligned,88,8
clock_flat,onset-aligned,89,8
clock_flat,onset-aligned,90,10
clock_flat,onset-aligned,91,10
clock_flat,onset-aligned,92,10
clock_flat,onset-aligned,93,10
clock_flat,onset-aligned,94,10
clock_flat,onset-aligned,95,10
clock_flat,onset-aligned,96,14
clock_flat,onset-aligned,97,14
clock_flat,onset-aligned,98,14
clock_flat,onset-aligned,99,14
clock_flat,onset-aligned,100,14
clock_flat,onset-aligned,101,14
clock_flat,onset-aligned,102,22
clock_flat,onset-aligned,103,22
clock_flat,onset-aligned,104,22
clock_flat,onset-aligned,105,22
clock_flat,onset-aligned,106,22
clock_flat,onset-aligned,107,22
clock_flat,onset-aligned,108,10
clock_flat,onset-aligned,109,10
clock_flat,onset-aligned,110,10
clock_flat,onset-aligned,111,10
clock_flat,onset-aligned,112,10
clock_flat,onset-aligned,113,10
clock_flat,onset-aligned,114,29
clock_flat,onset-aligned,115,29
clock_flat,onset-aligned,116,29
clock_flat,onset-aligned,117,29
clock_flat,onset-aligned,118,29
clock_flat,onset-aligned,119,29
clock_flat,onset-aligned,120,7
clock_flat,onset-aligned,121,7
clock_flat,onset-aligned,122,7
clock_flat,onset-aligned,123,7
clock_flat,onset-aligned,124,7
clock_flat,onset-aligned,125,7
clock_flat,onset-aligned,126,9
clock_flat,onset-aligned,127,9
clock_flat,onset-aligned,128,9
clock_flat,onset-aligned,129,9
clock_flat,onset-aligned,130,9
clock_flat,onset-aligned,131,9
clock_flat,onset-aligned,132,19
clock_flat,onset-aligned,133,19
clock_flat,onset-aligned,134,19
clock_flat,onset-aligned,135,19
clock_flat,onset-aligned,136,19
clock_flat,onset-aligned,137,19
clock_flat,onset-aligned,138,19
clock_flat,onset-aligned,139,19
clock_flat,onset-aligned,140,19
clock_flat,onset-aligned,141,19
clock_flat,onset-aligned,142,19
clock_flat,onset-aligned,143,19
clock_flat,onset-aligned,144,7
clock_flat,onset-aligned,145,7
clock_flat,onset-aligned,146,7
clock_flat,onset-aligned,147,7
clock_flat,onset-aligned,148,7
clock_flat,onset-aligned,149,7
clock_flat,onset-aligned,150,8
clock_flat,onset-aligned,151,8
clock_flat,onset-aligned,152,8
clock_flat,onset-aligned,153,8
clock_flat,onset-aligned,154,8
clock_flat,onset-aligned,155,8
clock_flat,onset-aligned,156,12
clock_flat,onset-aligned,157,12
clock_flat,onset-aligned,158,12
clock_flat,onset-aligned,159,12
clock_flat,onset-aligned,160,12
clock_flat,onset-aligned,161,12
clock_flat,onset-aligned,162,10
clock_flat,onset-aligned,163,10
clock_flat,onset-aligned,164,10
clock_flat,onset-aligned,165,10
clock_flat,onset-aligned,166,10
clock_flat,onset-aligned,167,10
clock_flat,onset-aligned,168,5
clock_flat,onset-aligned,169,5
clock_flat,onset-aligned,170,5
clock_flat,onset-aligned,171,5
clock_flat,onset-aligned,172,5
clock_flat,onset-aligned,173,5
clock_flat,onset-aligned,174,10
clock_flat,onset-aligned,175,10
clock_flat,onset-aligned,176,10
clock_flat,onset-aligned,177,10
clock_flat,onset-aligned,178,10
clock_flat,onset-aligned,179,10
clock_flat,onset-aligned,180,19
clock_flat,onset-aligned,181,19
clock_flat,onset-aligned,182,19
clock_flat,onset-aligned,183,19
clock_flat,onset-aligned,184,19
clock_flat,onset-aligned,185,19
clock_flat,onset-aligned,186,6
clock_flat,onset-aligned,187,6
clock_flat,onset-aligned,188,6
clock_flat,onset-aligned,189,6
clock_flat,onset-aligned,190,6
clock_flat,onset-aligned,191,6
clock_flat,onset-aligned,192,7
clock_flat,onset-aligned,193,7
clock_flat,onset-aligned,194,7
clock_flat,onset-aligned,195,7
clock_flat,onset-aligned,196,7
clock_flat,onset-aligned,197,7
clock_flat,onset-aligned,198,24
clock_flat,onset-aligned,199,24
clock_flat,onset-aligned,200,24
clock_flat,onset-aligned,201,24
clock_flat,onset-aligned,202,24
clock_flat,onset-aligned,203,24
clock_flat,onset-aligned,204,6
clock_flat,onset-aligned,205,6
clock_flat,onset-aligned,206,6
clock_flat,onset-aligned,207,6
clock_flat,onset-aligned,208,6
clock_flat,onset-aligned,209,6
clock_flat,onset-aligned,210,37
clock_flat,onset-aligned,211,37
clock_flat,onset-aligned,212,37
clock_flat,onset-aligned,213,37
clock_flat,onset-aligned,214,37
clock_flat,onset-aligned,215,37
clock_flat,onset-aligned,216,66
clock_flat,onset-aligned,217,66
clock_flat,onset-aligned,218,66
clock_flat,onset-aligned,219,66
clock_flat,onset-aligned,220,66
clock_flat,onset-aligned,221,66
clock_flat,onset-aligned,222,14
clock_flat,onset-aligned,223,14
clock_flat,onset-aligned,224,14
clock_flat,onset-aligned,225,14
clock_flat,onset-aligned,226,14
clock_flat,onset-aligned,227,14
clock_flat,onset-aligned,228,13
clock_flat,onset-aligned,229,13
clock_flat,onset-aligned,230,13
clock_flat,onset-aligned,231,13
clock_flat,onset-aligned,232,13
clock_flat,onset-aligned,233,13
clock_flat,onset-aligned,234,16
clock_flat,onset-aligned,235,16
clock_flat,onset-aligned,236,16
clock_flat,onset-aligned,237,16
clock_flat,onset-aligned,238,16
clock_flat,onset-aligned,239,16
clock_flat,onset-aligned,240,9
clock_flat,onset-aligned,241,9
clock_flat,onset-aligned,242,9
clock_flat,onset-aligned,243,9
clock_flat,onset-aligned,244,9
clock_flat,onset-aligned,245,9
clock_flat,onset-aligned,246,8
clock_flat,onset-aligned,247,8
clock_flat,onset-aligned,248,8
clock_flat,onset-aligned,249,8
clock_flat,onset-aligned,250,8
clock_flat,onset-aligned,251,8
clock_flat,onset-aligned,252,11
clock_flat,onset-aligned,253,11
clock_flat,onset-aligned,254,11
clock_flat,onset-aligned,255,11
clock_flat,onset-aligned,256,11
clock_flat,onset-aligned,257,11
clock_flat,onset-aligned,258,5
clock_flat,onset-aligned,259,5
clock_flat,onset-aligned,260,5
clock_flat,onset-aligned,261,5
clock_flat,onset-aligned,262,5
clock_flat,onset-aligned,263,5
clock_flat,onset-aligned,264,5
clock_flat,onset-aligned,265,5
clock_flat,onset-aligned,266,5
clock_flat,onset-aligned,267,5
clock_flat,onset-aligned,268,5
clock_flat,onset-aligned,269,5
clock_flat,onset-aligned,270,5
clock_flat,onset-aligned,271,5
clock_flat,onset-aligned,272,5
clock_flat,onset-aligned,273,5
clock_flat,onset-aligned,274,5
clock_flat,onset-aligned,275,5
clock_flat,onset-aligned,276,6
clock_flat,onset-aligned,277,6
clock_flat,onset-aligned,278,6
clock_flat,onset-aligned,279,6
clock_flat,onset-aligned,280,6
clock_flat,onset-aligned,281,6
clock_flat,onset-aligned,282,5
clock_flat,onset-aligned,283,5
clock_flat,onset-aligned,284,5
clock_flat,onset-aligned,285,5
clock_flat,onset-aligned,286,5
clock_flat,onset-aligned,287,5
