tool,design,split,fold,variant,n_windows,n_scored,n_refused,n_refused_by_design,refused_frac,roc_auc,pr_auc,precision_at_recall_50,n_pos,n_neg,refusal
mad,pooled-cross-well,well,0,all,1688,1688,0,0,0.0,0.5866,0.623,0.7835,691,997,
mad,pooled-cross-well,well,0,no_folder9,1593,1593,0,0,0.0,0.5979,0.6545,0.8492,691,902,
mad,pooled-cross-well,well,0,no_transients,1118,1118,0,0,0.0,0.0719,0.0606,0.109,121,997,
mad,pooled-cross-well,well,0,no_folder9_no_transients,1023,1023,0,0,0.0,0.076,0.0673,0.1192,121,902,
regime,pooled-cross-well,well,0,all,1688,1663,25,0,0.0148,0.5962,0.6919,0.8722,666,997,
regime,pooled-cross-well,well,0,no_folder9,1593,1568,25,0,0.0157,0.5968,0.7032,0.8722,666,902,
regime,pooled-cross-well,well,0,no_transients,1118,1118,0,0,0.0,0.062,0.0917,0.1091,121,997,
regime,pooled-cross-well,well,0,no_folder9_no_transients,1023,1023,0,0,0.0,0.0651,0.0976,0.1193,121,902,
population,pooled-cross-well,well,0,all,1688,0,1688,0,1.0,,,,0,0,every window in this fold was refused
population,pooled-cross-well,well,0,no_folder9,1593,0,1593,0,1.0,,,,0,0,every window in this fold was refused
population,pooled-cross-well,well,0,no_transients,1118,0,1118,0,1.0,,,,0,0,every window in this fold was refused
population,pooled-cross-well,well,0,no_folder9_no_transients,1023,0,1023,0,1.0,,,,0,0,every window in this fold was refused
spc,pooled-cross-well,well,0,all,1688,1688,0,0,0.0,0.4816,0.5,0.4979,691,997,
spc,pooled-cross-well,well,0,no_folder9,1593,1593,0,0,0.0,0.5022,0.5574,0.5714,691,902,
spc,pooled-cross-well,well,0,no_transients,1118,1118,0,0,0.0,0.1079,0.0657,0.1082,121,997,
spc,pooled-cross-well,well,0,no_folder9_no_transients,1023,1023,0,0,0.0,0.1163,0.0838,0.1183,121,902,
mspc_t2,pooled-cross-well,well,0,all,1688,54,1634,0,0.968,0.7347,0.711,0.8667,24,30,
mspc_t2,pooled-cross-well,well,0,no_folder9,1593,39,1554,0,0.9755,0.875,0.9506,1.0,24,15,
mspc_t2,pooled-cross-well,well,0,no_transients,1118,31,1087,0,0.9723,0.9667,0.5,0.5,1,30,
mspc_t2,pooled-cross-well,well,0,no_folder9_no_transients,1023,16,1007,0,0.9844,1.0,1.0,1.0,1,15,
mspc_spe,pooled-cross-well,well,0,all,1688,54,1634,0,0.968,0.8264,0.8423,1.0,24,30,
mspc_spe,pooled-cross-well,well,0,no_folder9,1593,39,1554,0,0.9755,1.0,1.0,1.0,24,15,
mspc_spe,pooled-cross-well,well,0,no_transients,1118,31,1087,0,0.9723,1.0,1.0,1.0,1,30,
mspc_spe,pooled-cross-well,well,0,no_folder9_no_transients,1023,16,1007,0,0.9844,1.0,1.0,1.0,1,15,
iforest,pooled-cross-well,well,0,all,1688,1688,0,0,0.0,0.4423,0.4393,0.4108,691,997,
iforest,pooled-cross-well,well,0,no_folder9,1593,1593,0,0,0.0,0.4741,0.5292,0.4354,691,902,
iforest,pooled-cross-well,well,0,no_transients,1118,1118,0,0,0.0,0.5683,0.1273,0.1578,121,997,
iforest,pooled-cross-well,well,0,no_folder9_no_transients,1023,1023,0,0,0.0,0.6201,0.1785,0.2054,121,902,
mad,"pooled-cross-well, own-history windows",well,0,all,900,900,0,0,0.0,0.6298,0.7659,0.8212,573,327,
mad,"pooled-cross-well, own-history windows",well,0,no_folder9,835,835,0,0,0.0,0.6469,0.8015,0.8809,573,262,
mad,"pooled-cross-well, own-history windows",well,0,no_transients,333,333,0,0,0.0,0.5229,0.0331,0.0354,6,327,
mad,"pooled-cross-well, own-history windows",well,0,no_folder9_no_transients,268,268,0,0,0.0,0.5757,0.047,0.0702,6,262,
mad,"pooled-cross-well, own-history windows",well,0,no_positive_baseline,900,900,0,0,0.0,0.6298,0.7659,0.8212,573,327,
regime,"pooled-cross-well, own-history windows",well,0,all,900,875,25,0,0.0278,0.6914,0.8408,0.8961,548,327,
regime,"pooled-cross-well, own-history windows",well,0,no_folder9,835,810,25,0,0.0299,0.6856,0.8569,0.8961,548,262,
regime,"pooled-cross-well, own-history windows",well,0,no_transients,333,333,0,0,0.0,0.7023,0.6728,1.0,6,327,
regime,"pooled-cross-well, own-history windows",well,0,no_folder9_no_transients,268,268,0,0,0.0,0.7112,0.6746,1.0,6,262,
regime,"pooled-cross-well, own-history windows",well,0,no_positive_baseline,900,875,25,0,0.0278,0.6914,0.8408,0.8961,548,327,
population,"pooled-cross-well, own-history windows",well,0,all,900,0,900,0,1.0,,,,0,0,every window in this fold was refused
population,"pooled-cross-well, own-history windows",well,0,no_folder9,835,0,835,0,1.0,,,,0,0,every window in this fold was refused
population,"pooled-cross-well, own-history windows",well,0,no_transients,333,0,333,0,1.0,,,,0,0,every window in this fold was refused
population,"pooled-cross-well, own-history windows",well,0,no_folder9_no_transients,268,0,268,0,1.0,,,,0,0,every window in this fold was refused
population,"pooled-cross-well, own-history windows",well,0,no_positive_baseline,900,0,900,0,1.0,,,,0,0,every window in this fold was refused
spc,"pooled-cross-well, own-history windows",well,0,all,900,900,0,0,0.0,0.5169,0.7084,0.6845,573,327,
spc,"pooled-cross-well, own-history windows",well,0,no_folder9,835,835,0,0,0.0,0.5631,0.7829,0.7817,573,262,
spc,"pooled-cross-well, own-history windows",well,0,no_transients,333,333,0,0,0.0,0.6111,0.2928,0.026,6,327,
spc,"pooled-cross-well, own-history windows",well,0,no_folder9_no_transients,268,268,0,0,0.0,0.6807,0.3559,0.0394,6,262,
spc,"pooled-cross-well, own-history windows",well,0,no_positive_baseline,900,900,0,0,0.0,0.5169,0.7084,0.6845,573,327,
mspc_t2,"pooled-cross-well, own-history windows",well,0,all,900,45,855,0,0.95,0.7857,0.8732,1.0,24,21,
mspc_t2,"pooled-cross-well, own-history windows",well,0,no_folder9,835,36,799,0,0.9569,0.875,0.9571,1.0,24,12,
mspc_t2,"pooled-cross-well, own-history windows",well,0,no_transients,333,22,311,0,0.9339,1.0,1.0,1.0,1,21,
mspc_t2,"pooled-cross-well, own-history windows",well,0,no_folder9_no_transients,268,13,255,0,0.9515,1.0,1.0,1.0,1,12,
mspc_t2,"pooled-cross-well, own-history windows",well,0,no_positive_baseline,900,45,855,0,0.95,0.7857,0.8732,1.0,24,21,
mspc_spe,"pooled-cross-well, own-history windows",well,0,all,900,45,855,0,0.95,0.8571,0.8977,1.0,24,21,
mspc_spe,"pooled-cross-well, own-history windows",well,0,no_folder9,835,36,799,0,0.9569,1.0,1.0,1.0,24,12,
mspc_spe,"pooled-cross-well, own-history windows",well,0,no_transients,333,22,311,0,0.9339,1.0,1.0,1.0,1,21,
mspc_spe,"pooled-cross-well, own-history windows",well,0,no_folder9_no_transients,268,13,255,0,0.9515,1.0,1.0,1.0,1,12,
mspc_spe,"pooled-cross-well, own-history windows",well,0,no_positive_baseline,900,45,855,0,0.95,0.8571,0.8977,1.0,24,21,
iforest,"pooled-cross-well, own-history windows",well,0,all,900,900,0,0,0.0,0.3879,0.6029,0.6384,573,327,
iforest,"pooled-cross-well, own-history windows",well,0,no_folder9,835,835,0,0,0.0,0.4465,0.7081,0.6884,573,262,
iforest,"pooled-cross-well, own-history windows",well,0,no_transients,333,333,0,0,0.0,0.842,0.0799,0.1,6,327,
iforest,"pooled-cross-well, own-history windows",well,0,no_folder9_no_transients,268,268,0,0,0.0,0.9186,0.135,0.1875,6,262,
iforest,"pooled-cross-well, own-history windows",well,0,no_positive_baseline,900,900,0,0,0.0,0.3879,0.6029,0.6384,573,327,
mad,pooled-cross-well,well,1,all,1533,1533,0,0,0.0,0.1778,0.4863,0.6633,1009,524,
mad,pooled-cross-well,well,1,no_folder9,1442,1442,0,0,0.0,0.1843,0.527,0.7006,1003,439,
mad,pooled-cross-well,well,1,no_transients,587,587,0,0,0.0,0.5315,0.1303,0.2603,63,524,
mad,pooled-cross-well,well,1,no_folder9_no_transients,501,501,0,0,0.0,0.5153,0.1372,0.2603,62,439,
regime,pooled-cross-well,well,1,all,1533,1524,9,0,0.0059,0.1576,0.4953,0.657,1000,524,
regime,pooled-cross-well,well,1,no_folder9,1442,1433,9,0,0.0062,0.164,0.5329,0.6946,994,439,
regime,pooled-cross-well,well,1,no_transients,587,578,9,0,0.0153,0.7076,0.1525,0.256,54,524,
regime,pooled-cross-well,well,1,no_folder9_no_transients,501,492,9,0,0.018,0.6564,0.1523,0.2577,53,439,
population,pooled-cross-well,well,1,all,1533,0,1533,0,1.0,,,,0,0,every window in this fold was refused
population,pooled-cross-well,well,1,no_folder9,1442,0,1442,0,1.0,,,,0,0,every window in this fold was refused
population,pooled-cross-well,well,1,no_transients,587,0,587,0,1.0,,,,0,0,every window in this fold was refused
population,pooled-cross-well,well,1,no_folder9_no_transients,501,0,501,0,1.0,,,,0,0,every window in this fold was refused
spc,pooled-cross-well,well,1,all,1533,1533,0,0,0.0,0.3187,0.5702,0.6749,1009,524,
spc,pooled-cross-well,well,1,no_folder9,1442,1442,0,0,0.0,0.2344,0.5924,0.6956,1003,439,
spc,pooled-cross-well,well,1,no_transients,587,587,0,0,0.0,0.8816,0.3943,0.4344,63,524,
spc,pooled-cross-well,well,1,no_folder9_no_transients,501,501,0,0,0.0,0.8865,0.4829,0.486,62,439,
mspc_t2,pooled-cross-well,well,1,all,1533,921,612,0,0.3992,0.4987,0.8164,0.8859,780,141,
mspc_t2,pooled-cross-well,well,1,no_folder9,1442,897,545,0,0.3779,0.4632,0.8246,0.8908,774,123,
mspc_t2,pooled-cross-well,well,1,no_transients,587,146,441,0,0.7513,0.2809,0.0298,0.0385,5,141,
mspc_t2,pooled-cross-well,well,1,no_folder9_no_transients,501,127,374,0,0.7465,0.2541,0.0299,0.0336,4,123,
mspc_spe,pooled-cross-well,well,1,all,1533,921,612,0,0.3992,0.56,0.8649,0.8929,780,141,
mspc_spe,pooled-cross-well,well,1,no_folder9,1442,897,545,0,0.3779,0.521,0.8672,0.893,774,123,
mspc_spe,pooled-cross-well,well,1,no_transients,587,146,441,0,0.7513,0.7461,0.4375,0.0678,5,141,
mspc_spe,pooled-cross-well,well,1,no_folder9_no_transients,501,127,374,0,0.7465,0.7419,0.5261,1.0,4,123,
iforest,pooled-cross-well,well,1,all,1533,1533,0,0,0.0,0.4763,0.6146,0.7115,1009,524,
iforest,pooled-cross-well,well,1,no_folder9,1442,1442,0,0,0.0,0.5519,0.7001,0.7839,1003,439,
iforest,pooled-cross-well,well,1,no_transients,587,587,0,0,0.0,0.5553,0.1976,0.1368,63,524,
iforest,pooled-cross-well,well,1,no_folder9_no_transients,501,501,0,0,0.0,0.6175,0.2951,0.1872,62,439,
mad,"pooled-cross-well, own-history windows",well,1,all,1162,1162,0,0,0.0,0.2723,0.7013,0.823,950,212,
mad,"pooled-cross-well, own-history windows",well,1,no_folder9,1097,1097,0,0,0.0,0.3432,0.7903,0.8662,946,151,
mad,"pooled-cross-well, own-history windows",well,1,no_transients,222,222,0,0,0.0,0.3995,0.0403,0.069,10,212,
mad,"pooled-cross-well, own-history windows",well,1,no_folder9_no_transients,161,161,0,0,0.0,0.5219,0.0677,0.1124,10,151,
mad,"pooled-cross-well, own-history windows",well,1,no_positive_baseline,1162,1162,0,0,0.0,0.2723,0.7013,0.823,950,212,
regime,"pooled-cross-well, own-history windows",well,1,all,1162,1153,9,0,0.0077,0.2007,0.6918,0.8161,941,212,
regime,"pooled-cross-well, own-history windows",well,1,no_folder9,1097,1088,9,0,0.0082,0.2589,0.7681,0.8612,937,151,
regime,"pooled-cross-well, own-history windows",well,1,no_transients,222,213,9,0,0.0405,0.8585,0.0323,0.0323,1,212,
regime,"pooled-cross-well, own-history windows",well,1,no_folder9_no_transients,161,152,9,0,0.0559,0.8079,0.0333,0.0333,1,151,
regime,"pooled-cross-well, own-history windows",well,1,no_positive_baseline,1162,1153,9,0,0.0077,0.2007,0.6918,0.8161,941,212,
population,"pooled-cross-well, own-history windows",well,1,all,1162,0,1162,0,1.0,,,,0,0,every window in this fold was refused
population,"pooled-cross-well, own-history windows",well,1,no_folder9,1097,0,1097,0,1.0,,,,0,0,every window in this fold was refused
population,"pooled-cross-well, own-history windows",well,1,no_transients,222,0,222,0,1.0,,,,0,0,every window in this fold was refused
population,"pooled-cross-well, own-history windows",well,1,no_folder9_no_transients,161,0,161,0,1.0,,,,0,0,every window in this fold was refused
population,"pooled-cross-well, own-history windows",well,1,no_positive_baseline,1162,0,1162,0,1.0,,,,0,0,every window in this fold was refused
spc,"pooled-cross-well, own-history windows",well,1,all,1162,1162,0,0,0.0,0.4879,0.7899,0.8389,950,212,
spc,"pooled-cross-well, own-history windows",well,1,no_folder9,1097,1097,0,0,0.0,0.3664,0.816,0.8624,946,151,
spc,"pooled-cross-well, own-history windows",well,1,no_transients,222,222,0,0,0.0,0.887,0.209,0.3333,10,212,
spc,"pooled-cross-well, own-history windows",well,1,no_folder9_no_transients,161,161,0,0,0.0,0.8944,0.3503,0.5455,10,151,
spc,"pooled-cross-well, own-history windows",well,1,no_positive_baseline,1162,1162,0,0,0.0,0.4879,0.7899,0.8389,950,212,
mspc_t2,"pooled-cross-well, own-history windows",well,1,all,1162,879,283,0,0.2435,0.4801,0.8501,0.9079,774,105,
mspc_t2,"pooled-cross-well, own-history windows",well,1,no_folder9,1097,866,231,0,0.2106,0.4412,0.8484,0.9088,770,96,
mspc_t2,"pooled-cross-well, own-history windows",well,1,no_transients,222,107,115,0,0.518,0.4619,0.0343,0.0476,2,105,
mspc_t2,"pooled-cross-well, own-history windows",well,1,no_folder9_no_transients,161,98,63,0,0.3913,0.4271,0.0358,0.05,2,96,
mspc_t2,"pooled-cross-well, own-history windows",well,1,no_positive_baseline,1162,879,283,0,0.2435,0.4801,0.8501,0.9079,774,105,
mspc_spe,"pooled-cross-well, own-history windows",well,1,all,1162,879,283,0,0.2435,0.5229,0.8838,0.9127,774,105,
mspc_spe,"pooled-cross-well, own-history windows",well,1,no_folder9,1097,866,231,0,0.2106,0.4962,0.8854,0.9131,770,96,
mspc_spe,"pooled-cross-well, own-history windows",well,1,no_transients,222,107,115,0,0.518,1.0,1.0,1.0,2,105,
mspc_spe,"pooled-cross-well, own-history windows",well,1,no_folder9_no_transients,161,98,63,0,0.3913,1.0,1.0,1.0,2,96,
mspc_spe,"pooled-cross-well, own-history windows",well,1,no_positive_baseline,1162,879,283,0,0.2435,0.5229,0.8838,0.9127,774,105,
iforest,"pooled-cross-well, own-history windows",well,1,all,1162,1162,0,0,0.0,0.4366,0.7578,0.8358,950,212,
iforest,"pooled-cross-well, own-history windows",well,1,no_folder9,1097,1097,0,0,0.0,0.5911,0.8695,0.9149,946,151,
iforest,"pooled-cross-well, own-history windows",well,1,no_transients,222,222,0,0,0.0,0.9382,0.5769,0.625,10,212,
iforest,"pooled-cross-well, own-history windows",well,1,no_folder9_no_transients,161,161,0,0,0.0,0.9801,0.9081,1.0,10,151,
iforest,"pooled-cross-well, own-history windows",well,1,no_positive_baseline,1162,1162,0,0,0.0,0.4366,0.7578,0.8358,950,212,
mad,pooled-cross-well,well,2,all,1603,1603,0,0,0.0,0.7597,0.8045,0.8613,1113,490,
mad,pooled-cross-well,well,2,no_folder9,1511,1511,0,0,0.0,0.7374,0.8119,0.8679,1094,417,
mad,pooled-cross-well,well,2,no_transients,729,729,0,0,0.0,0.6183,0.3495,0.5308,239,490,
mad,pooled-cross-well,well,2,no_folder9_no_transients,655,655,0,0,0.0,0.5865,0.3662,0.5574,238,417,
regime,pooled-cross-well,well,2,all,1603,1540,63,0,0.0393,0.7587,0.8212,0.858,1069,471,
regime,pooled-cross-well,well,2,no_folder9,1511,1448,63,0,0.0417,0.7452,0.8331,0.866,1050,398,
regime,pooled-cross-well,well,2,no_transients,729,700,29,0,0.0398,0.6573,0.3731,0.5466,229,471,
regime,pooled-cross-well,well,2,no_folder9_no_transients,655,626,29,0,0.0443,0.6272,0.3906,0.5729,228,398,
population,pooled-cross-well,well,2,all,1603,0,1603,0,1.0,,,,0,0,every window in this fold was refused
population,pooled-cross-well,well,2,no_folder9,1511,0,1511,0,1.0,,,,0,0,every window in this fold was refused
population,pooled-cross-well,well,2,no_transients,729,0,729,0,1.0,,,,0,0,every window in this fold was refused
population,pooled-cross-well,well,2,no_folder9_no_transients,655,0,655,0,1.0,,,,0,0,every window in this fold was refused
spc,pooled-cross-well,well,2,all,1603,1603,0,0,0.0,0.7975,0.8694,0.863,1113,490,
spc,pooled-cross-well,well,2,no_folder9,1511,1511,0,0,0.0,0.7952,0.8898,0.8777,1094,417,
spc,pooled-cross-well,well,2,no_transients,729,729,0,0,0.0,0.7348,0.6413,0.75,239,490,
spc,pooled-cross-well,well,2,no_folder9_no_transients,655,655,0,0,0.0,0.7491,0.7033,0.7987,238,417,
mspc_t2,pooled-cross-well,well,2,all,1603,720,883,0,0.5508,0.3721,0.8182,0.8807,632,88,
mspc_t2,pooled-cross-well,well,2,no_folder9,1511,686,825,0,0.546,0.3412,0.8432,0.8936,613,73,
mspc_t2,pooled-cross-well,well,2,no_transients,729,233,496,0,0.6804,0.1014,0.4319,0.6223,145,88,
mspc_t2,pooled-cross-well,well,2,no_folder9_no_transients,655,217,438,0,0.6687,0.0103,0.4505,0.6636,144,73,
mspc_spe,pooled-cross-well,well,2,all,1603,720,883,0,0.5508,0.476,0.8636,0.8998,632,88,
mspc_spe,pooled-cross-well,well,2,no_folder9,1511,686,825,0,0.546,0.4017,0.8649,0.8998,613,73,
mspc_spe,pooled-cross-well,well,2,no_transients,729,233,496,0,0.6804,0.1096,0.435,0.6473,145,88,
mspc_spe,pooled-cross-well,well,2,no_folder9_no_transients,655,217,438,0,0.6687,0.0039,0.4501,0.6636,144,73,
iforest,pooled-cross-well,well,2,all,1603,1603,0,0,0.0,0.7772,0.831,0.8541,1113,490,
iforest,pooled-cross-well,well,2,no_folder9,1511,1511,0,0,0.0,0.7607,0.8397,0.8612,1094,417,
iforest,pooled-cross-well,well,2,no_transients,729,729,0,0,0.0,0.7721,0.5832,0.6417,239,490,
iforest,pooled-cross-well,well,2,no_folder9_no_transients,655,655,0,0,0.0,0.7584,0.5973,0.6611,238,417,
mad,"pooled-cross-well, own-history windows",well,2,all,1129,1129,0,0,0.0,0.7041,0.8444,0.9011,892,237,
mad,"pooled-cross-well, own-history windows",well,2,no_folder9,1065,1065,0,0,0.0,0.6446,0.845,0.9019,873,192,
mad,"pooled-cross-well, own-history windows",well,2,no_transients,279,279,0,0,0.0,0.5552,0.1529,0.232,42,237,
mad,"pooled-cross-well, own-history windows",well,2,no_folder9_no_transients,233,233,0,0,0.0,0.4549,0.1511,0.233,41,192,
mad,"pooled-cross-well, own-history windows",well,2,no_positive_baseline,1090,1090,0,0,0.0,0.711,0.8419,0.8995,853,237,
regime,"pooled-cross-well, own-history windows",well,2,all,1129,1066,63,0,0.0558,0.7037,0.8683,0.9018,848,218,
regime,"pooled-cross-well, own-history windows",well,2,no_folder9,1065,1002,63,0,0.0592,0.6575,0.8727,0.9033,829,173,
regime,"pooled-cross-well, own-history windows",well,2,no_transients,279,250,29,0,0.1039,0.5891,0.1431,0.2105,32,218,
regime,"pooled-cross-well, own-history windows",well,2,no_folder9_no_transients,233,204,29,0,0.1245,0.4859,0.1394,0.2109,31,173,
regime,"pooled-cross-well, own-history windows",well,2,no_positive_baseline,1090,1027,63,0,0.0578,0.7072,0.8652,0.8991,809,218,
population,"pooled-cross-well, own-history windows",well,2,all,1129,0,1129,0,1.0,,,,0,0,every window in this fold was refused
population,"pooled-cross-well, own-history windows",well,2,no_folder9,1065,0,1065,0,1.0,,,,0,0,every window in this fold was refused
population,"pooled-cross-well, own-history windows",well,2,no_transients,279,0,279,0,1.0,,,,0,0,every window in this fold was refused
population,"pooled-cross-well, own-history windows",well,2,no_folder9_no_transients,233,0,233,0,1.0,,,,0,0,every window in this fold was refused
population,"pooled-cross-well, own-history windows",well,2,no_positive_baseline,1090,0,1090,0,1.0,,,,0,0,every window in this fold was refused
spc,"pooled-cross-well, own-history windows",well,2,all,1129,1129,0,0,0.0,0.7552,0.8938,0.8949,892,237,
spc,"pooled-cross-well, own-history windows",well,2,no_folder9,1065,1065,0,0,0.0,0.7102,0.8973,0.8969,873,192,
spc,"pooled-cross-well, own-history windows",well,2,no_transients,279,279,0,0,0.0,0.8992,0.6319,0.7778,42,237,
spc,"pooled-cross-well, own-history windows",well,2,no_folder9_no_transients,233,233,0,0,0.0,0.8854,0.6854,0.8462,41,192,
spc,"pooled-cross-well, own-history windows",well,2,no_positive_baseline,1090,1090,0,0,0.0,0.7467,0.8829,0.8896,853,237,
mspc_t2,"pooled-cross-well, own-history windows",well,2,all,1129,550,579,0,0.5128,0.467,0.8998,0.9399,504,46,
mspc_t2,"pooled-cross-well, own-history windows",well,2,no_folder9,1065,527,538,0,0.5052,0.4583,0.9073,0.9426,485,42,
mspc_t2,"pooled-cross-well, own-history windows",well,2,no_transients,279,78,201,0,0.7204,0.1284,0.277,0.4103,32,46,
mspc_t2,"pooled-cross-well, own-history windows",well,2,no_folder9_no_transients,233,73,160,0,0.6867,0.053,0.2626,0.4247,31,42,
mspc_t2,"pooled-cross-well, own-history windows",well,2,no_positive_baseline,1090,514,576,0,0.5284,0.4945,0.898,0.9396,468,46,
mspc_spe,"pooled-cross-well, own-history windows",well,2,all,1129,550,579,0,0.5128,0.5105,0.9192,0.9424,504,46,
mspc_spe,"pooled-cross-well, own-history windows",well,2,no_folder9,1065,527,538,0,0.5052,0.4853,0.9193,0.9424,485,42,
mspc_spe,"pooled-cross-well, own-history windows",well,2,no_transients,279,78,201,0,0.7204,0.0802,0.2598,0.4267,32,46,
mspc_spe,"pooled-cross-well, own-history windows",well,2,no_folder9_no_transients,233,73,160,0,0.6867,0.0161,0.2586,0.4247,31,42,
mspc_spe,"pooled-cross-well, own-history windows",well,2,no_positive_baseline,1090,514,576,0,0.5284,0.5334,0.9161,0.9415,468,46,
iforest,"pooled-cross-well, own-history windows",well,2,all,1129,1129,0,0,0.0,0.7087,0.8535,0.8864,892,237,
iforest,"pooled-cross-well, own-history windows",well,2,no_folder9,1065,1065,0,0,0.0,0.649,0.8538,0.8867,873,192,
iforest,"pooled-cross-well, own-history windows",well,2,no_transients,279,279,0,0,0.0,0.8906,0.4996,0.6596,42,237,
iforest,"pooled-cross-well, own-history windows",well,2,no_folder9_no_transients,233,233,0,0,0.0,0.8661,0.4957,0.6522,41,192,
iforest,"pooled-cross-well, own-history windows",well,2,no_positive_baseline,1090,1090,0,0,0.0,0.7026,0.8429,0.8817,853,237,
mad,pooled-cross-well,well,3,all,1120,1120,0,0,0.0,0.8544,0.7392,0.9539,326,794,
mad,pooled-cross-well,well,3,no_folder9,852,852,0,0,0.0,0.7975,0.7449,0.9539,322,530,
mad,pooled-cross-well,well,3,no_transients,857,857,0,0,0.0,0.7091,0.2259,0.1662,63,794,
mad,pooled-cross-well,well,3,no_folder9_no_transients,593,593,0,0,0.0,0.5653,0.2261,0.1671,63,530,
regime,pooled-cross-well,well,3,all,1120,955,165,0,0.1473,0.708,0.4446,0.296,161,794,
regime,pooled-cross-well,well,3,no_folder9,852,687,165,0,0.1937,0.5767,0.45,0.296,157,530,
regime,pooled-cross-well,well,3,no_transients,857,855,2,0,0.0023,0.6697,0.3081,0.1236,61,794,
regime,pooled-cross-well,well,3,no_folder9_no_transients,593,591,2,0,0.0034,0.5063,0.3082,0.1236,61,530,
population,pooled-cross-well,well,3,all,1120,0,1120,0,1.0,,,,0,0,every window in this fold was refused
population,pooled-cross-well,well,3,no_folder9,852,0,852,0,1.0,,,,0,0,every window in this fold was refused
population,pooled-cross-well,well,3,no_transients,857,0,857,0,1.0,,,,0,0,every window in this fold was refused
population,pooled-cross-well,well,3,no_folder9_no_transients,593,0,593,0,1.0,,,,0,0,every window in this fold was refused
spc,pooled-cross-well,well,3,all,1120,1120,0,0,0.0,0.723,0.5294,0.6416,326,794,
spc,pooled-cross-well,well,3,no_folder9,852,852,0,0,0.0,0.7152,0.5886,0.678,322,530,
spc,pooled-cross-well,well,3,no_transients,857,857,0,0,0.0,0.5163,0.2293,0.0956,63,794,
spc,pooled-cross-well,well,3,no_folder9_no_transients,593,593,0,0,0.0,0.5159,0.2539,0.1375,63,530,
mspc_t2,pooled-cross-well,well,3,all,1120,745,375,0,0.3348,0.5687,0.024,0.0409,15,730,
mspc_t2,pooled-cross-well,well,3,no_folder9,852,478,374,0,0.439,0.4557,0.0228,0.0409,11,467,
mspc_t2,pooled-cross-well,well,3,no_transients,857,730,127,0,0.1482,,,,0,730,fold under test carries one class only; no ranking metric exists
mspc_t2,pooled-cross-well,well,3,no_folder9_no_transients,593,467,126,0,0.2125,,,,0,467,fold under test carries one class only; no ranking metric exists
mspc_spe,pooled-cross-well,well,3,all,1120,745,375,0,0.3348,0.7865,0.0652,0.125,15,730,
mspc_spe,pooled-cross-well,well,3,no_folder9,852,478,374,0,0.439,0.8517,0.0769,0.125,11,467,
mspc_spe,pooled-cross-well,well,3,no_transients,857,730,127,0,0.1482,,,,0,730,fold under test carries one class only; no ranking metric exists
mspc_spe,pooled-cross-well,well,3,no_folder9_no_transients,593,467,126,0,0.2125,,,,0,467,fold under test carries one class only; no ranking metric exists
iforest,pooled-cross-well,well,3,all,1120,1120,0,0,0.0,0.4571,0.2545,0.3655,326,794,
iforest,pooled-cross-well,well,3,no_folder9,852,852,0,0,0.0,0.2855,0.272,0.3833,322,530,
iforest,pooled-cross-well,well,3,no_transients,857,857,0,0,0.0,0.1841,0.047,0.0746,63,794,
iforest,pooled-cross-well,well,3,no_folder9_no_transients,593,593,0,0,0.0,0.1411,0.0643,0.1084,63,530,
mad,"pooled-cross-well, own-history windows",well,3,all,677,677,0,0,0.0,0.9277,0.8733,0.9673,280,397,
mad,"pooled-cross-well, own-history windows",well,3,no_folder9,436,436,0,0,0.0,0.8518,0.8799,0.9673,276,160,
mad,"pooled-cross-well, own-history windows",well,3,no_transients,417,417,0,0,0.0,0.9504,0.5466,0.6818,20,397,
mad,"pooled-cross-well, own-history windows",well,3,no_folder9_no_transients,180,180,0,0,0.0,0.877,0.5466,0.6818,20,160,
mad,"pooled-cross-well, own-history windows",well,3,no_positive_baseline,677,677,0,0,0.0,0.9277,0.8733,0.9673,280,397,
regime,"pooled-cross-well, own-history windows",well,3,all,677,512,165,0,0.2437,0.8679,0.6829,0.5706,115,397,
regime,"pooled-cross-well, own-history windows",well,3,no_folder9,436,271,165,0,0.3784,0.7038,0.694,0.5706,111,160,
regime,"pooled-cross-well, own-history windows",well,3,no_transients,417,415,2,0,0.0048,0.9843,0.8466,1.0,18,397,
regime,"pooled-cross-well, own-history windows",well,3,no_folder9_no_transients,180,178,2,0,0.0111,0.9611,0.8466,1.0,18,160,
regime,"pooled-cross-well, own-history windows",well,3,no_positive_baseline,677,512,165,0,0.2437,0.8679,0.6829,0.5706,115,397,
population,"pooled-cross-well, own-history windows",well,3,all,677,0,677,0,1.0,,,,0,0,every window in this fold was refused
population,"pooled-cross-well, own-history windows",well,3,no_folder9,436,0,436,0,1.0,,,,0,0,every window in this fold was refused
population,"pooled-cross-well, own-history windows",well,3,no_transients,417,0,417,0,1.0,,,,0,0,every window in this fold was refused
population,"pooled-cross-well, own-history windows",well,3,no_folder9_no_transients,180,0,180,0,1.0,,,,0,0,every window in this fold was refused
population,"pooled-cross-well, own-history windows",well,3,no_positive_baseline,677,0,677,0,1.0,,,,0,0,every window in this fold was refused
spc,"pooled-cross-well, own-history windows",well,3,all,677,677,0,0,0.0,0.8049,0.72,0.8241,280,397,
spc,"pooled-cross-well, own-history windows",well,3,no_folder9,436,436,0,0,0.0,0.7915,0.8236,0.8856,276,160,
spc,"pooled-cross-well, own-history windows",well,3,no_transients,417,417,0,0,0.0,0.956,0.6403,0.6957,20,397,
spc,"pooled-cross-well, own-history windows",well,3,no_folder9_no_transients,180,180,0,0,0.0,0.9358,0.6621,0.6957,20,160,
spc,"pooled-cross-well, own-history windows",well,3,no_positive_baseline,677,677,0,0,0.0,0.8049,0.72,0.8241,280,397,
mspc_t2,"pooled-cross-well, own-history windows",well,3,all,677,376,301,0,0.4446,0.7682,0.0843,0.1392,15,361,
mspc_t2,"pooled-cross-well, own-history windows",well,3,no_folder9,436,136,300,0,0.6881,0.4815,0.0821,0.1392,11,125,
mspc_t2,"pooled-cross-well, own-history windows",well,3,no_transients,417,361,56,0,0.1343,,,,0,361,fold under test carries one class only; no ranking metric exists
mspc_t2,"pooled-cross-well, own-history windows",well,3,no_folder9_no_transients,180,125,55,0,0.3056,,,,0,125,fold under test carries one class only; no ranking metric exists
mspc_t2,"pooled-cross-well, own-history windows",well,3,no_positive_baseline,677,376,301,0,0.4446,0.7682,0.0843,0.1392,15,361,
mspc_spe,"pooled-cross-well, own-history windows",well,3,all,677,376,301,0,0.4446,0.7677,0.1813,0.3448,15,361,
mspc_spe,"pooled-cross-well, own-history windows",well,3,no_folder9,436,136,300,0,0.6881,0.8516,0.2296,0.3448,11,125,
mspc_spe,"pooled-cross-well, own-history windows",well,3,no_transients,417,361,56,0,0.1343,,,,0,361,fold under test carries one class only; no ranking metric exists
mspc_spe,"pooled-cross-well, own-history windows",well,3,no_folder9_no_transients,180,125,55,0,0.3056,,,,0,125,fold under test carries one class only; no ranking metric exists
mspc_spe,"pooled-cross-well, own-history windows",well,3,no_positive_baseline,677,376,301,0,0.4446,0.7677,0.1813,0.3448,15,361,
iforest,"pooled-cross-well, own-history windows",well,3,all,677,677,0,0,0.0,0.701,0.5029,0.6655,280,397,
iforest,"pooled-cross-well, own-history windows",well,3,no_folder9,436,436,0,0,0.0,0.3604,0.5225,0.6823,276,160,
iforest,"pooled-cross-well, own-history windows",well,3,no_transients,417,417,0,0,0.0,0.6688,0.114,0.1091,20,397,
iforest,"pooled-cross-well, own-history windows",well,3,no_folder9_no_transients,180,180,0,0,0.0,0.3886,0.1259,0.1149,20,160,
iforest,"pooled-cross-well, own-history windows",well,3,no_positive_baseline,677,677,0,0,0.0,0.701,0.5029,0.6655,280,397,
mad,pooled-cross-well,well,4,all,1048,1048,0,0,0.0,0.5192,0.4425,0.5314,457,591,
mad,pooled-cross-well,well,4,no_folder9,953,953,0,0,0.0,0.4815,0.4509,0.533,426,527,
mad,pooled-cross-well,well,4,no_transients,644,644,0,0,0.0,0.3673,0.0761,0.096,53,591,
mad,pooled-cross-well,well,4,no_folder9_no_transients,576,576,0,0,0.0,0.2921,0.1266,0.0942,49,527,
regime,pooled-cross-well,well,4,all,1048,1048,0,0,0.0,0.2463,0.3152,0.4476,457,591,
regime,pooled-cross-well,well,4,no_folder9,953,953,0,0,0.0,0.1651,0.321,0.4479,426,527,
regime,pooled-cross-well,well,4,no_transients,644,644,0,0,0.0,0.4814,0.0824,0.1143,53,591,
regime,pooled-cross-well,well,4,no_folder9_no_transients,576,576,0,0,0.0,0.444,0.1412,0.1133,49,527,
population,pooled-cross-well,well,4,all,1048,0,1048,0,1.0,,,,0,0,every window in this fold was refused
population,pooled-cross-well,well,4,no_folder9,953,0,953,0,1.0,,,,0,0,every window in this fold was refused
population,pooled-cross-well,well,4,no_transients,644,0,644,0,1.0,,,,0,0,every window in this fold was refused
population,pooled-cross-well,well,4,no_folder9_no_transients,576,0,576,0,1.0,,,,0,0,every window in this fold was refused
spc,pooled-cross-well,well,4,all,1048,1048,0,0,0.0,0.405,0.4183,0.442,457,591,
spc,pooled-cross-well,well,4,no_folder9,953,953,0,0,0.0,0.3532,0.4144,0.447,426,527,
spc,pooled-cross-well,well,4,no_transients,644,644,0,0,0.0,0.8108,0.2881,0.3418,53,591,
spc,pooled-cross-well,well,4,no_folder9_no_transients,576,576,0,0,0.0,0.8329,0.374,0.3857,49,527,
mspc_t2,pooled-cross-well,well,4,all,1048,609,439,0,0.4189,0.337,0.2431,0.2928,178,431,
mspc_t2,pooled-cross-well,well,4,no_folder9,953,570,383,0,0.4019,0.3726,0.2366,0.2667,152,418,
mspc_t2,pooled-cross-well,well,4,no_transients,644,479,165,0,0.2562,0.3852,0.0981,0.1097,48,431,
mspc_t2,pooled-cross-well,well,4,no_folder9_no_transients,576,462,114,0,0.1979,0.3987,0.0978,0.11,44,418,
mspc_spe,pooled-cross-well,well,4,all,1048,609,439,0,0.4189,0.4336,0.3619,0.2923,178,431,
mspc_spe,pooled-cross-well,well,4,no_folder9,953,570,383,0,0.4019,0.5009,0.3923,0.2821,152,418,
mspc_spe,pooled-cross-well,well,4,no_transients,644,479,165,0,0.2562,0.2371,0.0649,0.1002,48,431,
mspc_spe,pooled-cross-well,well,4,no_folder9_no_transients,576,462,114,0,0.1979,0.2481,0.0632,0.0952,44,418,
iforest,pooled-cross-well,well,4,all,1048,1048,0,0,0.0,0.5098,0.5398,0.4752,457,591,
iforest,pooled-cross-well,well,4,no_folder9,953,953,0,0,0.0,0.4959,0.5505,0.4805,426,527,
iforest,pooled-cross-well,well,4,no_transients,644,644,0,0,0.0,0.6426,0.3513,0.127,53,591,
iforest,pooled-cross-well,well,4,no_folder9_no_transients,576,576,0,0,0.0,0.6427,0.3729,0.1307,49,527,
mad,"pooled-cross-well, own-history windows",well,4,all,627,627,0,0,0.0,0.4763,0.5927,0.6697,388,239,
mad,"pooled-cross-well, own-history windows",well,4,no_folder9,574,574,0,0,0.0,0.4109,0.5708,0.6618,362,212,
mad,"pooled-cross-well, own-history windows",well,4,no_transients,252,252,0,0,0.0,0.7493,0.2096,0.3462,13,239,
mad,"pooled-cross-well, own-history windows",well,4,no_folder9_no_transients,221,221,0,0,0.0,0.6604,0.4274,0.3571,9,212,
mad,"pooled-cross-well, own-history windows",well,4,no_positive_baseline,624,624,0,0,0.0,0.4744,0.5875,0.6682,385,239,
regime,"pooled-cross-well, own-history windows",well,4,all,627,627,0,0,0.0,0.2748,0.4933,0.634,388,239,
regime,"pooled-cross-well, own-history windows",well,4,no_folder9,574,574,0,0,0.0,0.1747,0.4733,0.6307,362,212,
regime,"pooled-cross-well, own-history windows",well,4,no_transients,252,252,0,0,0.0,0.7274,0.1725,0.1731,13,239,
regime,"pooled-cross-well, own-history windows",well,4,no_folder9_no_transients,221,221,0,0,0.0,0.6761,0.4358,0.3571,9,212,
regime,"pooled-cross-well, own-history windows",well,4,no_positive_baseline,624,624,0,0,0.0,0.2703,0.4871,0.6322,385,239,
population,"pooled-cross-well, own-history windows",well,4,all,627,0,627,0,1.0,,,,0,0,every window in this fold was refused
population,"pooled-cross-well, own-history windows",well,4,no_folder9,574,0,574,0,1.0,,,,0,0,every window in this fold was refused
population,"pooled-cross-well, own-history windows",well,4,no_transients,252,0,252,0,1.0,,,,0,0,every window in this fold was refused
population,"pooled-cross-well, own-history windows",well,4,no_folder9_no_transients,221,0,221,0,1.0,,,,0,0,every window in this fold was refused
population,"pooled-cross-well, own-history windows",well,4,no_positive_baseline,624,0,624,0,1.0,,,,0,0,every window in this fold was refused
spc,"pooled-cross-well, own-history windows",well,4,all,627,627,0,0,0.0,0.4775,0.6109,0.6351,388,239,
spc,"pooled-cross-well, own-history windows",well,4,no_folder9,574,574,0,0,0.0,0.4233,0.585,0.6364,362,212,
spc,"pooled-cross-well, own-history windows",well,4,no_transients,252,252,0,0,0.0,0.6751,0.088,0.1111,13,239,
spc,"pooled-cross-well, own-history windows",well,4,no_folder9_no_transients,221,221,0,0,0.0,0.6407,0.0729,0.0909,9,212,
spc,"pooled-cross-well, own-history windows",well,4,no_positive_baseline,624,624,0,0,0.0,0.4746,0.607,0.6332,385,239,
mspc_t2,"pooled-cross-well, own-history windows",well,4,all,627,245,382,0,0.6093,0.3227,0.4423,0.5185,127,118,
mspc_t2,"pooled-cross-well, own-history windows",well,4,no_folder9,574,221,353,0,0.615,0.3645,0.4299,0.4796,106,115,
mspc_t2,"pooled-cross-well, own-history windows",well,4,no_transients,252,126,126,0,0.5,0.357,0.1726,0.0678,8,118,
mspc_t2,"pooled-cross-well, own-history windows",well,4,no_folder9_no_transients,221,119,102,0,0.4615,0.637,0.2895,0.0667,4,115,
mspc_t2,"pooled-cross-well, own-history windows",well,4,no_positive_baseline,624,244,380,0,0.609,0.3229,0.4411,0.5165,126,118,
mspc_spe,"pooled-cross-well, own-history windows",well,4,all,627,245,382,0,0.6093,0.5025,0.6268,0.5714,127,118,
mspc_spe,"pooled-cross-well, own-history windows",well,4,no_folder9,574,221,353,0,0.615,0.5964,0.6535,0.6795,106,115,
mspc_spe,"pooled-cross-well, own-history windows",well,4,no_transients,252,126,126,0,0.5,0.3708,0.0951,0.0635,8,118,
mspc_spe,"pooled-cross-well, own-history windows",well,4,no_folder9_no_transients,221,119,102,0,0.4615,0.7348,0.138,0.1765,4,115,
mspc_spe,"pooled-cross-well, own-history windows",well,4,no_positive_baseline,624,244,380,0,0.609,0.5047,0.6271,0.5727,126,118,
iforest,"pooled-cross-well, own-history windows",well,4,all,627,627,0,0,0.0,0.4847,0.6784,0.6448,388,239,
iforest,"pooled-cross-well, own-history windows",well,4,no_folder9,574,574,0,0,0.0,0.4553,0.6825,0.6451,362,212,
iforest,"pooled-cross-well, own-history windows",well,4,no_transients,252,252,0,0,0.0,0.4429,0.1252,0.0526,13,239,
iforest,"pooled-cross-well, own-history windows",well,4,no_folder9_no_transients,221,221,0,0,0.0,0.4099,0.1496,0.0411,9,212,
iforest,"pooled-cross-well, own-history windows",well,4,no_positive_baseline,624,624,0,0,0.0,0.4819,0.6753,0.643,385,239,
population,pooled-cross-well,instance,0,all,1399,1165,234,0,0.1673,0.498,0.4794,0.4807,560,605,
population,pooled-cross-well,instance,0,no_folder9,1271,1042,229,0,0.1802,0.5002,0.5289,0.5288,551,491,
population,pooled-cross-well,instance,0,no_transients,748,707,41,0,0.0548,0.5251,0.1592,0.1443,102,605,
population,pooled-cross-well,instance,0,no_folder9_no_transients,630,592,38,0,0.0603,0.5236,0.1902,0.1706,101,491,
population,pooled-cross-well,instance,1,all,1394,1141,253,0,0.1815,0.5056,0.4568,0.4514,515,626,
population,pooled-cross-well,instance,1,no_folder9,1265,1054,211,0,0.1668,0.505,0.4934,0.4886,515,539,
population,pooled-cross-well,instance,1,no_transients,786,722,64,0,0.0814,0.5333,0.1697,0.133,96,626,
population,pooled-cross-well,instance,1,no_folder9_no_transients,674,635,39,0,0.0579,0.5327,0.1866,0.1512,96,539,
population,pooled-cross-well,instance,2,all,1399,1162,237,0,0.1694,0.4927,0.465,0.4673,543,619,
population,pooled-cross-well,instance,2,no_folder9,1271,1058,213,0,0.1676,0.4901,0.5066,0.5095,539,519,
population,pooled-cross-well,instance,2,no_transients,775,717,58,0,0.0748,0.5067,0.1389,0.1367,98,619,
population,pooled-cross-well,instance,2,no_folder9_no_transients,651,617,34,0,0.0522,0.504,0.1601,0.1588,98,519,
population,pooled-cross-well,instance,3,all,1401,1344,57,0,0.0407,0.5211,0.5044,0.4933,663,681,
population,pooled-cross-well,instance,3,no_folder9,1273,1218,55,0,0.0432,0.5327,0.5552,0.5296,645,573,
population,pooled-cross-well,instance,3,no_transients,797,778,19,0,0.0238,0.5077,0.1261,0.1247,97,681,
population,pooled-cross-well,instance,3,no_folder9_no_transients,688,670,18,0,0.0262,0.5179,0.1557,0.1448,97,573,
population,pooled-cross-well,instance,4,all,1399,1321,78,0,0.0558,0.5238,0.5058,0.4868,643,678,
population,pooled-cross-well,instance,4,no_folder9,1271,1228,43,0,0.0338,0.5224,0.5402,0.5236,643,585,
population,pooled-cross-well,instance,4,no_transients,829,778,51,0,0.0615,0.4962,0.128,0.1285,100,678,
population,pooled-cross-well,instance,4,no_folder9_no_transients,705,685,20,0,0.0284,0.4947,0.1453,0.146,100,585,
mad,own-history,own-history,0,all,6992,4495,2497,2497,0.3571,0.8665,0.9291,0.956,3083,1412,
mad,own-history,own-history,0,no_folder9,6351,4007,2344,2344,0.3691,0.8835,0.9545,0.9774,3030,977,
mad,own-history,own-history,0,no_transients,3935,1503,2432,2432,0.618,0.6929,0.3886,0.5679,91,1412,
mad,own-history,own-history,0,no_folder9_no_transients,3348,1063,2285,2285,0.6825,0.6771,0.4388,0.6719,86,977,
mad,own-history,own-history,0,no_positive_baseline,6848,4453,2395,2395,0.3497,0.8737,0.9311,0.956,3041,1412,
spc,own-history,own-history,0,all,6992,4495,2497,2497,0.3571,0.754,0.8178,0.8581,3083,1412,
spc,own-history,own-history,0,no_folder9,6351,4007,2344,2344,0.3691,0.8285,0.934,0.9576,3030,977,
spc,own-history,own-history,0,no_transients,3935,1503,2432,2432,0.618,0.854,0.2113,0.2212,91,1412,
spc,own-history,own-history,0,no_folder9_no_transients,3348,1063,2285,2285,0.6825,0.9233,0.6153,0.5867,86,977,
spc,own-history,own-history,0,no_positive_baseline,6848,4453,2395,2395,0.3497,0.754,0.8161,0.8567,3041,1412,
clock,own-history,own-history,0,all,6992,4495,2497,2497,0.3571,0.8997,0.9506,0.9794,3083,1412,
clock,own-history,own-history,0,no_folder9,6351,4007,2344,2344,0.3691,0.9337,0.9751,0.9878,3030,977,
clock,own-history,own-history,0,no_transients,3935,1503,2432,2432,0.618,0.658,0.4272,0.217,91,1412,
clock,own-history,own-history,0,no_folder9_no_transients,3348,1063,2285,2285,0.6825,0.7,0.4917,0.4388,86,977,
clock,own-history,own-history,0,no_positive_baseline,6848,4453,2395,2395,0.3497,0.9083,0.9539,0.9815,3041,1412,
mspc_t2,per-instance-standardised,well,0,all,1688,45,1643,788,0.9733,1.0,1.0,1.0,24,21,
mspc_t2,per-instance-standardised,well,0,no_folder9,1593,36,1557,758,0.9774,1.0,1.0,1.0,24,12,
mspc_t2,per-instance-standardised,well,0,no_transients,1118,22,1096,785,0.9803,1.0,1.0,1.0,1,21,
mspc_t2,per-instance-standardised,well,0,no_folder9_no_transients,1023,13,1010,755,0.9873,1.0,1.0,1.0,1,12,
mspc_t2,per-instance-standardised,well,0,no_positive_baseline,1688,45,1643,788,0.9733,1.0,1.0,1.0,24,21,
mspc_spe,per-instance-standardised,well,0,all,1688,45,1643,788,0.9733,1.0,1.0,1.0,24,21,
mspc_spe,per-instance-standardised,well,0,no_folder9,1593,36,1557,758,0.9774,1.0,1.0,1.0,24,12,
mspc_spe,per-instance-standardised,well,0,no_transients,1118,22,1096,785,0.9803,1.0,1.0,1.0,1,21,
mspc_spe,per-instance-standardised,well,0,no_folder9_no_transients,1023,13,1010,755,0.9873,1.0,1.0,1.0,1,12,
mspc_spe,per-instance-standardised,well,0,no_positive_baseline,1688,45,1643,788,0.9733,1.0,1.0,1.0,24,21,
iforest,per-instance-standardised,well,0,all,1688,900,788,788,0.4668,0.6676,0.7897,0.747,573,327,
iforest,per-instance-standardised,well,0,no_folder9,1593,835,758,758,0.4758,0.6855,0.8327,0.8037,573,262,
iforest,per-instance-standardised,well,0,no_transients,1118,333,785,785,0.7021,0.8481,0.4842,0.75,6,327,
iforest,per-instance-standardised,well,0,no_folder9_no_transients,1023,268,755,755,0.738,0.8651,0.4943,0.75,6,262,
iforest,per-instance-standardised,well,0,no_positive_baseline,1688,900,788,788,0.4668,0.6676,0.7897,0.747,573,327,
mspc_t2,per-instance-standardised,well,1,all,1533,879,654,371,0.4266,0.9157,0.9836,0.9947,774,105,
mspc_t2,per-instance-standardised,well,1,no_folder9,1442,866,576,345,0.3994,0.9108,0.984,0.9947,770,96,
mspc_t2,per-instance-standardised,well,1,no_transients,587,107,480,365,0.8177,1.0,1.0,1.0,2,105,
mspc_t2,per-instance-standardised,well,1,no_folder9_no_transients,501,98,403,340,0.8044,1.0,1.0,1.0,2,96,
mspc_t2,per-instance-standardised,well,1,no_positive_baseline,1533,879,654,371,0.4266,0.9157,0.9836,0.9947,774,105,
mspc_spe,per-instance-standardised,well,1,all,1533,879,654,371,0.4266,0.8841,0.984,1.0,774,105,
mspc_spe,per-instance-standardised,well,1,no_folder9,1442,866,576,345,0.3994,0.8796,0.9847,1.0,770,96,
mspc_spe,per-instance-standardised,well,1,no_transients,587,107,480,365,0.8177,0.2571,0.0185,0.0235,2,105,
mspc_spe,per-instance-standardised,well,1,no_folder9_no_transients,501,98,403,340,0.8044,0.1875,0.0185,0.0235,2,96,
mspc_spe,per-instance-standardised,well,1,no_positive_baseline,1533,879,654,371,0.4266,0.8841,0.984,1.0,774,105,
iforest,per-instance-standardised,well,1,all,1533,1162,371,371,0.242,0.8132,0.9544,0.9817,950,212,
iforest,per-instance-standardised,well,1,no_folder9,1442,1097,345,345,0.2393,0.7618,0.9576,0.9817,946,151,
iforest,per-instance-standardised,well,1,no_transients,587,222,365,365,0.6218,0.9929,0.8897,1.0,10,212,
iforest,per-instance-standardised,well,1,no_folder9_no_transients,501,161,340,340,0.6786,0.9901,0.8897,1.0,10,151,
iforest,per-instance-standardised,well,1,no_positive_baseline,1533,1162,371,371,0.242,0.8132,0.9544,0.9817,950,212,
mspc_t2,per-instance-standardised,well,2,all,1603,517,1086,474,0.6775,0.6082,0.9442,0.9358,471,46,
mspc_t2,per-instance-standardised,well,2,no_folder9,1511,494,1017,446,0.6731,0.6421,0.955,0.9419,452,42,
mspc_t2,per-instance-standardised,well,2,no_transients,729,78,651,450,0.893,0.269,0.4406,0.4103,32,46,
mspc_t2,per-instance-standardised,well,2,no_folder9_no_transients,655,73,582,422,0.8885,0.2688,0.4771,0.4247,31,42,
mspc_t2,per-instance-standardised,well,2,no_positive_baseline,1471,481,990,381,0.673,0.6346,0.9435,0.9338,435,46,
mspc_spe,per-instance-standardised,well,2,all,1603,517,1086,474,0.6775,0.4405,0.9239,0.911,471,46,
mspc_spe,per-instance-standardised,well,2,no_folder9,1511,494,1017,446,0.6731,0.4296,0.9257,0.915,452,42,
mspc_spe,per-instance-standardised,well,2,no_transients,729,78,651,450,0.893,0.0401,0.2516,0.4103,32,46,
mspc_spe,per-instance-standardised,well,2,no_folder9_no_transients,655,73,582,422,0.8885,0.0115,0.2584,0.4247,31,42,
mspc_spe,per-instance-standardised,well,2,no_positive_baseline,1471,481,990,381,0.673,0.4692,0.9242,0.9044,435,46,
iforest,per-instance-standardised,well,2,all,1603,1129,474,474,0.2957,0.7101,0.8702,0.9032,892,237,
iforest,per-instance-standardised,well,2,no_folder9,1511,1065,446,446,0.2952,0.6664,0.8733,0.905,873,192,
iforest,per-instance-standardised,well,2,no_transients,729,279,450,450,0.6173,0.5108,0.1513,0.164,42,237,
iforest,per-instance-standardised,well,2,no_folder9_no_transients,655,233,422,422,0.6443,0.4604,0.1601,0.1858,41,192,
iforest,per-instance-standardised,well,2,no_positive_baseline,1471,1090,381,381,0.259,0.7206,0.8693,0.9038,853,237,
mspc_t2,per-instance-standardised,well,3,all,1120,376,744,443,0.6643,0.9082,0.5163,0.4231,15,361,
mspc_t2,per-instance-standardised,well,3,no_folder9,852,136,716,416,0.8404,0.9993,0.9924,1.0,11,125,
mspc_t2,per-instance-standardised,well,3,no_transients,857,361,496,440,0.5788,,,,0,361,fold under test carries one class only; no ranking metric exists
mspc_t2,per-instance-standardised,well,3,no_folder9_no_transients,593,125,468,413,0.7892,,,,0,125,fold under test carries one class only; no ranking metric exists
mspc_t2,per-instance-standardised,well,3,no_positive_baseline,1120,376,744,443,0.6643,0.9082,0.5163,0.4231,15,361,
mspc_spe,per-instance-standardised,well,3,all,1120,376,744,443,0.6643,0.6637,0.0626,0.0857,15,361,
mspc_spe,per-instance-standardised,well,3,no_folder9,852,136,716,416,0.8404,0.9491,0.4481,0.6,11,125,
mspc_spe,per-instance-standardised,well,3,no_transients,857,361,496,440,0.5788,,,,0,361,fold under test carries one class only; no ranking metric exists
mspc_spe,per-instance-standardised,well,3,no_folder9_no_transients,593,125,468,413,0.7892,,,,0,125,fold under test carries one class only; no ranking metric exists
mspc_spe,per-instance-standardised,well,3,no_positive_baseline,1120,376,744,443,0.6643,0.6637,0.0626,0.0857,15,361,
iforest,per-instance-standardised,well,3,all,1120,677,443,443,0.3955,0.6766,0.5583,0.6016,280,397,
iforest,per-instance-standardised,well,3,no_folder9,852,436,416,416,0.4883,0.7357,0.8046,0.8346,276,160,
iforest,per-instance-standardised,well,3,no_transients,857,417,440,440,0.5134,0.5599,0.0905,0.0818,20,397,
iforest,per-instance-standardised,well,3,no_folder9_no_transients,593,180,413,413,0.6965,0.6008,0.242,0.2241,20,160,
iforest,per-instance-standardised,well,3,no_positive_baseline,1120,677,443,443,0.3955,0.6766,0.5583,0.6016,280,397,
mspc_t2,per-instance-standardised,well,4,all,1048,245,803,421,0.7662,0.3258,0.4648,0.5184,127,118,
mspc_t2,per-instance-standardised,well,4,no_folder9,953,221,732,379,0.7681,0.3042,0.3744,0.4949,106,115,
mspc_t2,per-instance-standardised,well,4,no_transients,644,126,518,392,0.8043,0.5953,0.5351,1.0,8,118,
mspc_t2,per-instance-standardised,well,4,no_folder9_no_transients,576,119,457,355,0.7934,0.1826,0.0253,0.0336,4,115,
mspc_t2,per-instance-standardised,well,4,no_positive_baseline,1036,244,792,412,0.7645,0.3233,0.4625,0.5164,126,118,
mspc_spe,per-instance-standardised,well,4,all,1048,245,803,421,0.7662,0.5163,0.5355,0.6777,127,118,
mspc_spe,per-instance-standardised,well,4,no_folder9,953,221,732,379,0.7681,0.5852,0.5349,0.675,106,115,
mspc_spe,per-instance-standardised,well,4,no_transients,644,126,518,392,0.8043,0.3972,0.3067,0.0635,8,118,
mspc_spe,per-instance-standardised,well,4,no_folder9_no_transients,576,119,457,355,0.7934,0.7935,0.5615,1.0,4,115,
mspc_spe,per-instance-standardised,well,4,no_positive_baseline,1036,244,792,412,0.7645,0.5182,0.535,0.6777,126,118,
iforest,per-instance-standardised,well,4,all,1048,627,421,421,0.4017,0.6627,0.6981,0.7333,388,239,
iforest,per-instance-standardised,well,4,no_folder9,953,574,379,379,0.3977,0.639,0.6843,0.7307,362,212,
iforest,per-instance-standardised,well,4,no_transients,644,252,392,392,0.6087,0.7568,0.14,0.1538,13,239,
iforest,per-instance-standardised,well,4,no_folder9_no_transients,576,221,355,355,0.6163,0.7338,0.134,0.1167,9,212,
iforest,per-instance-standardised,well,4,no_positive_baseline,1036,624,412,412,0.3977,0.6629,0.697,0.7322,385,239,
